# Blender 4.5.2 LTS
# www.blender.org
o Cube
v 0.048239 0.259235 -0.261688
v 0.060540 0.148194 -0.043214
v 0.006330 0.234370 -0.136696
v 0.011385 0.151970 -0.054776
v 0.080136 0.260937 -0.161875
v -0.048361 0.246578 -0.054401
v -0.071696 0.148787 -0.119535
v -0.097766 0.241444 -0.059204
v -0.109181 0.168652 -0.017069
v 0.070174 0.224805 -0.300177
v 0.033225 0.229281 -0.257680
v 0.085862 0.249672 -0.303569
v -0.024097 0.220118 -0.104940
v -0.103700 0.222358 -0.091475
v -0.031008 0.148358 -0.001638
v 0.074834 0.266490 0.012089
v -0.077727 0.250876 -0.013483
v 0.059405 0.130582 0.002634
v 0.128742 0.167738 0.026052
v -0.058863 0.158278 0.000658
v -0.078391 0.170797 0.016498
v 0.162677 0.214715 0.100624
v 0.150217 0.228233 0.038534
v 0.094914 0.258529 -0.194200
v 0.082206 0.248929 -0.272870
v -0.047934 0.239821 -0.028260
v 0.059811 0.133472 -0.006941
v 0.131960 0.155305 -0.051625
v -0.058610 0.254118 -0.030768
v -0.037644 0.171883 -0.028719
v 0.060949 0.246622 -0.053668
v 0.122420 0.285258 -0.046120
v -0.064326 0.148955 -0.012307
v -0.085515 0.159981 0.013032
v 0.160839 0.219152 0.080031
v 0.084339 0.115265 -0.014769
v 0.079472 0.118622 -0.077257
v 0.089050 0.132942 -0.114261
v 0.115546 0.148504 -0.168528
v 0.103869 0.148632 -0.154201
v 0.097825 0.115236 0.006047
v 0.112954 0.113996 -0.030001
v 0.120050 0.136362 -0.125663
v 0.090685 0.015300 -0.023964
v 0.125683 0.144235 -0.081505
v 0.103037 0.133988 0.037236
v 0.076680 0.155611 -0.094915
v 0.094423 0.194143 -0.242007
v 0.116336 0.194603 -0.317414
v 0.131022 0.186217 -0.287692
v 0.079179 0.131309 0.001555
v 0.133543 0.179337 -0.196284
v -0.013795 0.157520 -0.077192
v -0.107620 0.160912 -0.092730
v -0.119649 0.212210 0.027034
v -0.122038 0.214627 -0.016637
v 0.073345 0.252634 -0.295367
v -0.012750 0.242855 -0.076020
v -0.057310 0.244210 -0.083103
v -0.023768 0.141133 -0.058643
v 0.007002 0.202285 -0.000958
v 0.068801 0.191863 -0.176172
v 0.028327 0.165801 -0.109360
v 0.146183 0.183683 0.040434
v 0.110814 0.206497 -0.165769
v 0.109387 0.217567 -0.334429
v 0.104526 0.215650 -0.335650
v 0.094232 0.157206 0.014903
v 0.092395 0.160709 0.016356
v 0.081208 0.136678 0.033868
v 0.068502 0.151381 -0.003069
v -0.090539 0.174880 -0.089875
v -0.084028 0.070905 -0.046047
v -0.082670 0.013204 -0.062622
v -0.108795 0.083341 -0.044157
v -0.086721 0.070397 -0.059637
v -0.093306 0.072872 -0.068573
v -0.100811 0.078099 -0.062256
v -0.090268 0.072133 -0.035183
v -0.101395 0.078006 -0.027816
v -0.110117 0.082158 -0.029327
v 0.088254 0.038848 -0.047839
v -0.079822 0.009831 -0.060418
v -0.084512 0.000665 -0.061834
v -0.084384 0.003340 -0.067284
v -0.076997 0.002157 -0.061168
v -0.080104 0.013043 -0.062292
v -0.077998 0.009269 -0.072851
v -0.082937 0.000608 -0.055969
v -0.081091 0.003364 -0.058622
v 0.084691 0.038303 -0.062938
v 0.086314 0.038614 -0.080319
v 0.102578 0.043338 -0.096540
v 0.094040 0.040947 -0.094304
v 0.096624 0.041122 -0.050212
v 0.104029 0.043571 -0.067943
v 0.106017 0.044107 -0.085372
v 0.090385 0.016148 -0.047362
v 0.092583 0.014541 -0.065899
v 0.111216 0.016107 -0.081344
v 0.101273 0.015848 -0.084648
v 0.102091 0.014886 -0.024335
v 0.111559 0.015475 -0.044126
v 0.113429 0.015976 -0.066452
v 0.173493 0.230757 0.069695
v 0.147696 0.234264 -0.100325
v 0.125380 0.266980 -0.149976
v 0.114468 0.248985 -0.243430
v 0.125432 0.280933 -0.082813
v 0.171994 0.233399 0.032869
v -0.136843 0.207903 0.007876
v -0.158137 0.179688 0.000160
v -0.161276 0.184284 -0.036199
v -0.172893 0.196728 -0.043799
v -0.172904 0.200430 -0.031520
v -0.168163 0.189744 -0.044468
v -0.306575 0.108128 -0.004398
v -0.141074 0.216294 -0.004217
v -0.135331 0.231523 0.003072
v -0.136463 0.234464 0.020557
v -0.135629 0.202963 0.041954
v -0.237407 0.122471 0.018113
v -0.239305 0.125946 0.005740
v -0.245755 0.140839 0.017325
v -0.238356 0.146619 0.047017
v -0.241798 0.133239 0.007127
v -0.198750 0.151153 -0.028771
v -0.304634 0.109404 -0.011634
v -0.306647 0.124776 -0.004657
v -0.308585 0.127483 0.000721
v -0.309545 0.115986 -0.011768
v -0.317578 0.116374 -0.004357
v -0.202025 0.158459 -0.035788
v -0.206832 0.163935 -0.035021
v -0.210811 0.165644 -0.025728
v -0.190668 0.148635 0.006531
v -0.275350 0.114673 0.007404
v -0.278118 0.121236 0.009769
v -0.279031 0.131086 0.019555
v -0.280566 0.133316 0.038259
v -0.274551 0.111242 0.020409
v -0.116011 0.196314 -0.013604
v 0.099245 0.231832 -0.325491
v -0.102816 0.200029 -0.015968
v -0.023978 0.181063 -0.146850
v 0.155486 0.189570 0.192608
v -0.105792 0.188634 -0.085896
v 0.049891 0.213752 -0.256454
v 0.068726 0.208733 -0.299117
v 0.036960 0.208849 -0.265027
v 0.155741 0.195097 0.144238
v 0.152697 0.205357 -0.014781
v -0.098338 0.008907 -0.068569
v -0.097783 0.002809 -0.068188
v -0.091030 0.012194 -0.064636
v -0.090386 0.005879 -0.065595
v -0.090186 0.002321 -0.060473
v -0.087526 0.012390 -0.056216
v -0.089507 0.015822 -0.060212
v -0.087223 0.005469 -0.056316
v -0.089256 0.002298 -0.051038
v -0.087362 0.012379 -0.052657
v -0.088553 0.015742 -0.050805
v -0.088118 0.005689 -0.052563
v -0.094444 0.002805 -0.039484
v -0.096351 0.011812 -0.033391
v -0.092171 0.015107 -0.039393
v -0.097557 0.006407 -0.033951
v -0.087497 0.012157 -0.052556
v -0.087537 0.005759 -0.053887
v -0.087651 0.012388 -0.055938
v -0.087095 0.005467 -0.056738
v -0.091736 0.005772 -0.064767
v -0.079851 0.009823 -0.060196
v -0.079887 0.003136 -0.065791
v -0.074517 0.008421 -0.066271
v -0.083663 0.009577 -0.068041
v -0.081129 0.003371 -0.059142
v -0.077580 0.008579 -0.063678
v -0.079043 0.008670 -0.072329
v -0.088362 0.002649 -0.037635
v -0.076053 0.006945 -0.070564
v -0.087557 0.003203 -0.067227
v -0.084625 0.007230 -0.074049
v -0.109813 0.012621 -0.045811
v -0.093812 0.001819 -0.059320
v -0.092793 0.001813 -0.049235
v -0.097633 0.002704 -0.040813
v -0.105318 0.007837 -0.039171
v -0.110628 0.013105 -0.050784
v -0.088511 0.014965 -0.053859
v -0.101573 0.004606 -0.038793
v -0.094335 0.002163 -0.044531
v -0.096226 0.002170 -0.063285
v -0.092514 0.001769 -0.054417
v -0.094804 0.014058 -0.035205
v -0.091979 0.038066 -0.053172
v -0.110727 0.037084 -0.033780
v -0.100832 0.035640 -0.066205
v -0.101051 0.037199 -0.035342
v -0.114510 0.036922 -0.043132
v -0.091225 0.037858 -0.041043
v -0.105804 0.035779 -0.066431
v -0.109708 0.036656 -0.057196
v 0.031596 0.139954 -0.026369
v -0.105236 0.005714 -0.041946
v -0.098130 0.001347 -0.043194
v -0.094951 0.000783 -0.048754
v 0.107488 -0.000441 -0.034975
v 0.093540 0.007667 -0.032347
v 0.093683 0.007287 -0.046144
v 0.094343 0.006869 -0.020525
v 0.099403 0.000792 -0.028793
v 0.105625 0.000223 -0.046274
v 0.098681 0.001792 -0.045728
v 0.106899 0.000027 -0.025583
v 0.100211 0.001548 -0.019667
v 0.117441 0.009099 -0.078461
v 0.121071 0.009079 -0.074702
v 0.117016 0.000442 -0.066071
v 0.113999 0.000460 -0.070485
v 0.128074 0.006482 -0.036577
v 0.121798 0.008616 -0.029980
v 0.117596 0.000245 -0.027987
v 0.119960 0.000393 -0.032118
v 0.124405 0.010766 -0.067788
v 0.126381 0.010960 -0.059756
v 0.124061 0.000651 -0.055644
v 0.122500 0.000569 -0.062004
v 0.126894 0.010739 -0.051976
v 0.127792 0.009777 -0.043504
v 0.126167 0.000282 -0.042158
v 0.127288 0.000067 -0.047294
v 0.114616 0.012195 -0.076183
v 0.109503 0.012032 -0.081357
v 0.111461 0.001601 -0.057737
v 0.106663 0.001719 -0.064232
v 0.118809 0.013082 -0.061612
v 0.117872 0.013039 -0.073479
v 0.117685 0.001471 -0.047871
v 0.117137 0.001309 -0.058944
v 0.117781 0.012524 -0.042522
v 0.118734 0.012946 -0.054917
v 0.117244 0.000891 -0.034379
v 0.118080 0.000564 -0.041613
v 0.112111 0.011467 -0.025490
v 0.115970 0.011711 -0.035164
v 0.110082 0.001438 -0.022532
v 0.113977 0.001384 -0.028647
v 0.102321 0.009507 -0.018564
v 0.100108 0.010182 -0.073977
v 0.113629 0.008801 -0.033461
v 0.112822 0.009328 -0.066252
v 0.115535 0.008674 -0.049692
v 0.121898 0.004201 -0.070564
v 0.117615 0.003969 -0.076264
v 0.121356 0.003777 -0.029124
v 0.127085 0.002999 -0.036804
v 0.128484 0.004786 -0.056879
v 0.125185 0.004993 -0.065791
v 0.129646 0.003391 -0.043039
v 0.130607 0.004186 -0.052244
v 0.106984 0.006622 -0.073804
v 0.116293 0.006725 -0.063810
v 0.119828 0.006616 -0.070925
v 0.120661 0.006825 -0.049326
v 0.120414 0.006913 -0.050934
v 0.119316 0.005647 -0.034291
v 0.118733 0.005404 -0.034492
v 0.110600 0.006237 -0.021617
v 0.108948 0.002813 -0.053344
v 0.112855 0.002200 -0.040449
v 0.099281 0.005543 -0.060406
v 0.110385 0.002318 -0.026927
v 0.101485 0.005107 -0.018043
v 0.139361 0.280912 -0.096321
v 0.179775 0.236942 0.058364
v 0.063591 0.156686 -0.077383
v 0.018328 0.159479 -0.071443
v -0.024602 0.245382 -0.015105
v 0.037369 0.250244 -0.243901
v 0.060012 0.139573 -0.020130
v 0.129891 0.148025 -0.064025
v 0.098657 0.123938 0.020987
v 0.059910 0.255728 -0.178846
v 0.093732 0.238208 -0.316617
v -0.014370 0.202764 -0.140837
v -0.056709 0.252674 -0.047858
v -0.004663 0.238110 -0.106050
v -0.093780 0.245703 -0.044729
v -0.072809 0.244112 -0.079243
v 0.058509 0.247658 -0.287067
v 0.025910 0.239246 -0.212234
v 0.061593 0.263699 -0.274717
v -0.040662 0.240859 -0.045760
v -0.105356 0.237491 -0.082815
v -0.028244 0.223643 -0.142756
v 0.081507 0.240445 -0.305693
v 0.110158 0.178162 -0.281937
v 0.044724 0.230522 -0.283931
v 0.019463 0.225662 -0.150008
v -0.033148 0.175620 -0.013716
v 0.056898 0.256844 -0.025187
v -0.061045 0.154529 -0.005628
v -0.082141 0.167048 0.014643
v -0.084514 0.170849 -0.025784
v -0.069887 0.164834 0.011245
v -0.153878 0.204202 -0.014757
v -0.046198 0.153222 -0.001283
v 0.117341 0.159954 0.044538
v -0.012197 0.204000 -0.000804
v 0.062184 0.256196 -0.277173
v 0.158668 0.202718 0.146078
v 0.091666 0.260739 -0.159017
v 0.099105 0.247343 -0.262503
v 0.126857 0.231886 -0.130998
v 0.086407 0.257748 -0.237232
v 0.162591 0.216301 0.091517
v 0.059410 0.131224 -0.001220
v 0.130248 0.163854 -0.013704
v 0.054396 0.240709 -0.079168
v -0.097425 0.164703 0.015872
v 0.157135 0.223073 0.065073
v 0.039666 0.240866 -0.036586
v -0.053108 0.144454 -0.019806
v -0.074923 0.153930 0.000148
v -0.127909 0.212706 -0.004836
v -0.052596 0.253130 -0.029633
v 0.121109 0.155361 0.022459
v 0.080197 0.115146 -0.044508
v 0.090567 0.114454 0.000681
v 0.082949 0.125763 -0.100013
v 0.096348 0.141663 -0.130140
v 0.110423 0.149963 -0.169219
v 0.118871 0.144562 -0.152497
v 0.118141 0.120538 -0.086378
v 0.105969 0.116640 -0.000631
v 0.122794 0.171721 -0.266958
v 0.069982 0.143065 -0.026322
v 0.127110 0.166253 -0.215009
v 0.104479 0.060750 -0.075368
v 0.105405 0.061100 -0.037319
v 0.119035 0.133409 -0.085852
v 0.076772 0.137216 -0.083504
v 0.091004 0.169890 -0.158194
v 0.112590 0.206306 -0.325850
v 0.120611 0.199374 -0.245128
v 0.081081 0.124048 -0.001871
v 0.133268 0.176047 -0.107388
v 0.131678 0.166745 -0.127663
v 0.090682 0.130102 0.035301
v 0.133533 0.183393 -0.259755
v 0.074604 0.140730 -0.052571
v 0.125489 0.190044 -0.305774
v 0.104842 0.197402 -0.305827
v 0.085076 0.180508 -0.148707
v 0.114898 0.137270 -0.006466
v -0.113548 0.038011 -0.048797
v -0.082065 0.087003 -0.034361
v -0.088520 0.038706 -0.043982
v -0.107344 0.103387 -0.040670
v -0.002525 0.148916 -0.056630
v 0.138102 0.175520 0.024158
v -0.108979 0.175103 -0.092154
v -0.048488 0.147752 -0.097354
v -0.111803 0.165142 -0.058761
v -0.093760 0.154634 -0.111997
v -0.120083 0.212076 0.009746
v -0.116797 0.207433 -0.010538
v -0.101429 0.203920 -0.082435
v 0.061336 0.247437 -0.289804
v 0.091378 0.232557 -0.317950
v -0.027180 0.247566 -0.029855
v -0.074181 0.228986 -0.157805
v -0.049888 0.250760 -0.021490
v -0.045395 0.245896 -0.058555
v 0.011332 0.238018 -0.125772
v -0.019083 0.149098 -0.070596
v -0.030049 0.170781 -0.046997
v 0.007904 0.178102 -0.041266
v 0.068653 0.205584 -0.303985
v 0.035786 0.195362 -0.217206
v 0.048685 0.183778 -0.171413
v 0.021576 0.162792 -0.088386
v 0.153134 0.191245 0.016838
v 0.093430 0.207841 -0.309946
v 0.106710 0.212170 -0.273358
v 0.135890 0.168394 -0.080746
v 0.146560 0.178002 -0.020113
v 0.112256 0.216869 -0.336670
v 0.081194 0.152512 -0.000012
v 0.082093 0.145316 0.017913
v 0.093089 0.159629 0.016520
v 0.105852 0.143136 0.050025
v 0.071006 0.132592 0.011834
v 0.057443 0.149316 -0.007390
v 0.085503 0.211646 -0.315868
v 0.075477 0.171153 -0.106601
v 0.068955 0.152901 -0.008215
v 0.080646 0.133490 0.022419
v -0.100918 0.172045 -0.088900
v -0.108718 0.236959 -0.034707
v -0.084466 0.071116 -0.054697
v -0.104158 0.081309 -0.056276
v -0.097009 0.075246 -0.067157
v -0.089656 0.071252 -0.064849
v -0.086343 0.070452 -0.040588
v -0.110272 0.082661 -0.036530
v -0.095509 0.074974 -0.030745
v -0.106852 0.080607 -0.026723
v -0.088848 0.089219 -0.068642
v -0.113464 0.036641 -0.037700
v -0.095094 0.096294 -0.023485
v -0.079607 0.085362 -0.058971
v 0.031255 0.161863 -0.006124
v -0.095965 0.000786 -0.058835
v -0.107895 0.008894 -0.046483
v -0.108829 0.008900 -0.056030
v -0.105686 0.005373 -0.051746
v 0.031461 0.165623 -0.016663
v -0.100784 0.013145 -0.033664
v -0.084981 0.004271 -0.073713
v -0.086002 0.005970 -0.067241
v 0.031316 0.159413 0.004902
v -0.077188 0.004028 -0.065558
v -0.086893 0.005172 -0.040349
v 0.085772 0.038378 -0.053839
v 0.092191 0.039756 -0.046860
v 0.084751 0.038301 -0.071988
v 0.089571 0.039613 -0.088033
v 0.098753 0.042311 -0.097551
v 0.104977 0.043904 -0.092110
v 0.105715 0.044027 -0.077188
v 0.100868 0.042588 -0.058111
v 0.086525 0.057134 -0.074955
v 0.097420 0.059076 -0.036251
v 0.089349 0.015932 -0.028823
v 0.092789 0.016276 -0.023246
v 0.090869 0.015924 -0.057767
v 0.095689 0.016186 -0.079327
v 0.106817 0.016785 -0.086340
v 0.112691 0.017274 -0.077815
v 0.112831 0.016951 -0.058780
v 0.107408 0.016017 -0.033996
v 0.167651 0.223565 0.081721
v 0.158551 0.230987 -0.038507
v 0.103946 0.259641 -0.208418
v 0.118903 0.273223 -0.086439
v 0.166059 0.226875 0.061165
v 0.173588 0.231657 0.057117
v 0.124167 0.273507 -0.110489
v 0.123222 0.242223 -0.227752
v 0.119666 0.259806 -0.188686
v 0.167916 0.232540 -0.042989
v -0.148270 0.198035 -0.007607
v -0.122483 0.223557 -0.024102
v -0.314799 0.110955 -0.004894
v -0.218545 0.137499 -0.010943
v -0.158938 0.182961 -0.028430
v -0.171110 0.193371 -0.045303
v -0.173310 0.199270 -0.039609
v -0.221652 0.144784 -0.012633
v -0.164672 0.186517 -0.041450
v -0.130319 0.223758 -0.017357
v -0.158296 0.211788 -0.010833
v -0.146123 0.192864 0.033928
v -0.160036 0.214730 0.006424
v -0.126507 0.209103 0.037044
v -0.133597 0.227605 -0.001838
v -0.135704 0.202829 0.037171
v -0.138803 0.211486 -0.000168
v -0.136279 0.233910 0.011110
v -0.178819 0.167409 -0.047463
v -0.292316 0.111518 -0.005962
v -0.238681 0.123697 0.009393
v -0.243721 0.137251 0.011543
v -0.247365 0.143364 0.023606
v -0.295363 0.118165 -0.004933
v -0.240284 0.129278 0.005142
v -0.188825 0.179685 -0.055787
v -0.191343 0.181253 -0.047932
v -0.211250 0.134848 0.014469
v -0.315701 0.122282 -0.003426
v -0.306397 0.108359 -0.009473
v -0.309153 0.120957 -0.008879
v -0.308515 0.126251 -0.002831
v -0.315938 0.115911 -0.009953
v -0.308045 0.111556 -0.012725
v -0.263814 0.135182 0.027590
v -0.257364 0.135779 0.072969
v -0.290882 0.109806 0.002552
v -0.183874 0.173963 -0.054653
v -0.226075 0.151150 -0.006420
v -0.229057 0.154011 0.004892
v -0.173152 0.162871 -0.003146
v -0.196925 0.148573 -0.020432
v -0.209150 0.165217 -0.031518
v -0.204266 0.161611 -0.036396
v -0.200177 0.154801 -0.033076
v -0.258683 0.119128 0.014334
v -0.261003 0.125699 0.017315
v -0.295060 0.127599 0.003380
v -0.294194 0.132656 0.011801
v -0.256764 0.114014 0.031566
v -0.274203 0.113322 0.010389
v -0.279453 0.134402 0.025685
v -0.278811 0.126246 0.014132
v -0.276887 0.117172 0.007399
v 0.153037 0.187207 0.108494
v -0.113543 0.209313 0.025648
v -0.110959 0.198621 -0.006134
v -0.043964 0.157057 -0.151733
v 0.106619 0.223977 -0.333338
v -0.116485 0.219646 -0.043483
v 0.019257 0.171432 -0.104801
v 0.063491 0.219654 -0.296322
v 0.026962 0.215326 -0.248717
v 0.157616 0.208323 0.107799
v 0.150818 0.216768 0.020710
v 0.075671 0.244073 -0.295601
v 0.095748 0.237710 -0.320546
v 0.057562 0.216767 -0.292728
v 0.041243 0.222837 -0.279496
v 0.155851 0.191105 0.178197
v -0.087099 0.187234 -0.103950
v -0.038509 0.178734 -0.167204
v 0.118098 0.222223 -0.191371
v 0.156824 0.204093 0.058518
v 0.087578 0.223719 -0.317252
v 0.009906 0.185017 -0.130819
v -0.115019 0.182389 -0.030105
v -0.114568 0.192270 -0.051891
v 0.045794 0.149386 -0.049460
v 0.042983 0.198596 -0.007144
v 0.044513 0.168030 -0.026736
v -0.079387 0.005743 -0.070978
v -0.077677 0.005071 -0.063502
v -0.079652 0.006416 -0.060783
v -0.083645 0.006282 -0.068249
v -0.074919 0.004944 -0.064380
v -0.077948 0.005994 -0.072716
v -0.079948 0.006425 -0.060072
v -0.007467 0.170420 -0.003275
v -0.090705 0.009004 -0.064451
v -0.089935 0.009207 -0.065950
v -0.086598 0.008845 -0.057103
v -0.086873 0.008854 -0.056948
v -0.086727 0.009047 -0.055785
v -0.086784 0.008907 -0.055987
v -0.097105 0.009031 -0.033145
v -0.093342 0.004190 -0.034057
v -0.083894 0.010339 -0.061563
v -0.083866 0.004391 -0.060683
v -0.084157 0.011024 -0.058161
v -0.084279 0.004390 -0.058371
v -0.004093 0.141061 -0.029122
v -0.089892 0.004422 -0.065636
v 0.050157 0.160473 -0.007233
v -0.076402 0.008900 -0.061507
v -0.077306 0.002367 -0.065211
v -0.079941 0.008668 -0.067223
v -0.079160 0.002628 -0.059718
v -0.075795 0.007496 -0.076154
v -0.083442 0.001854 -0.046628
v 0.050087 0.157860 0.004227
v -0.086080 0.002360 -0.069653
v -0.088717 0.014987 -0.056892
v -0.089355 0.006367 -0.049997
v -0.105600 0.010564 -0.036896
v -0.089061 0.013169 -0.048647
v -0.088651 0.013373 -0.043791
v -0.092054 0.009931 -0.034450
v -0.091579 0.001422 -0.039978
v -0.085384 0.004306 -0.057294
v -0.091113 0.003374 -0.045172
v -0.096896 0.004093 -0.035988
v -0.080719 0.010842 -0.065969
v -0.089586 0.014516 -0.045829
v -0.085032 0.014424 -0.055386
v -0.083251 0.010772 -0.062497
v -0.086330 0.001324 -0.053399
v -0.084430 0.004393 -0.057727
v -0.088400 0.003042 -0.054142
v -0.089085 0.003287 -0.050179
v -0.080328 0.012371 -0.059983
v 0.013655 0.141745 -0.028442
v -0.086615 0.014555 -0.061417
v -0.083932 0.011023 -0.058803
v -0.087531 0.001364 -0.061107
v -0.087638 0.004566 -0.066531
v -0.090962 0.003344 -0.063921
v -0.088631 0.003050 -0.057248
v -0.083694 0.012203 -0.066224
v 0.012902 0.165560 -0.004799
v -0.089010 0.010475 -0.065891
v -0.024467 0.136208 -0.031156
v -0.007979 0.170555 -0.016237
v -0.006699 0.170726 0.009430
v -0.094224 0.003405 -0.065846
v -0.028214 0.145872 -0.003293
v -0.088902 0.013114 -0.055264
v -0.082484 0.001327 -0.056671
v -0.082148 0.001249 -0.058625
v -0.079307 0.011948 -0.067291
v -0.078341 0.002590 -0.058979
v -0.079796 0.000694 -0.058190
v -0.074686 0.008395 -0.073293
v -0.076210 0.011320 -0.065667
v -0.085075 0.001363 -0.065147
v -0.083114 0.001354 -0.058979
v -0.081273 0.012438 -0.059708
v -0.081267 0.002536 -0.066373
v -0.081691 0.000765 -0.062491
v -0.077418 0.008960 -0.060476
v -0.079244 0.011491 -0.063395
v -0.085556 0.001209 -0.050887
v -0.089153 0.001031 -0.037834
v 0.012811 0.168959 -0.016494
v -0.085033 0.010537 -0.047245
v -0.079897 0.002177 -0.062490
v -0.084233 0.000494 -0.048106
v -0.079706 0.007020 -0.057991
v -0.077901 0.009521 -0.067645
v 0.013218 0.163418 0.007121
v -0.089972 0.001289 -0.068208
v -0.108192 0.011012 -0.041690
v 0.093791 0.149449 0.042951
v 0.092247 0.152765 0.040768
v -0.089337 0.000579 -0.071825
v -0.084016 0.007788 -0.070567
v -0.086069 0.009779 -0.073682
v -0.088218 0.005940 -0.055840
v -0.092250 0.006444 -0.065198
v 0.069307 0.140365 0.006210
v -0.096555 0.003624 -0.039698
v -0.102075 0.002054 -0.046502
v -0.091025 0.002632 -0.049745
v -0.099409 0.003626 -0.067311
v -0.098484 0.000464 -0.053139
v 0.081512 0.141436 0.021884
v -0.092058 0.002643 -0.060023
v -0.088332 0.014825 -0.049627
v 0.080945 0.144377 0.021232
v -0.076120 0.084416 -0.046861
v -0.106278 0.037098 -0.032926
v -0.108635 0.104076 -0.015984
v -0.097274 0.035698 -0.061315
v -0.107861 0.035747 -0.061903
v -0.099570 0.095885 -0.063611
v -0.096024 0.036967 -0.039199
v -0.104142 0.035620 -0.069228
v -0.106232 0.060174 -0.056563
v -0.100540 0.056328 -0.067277
v -0.090969 0.054611 -0.040896
v -0.112194 0.060089 -0.040827
v -0.100097 0.056515 -0.032910
v -0.095529 0.053973 -0.066389
v -0.109684 0.058963 -0.031527
v -0.089700 0.055174 -0.054309
v 0.092610 0.152099 0.044826
v 0.058315 0.139251 -0.002985
v -0.101488 0.009103 -0.034141
v -0.096154 0.019728 -0.038025
v -0.090510 0.020432 -0.047252
v -0.091675 0.020388 -0.057651
v 0.069775 0.140719 0.004787
v 0.081006 0.143563 0.024652
v 0.095607 0.152147 0.037340
v -0.106760 0.019142 -0.035309
v -0.112362 0.019206 -0.044696
v -0.100874 0.006266 -0.036477
v -0.092056 0.003549 -0.045255
v 0.083157 0.144947 0.018325
v -0.090011 0.003105 -0.055114
v -0.094260 0.003572 -0.064669
v 0.101120 0.007958 -0.017847
v 0.093073 0.010013 -0.053174
v 0.098883 0.008544 -0.068660
v 0.095221 0.009825 -0.063257
v 0.114587 0.013832 -0.044483
v 0.110898 0.001787 -0.046143
v 0.098945 0.000786 -0.037176
v 0.103701 -0.000786 -0.031756
v 0.103771 0.002858 -0.055811
v 0.111551 0.001221 -0.032206
v 0.099776 0.000642 -0.022680
v 0.105869 0.002538 -0.021205
v 0.112973 0.012724 -0.073727
v 0.111529 0.005811 -0.059207
v 0.115007 0.005127 -0.044430
v 0.119629 0.009317 -0.076757
v 0.122057 0.007091 -0.072267
v 0.115406 0.000213 -0.067828
v 0.115984 0.001588 -0.074036
v 0.118874 0.010266 -0.075688
v 0.093609 0.009300 -0.021443
v 0.114660 0.000689 -0.062129
v 0.110655 0.000706 -0.067825
v 0.124966 0.008019 -0.033452
v 0.122217 0.006573 -0.029545
v 0.118890 0.000062 -0.030204
v 0.123464 0.001284 -0.034337
v 0.117210 0.010013 -0.027486
v 0.112128 0.014001 -0.078140
v 0.114270 0.000451 -0.025467
v 0.117345 0.000588 -0.030947
v 0.125576 0.011227 -0.063829
v 0.128287 0.008336 -0.058070
v 0.123238 0.000276 -0.058662
v 0.124034 0.002128 -0.064204
v 0.123330 0.011968 -0.059640
v 0.121519 0.000711 -0.052360
v 0.120584 0.000476 -0.062062
v 0.126696 0.010851 -0.047678
v 0.130593 0.005766 -0.043085
v 0.126668 -0.000066 -0.044574
v 0.129100 0.001550 -0.050194
v 0.123043 0.011187 -0.042337
v 0.122832 -0.000048 -0.039087
v 0.123705 -0.000216 -0.045401
v 0.114976 0.012324 -0.057141
v 0.113688 0.010415 -0.079657
v 0.109268 0.002709 -0.055473
v 0.102979 0.003477 -0.061834
v 0.106352 0.003800 -0.068881
v 0.108538 0.000874 -0.060018
v 0.116599 0.009810 -0.070773
v 0.111915 0.012991 -0.080370
v 0.121724 0.011707 -0.070891
v 0.114640 0.002280 -0.044546
v 0.112864 0.002601 -0.054447
v 0.119180 0.003416 -0.066678
v 0.116513 0.000639 -0.051860
v 0.120049 0.010337 -0.054004
v 0.118025 0.014057 -0.069283
v 0.114653 0.014448 -0.075706
v 0.123388 0.011870 -0.053131
v 0.113477 0.001860 -0.030717
v 0.114698 0.002057 -0.039905
v 0.119486 0.003732 -0.046908
v 0.116989 -0.000117 -0.037067
v 0.118862 0.009658 -0.037467
v 0.118008 0.013682 -0.049971
v 0.113090 0.013417 -0.037561
v 0.121644 0.009521 -0.035619
v 0.105996 0.003142 -0.019977
v 0.111458 0.002331 -0.026818
v 0.116826 0.002720 -0.031740
v 0.111515 0.000626 -0.025050
v 0.111140 0.009167 -0.022693
v 0.113783 0.012438 -0.030409
v 0.113454 0.012111 -0.038116
v 0.096573 0.009038 -0.018132
v 0.112756 0.004933 -0.029427
v 0.115567 0.014303 -0.064565
v 0.120258 0.001580 -0.069282
v 0.117947 0.006922 -0.077628
v 0.119329 0.001503 -0.028417
v 0.128800 0.005014 -0.037715
v 0.126612 0.001967 -0.056195
v 0.125243 0.008304 -0.067162
v 0.127849 0.001567 -0.042660
v 0.130470 0.007660 -0.052865
v 0.107889 0.009661 -0.078571
v 0.114544 0.003717 -0.059466
v 0.119132 0.010130 -0.073758
v 0.119459 0.003730 -0.047283
v 0.119885 0.010357 -0.054261
v 0.118880 0.002494 -0.033844
v 0.118363 0.009173 -0.036652
v 0.110027 0.003484 -0.021523
v 0.105907 0.008066 -0.019596
v 0.114846 0.008031 -0.034242
v 0.114858 0.008168 -0.033582
v 0.116647 0.008128 -0.049993
v 0.116740 0.008113 -0.048719
v 0.115063 0.008567 -0.067485
v 0.113479 0.008424 -0.063361
v 0.103000 0.008620 -0.073600
v 0.126585 0.005365 -0.053755
v 0.127106 0.003569 -0.039190
v 0.130871 0.003245 -0.047579
v 0.122729 0.005465 -0.069467
v 0.127306 0.005131 -0.053178
v 0.127474 0.004753 -0.061488
v 0.125774 0.003195 -0.037360
v 0.116090 0.004744 -0.024881
v 0.125221 0.003202 -0.033473
v 0.112193 0.004984 -0.075422
v 0.120862 0.004870 -0.068851
v 0.120601 0.003930 -0.073350
v 0.101751 0.011846 -0.019853
v 0.100150 0.012685 -0.078695
v 0.096016 0.003840 -0.028661
v 0.093464 0.007567 -0.040362
v 0.093729 0.007274 -0.024619
v 0.106716 -0.000236 -0.041502
v 0.102659 0.000360 -0.046436
v 0.107466 -0.000358 -0.029170
v 0.104154 0.000145 -0.022539
v 0.096568 0.004252 -0.018828
v 0.095398 0.004578 -0.045393
v 0.106206 0.013595 -0.082791
v 0.107983 0.012852 -0.024814
v 0.110177 0.000763 -0.037508
v 0.106767 0.001294 -0.049129
v 0.098755 0.003712 -0.053190
v 0.108129 0.001030 -0.025717
v 0.100649 0.003369 -0.018418
v 0.115456 0.014169 -0.058560
v 0.091817 0.011739 -0.038996
v 0.095497 0.058814 -0.084833
v 0.108065 0.061590 -0.052136
v 0.083843 0.056853 -0.057362
v 0.088353 0.057190 -0.042072
v 0.179708 0.237300 0.041340
v 0.136974 0.269122 -0.114104
v 0.095305 0.006900 -0.053910
v 0.096641 0.006388 -0.018020
v 0.104745 0.001557 -0.021264
v 0.109754 0.000634 -0.030997
v 0.102916 0.001836 -0.051807
v 0.109032 0.000880 -0.043776
v 0.092168 0.010961 -0.028922
v 0.092102 0.011476 -0.047910
v 0.096887 0.012101 -0.073136
v 0.120901 0.006853 -0.074678
v 0.118999 0.002134 -0.066305
v 0.112827 0.008006 -0.078195
v 0.126620 0.005510 -0.033998
v 0.114971 0.002155 -0.024759
v 0.127253 0.005336 -0.038384
v 0.127515 0.008272 -0.062442
v 0.124226 0.002538 -0.052040
v 0.122494 0.008811 -0.071273
v 0.131413 0.006464 -0.047900
v 0.124908 0.001559 -0.038705
v 0.125503 0.009001 -0.054855
v 0.104137 0.011429 -0.079290
v 0.112006 0.005126 -0.057644
v 0.115074 0.011981 -0.073392
v 0.116170 0.004726 -0.044999
v 0.116181 0.011643 -0.055806
v 0.114391 0.004166 -0.030594
v 0.114590 0.011208 -0.037479
v 0.105444 0.005477 -0.019151
v 0.110625 0.013888 -0.031495
v 0.106553 0.010734 -0.021161
v 0.108364 0.001844 -0.022719
v 0.113810 0.004116 -0.029965
v 0.115074 0.014836 -0.053258
v 0.114744 0.011437 -0.037974
v 0.113602 0.000792 -0.033933
v 0.116092 0.004720 -0.044952
v 0.115134 0.015243 -0.072354
v 0.116252 0.011650 -0.055680
v 0.113199 0.001560 -0.048313
v 0.114138 0.005167 -0.061010
v 0.109381 0.014560 -0.082535
v 0.113755 0.011675 -0.071413
v 0.105704 0.002125 -0.057503
v 0.102329 0.005900 -0.067547
v 0.124992 0.002427 -0.050145
v 0.122301 -0.000941 -0.041331
v 0.128365 0.005913 -0.040162
v 0.122260 0.012592 -0.048000
v 0.129169 0.001365 -0.046593
v 0.122018 0.002468 -0.066975
v 0.120260 -0.000079 -0.056205
v 0.125713 0.008959 -0.055409
v 0.122043 0.012826 -0.066120
v 0.125991 0.001838 -0.060452
v 0.121835 0.001515 -0.034423
v 0.115185 -0.000116 -0.027794
v 0.116692 0.007705 -0.025561
v 0.118804 0.010754 -0.031397
v 0.122213 0.001257 -0.031919
v 0.111147 0.002390 -0.071884
v 0.111900 0.000133 -0.063715
v 0.120755 0.007883 -0.072074
v 0.115893 0.011229 -0.078380
v 0.118906 0.001415 -0.071974
v 0.096142 0.003545 -0.021842
v 0.103976 -0.000664 -0.025866
v 0.095542 0.003748 -0.036863
v 0.103142 -0.000537 -0.039352
v 0.098240 0.011231 -0.018825
v -0.092739 0.006930 -0.033732
v -0.083411 0.007267 -0.063746
v -0.082623 0.007471 -0.065127
v -0.083728 0.007610 -0.058939
v -0.083257 0.007593 -0.059766
v -0.087211 0.007711 -0.067286
v -0.088649 0.007427 -0.065392
v 0.093875 0.153112 0.037307
v -0.103420 0.057941 -0.061984
v -0.095082 0.055136 -0.036763
v -0.098414 0.054875 -0.070238
v -0.110664 0.061226 -0.046803
v -0.088442 0.055549 -0.045349
v -0.112071 0.059539 -0.035113
v -0.105346 0.057901 -0.030857
v -0.092690 0.053684 -0.060494
v -0.076731 0.005477 -0.060664
v -0.075087 0.005089 -0.071098
v -0.080021 0.005325 -0.067162
v -0.077550 0.005520 -0.060324
v -0.076766 0.004629 -0.072055
v -0.080875 0.004160 -0.053374
v 0.055894 0.148732 0.028336
v -0.084292 0.004890 -0.070115
v -0.087937 0.009469 -0.056030
v -0.091459 0.009872 -0.065186
v -0.088358 0.009777 -0.051773
v 0.070417 0.142046 0.007608
v -0.100394 0.010644 -0.033307
v -0.088686 0.002168 -0.047303
v -0.093199 0.002200 -0.035944
v -0.086039 0.012645 -0.053268
v -0.090815 0.012353 -0.037125
v -0.085660 0.002111 -0.055319
v -0.085715 0.002170 -0.054785
v -0.084988 0.013620 -0.056251
v -0.084451 0.013375 -0.057406
v -0.088096 0.002260 -0.064449
v -0.086067 0.002128 -0.058235
v -0.087391 0.013577 -0.064939
v -0.085465 0.013666 -0.058389
v 0.081373 0.155482 0.006212
v -0.092387 0.002216 -0.066903
v 0.069484 0.152032 0.002673
v 0.054916 0.158570 0.028544
v -0.080092 0.001101 -0.057524
v -0.079620 0.000987 -0.060340
v -0.075945 0.010817 -0.070690
v -0.077156 0.011263 -0.061795
v -0.082635 0.001104 -0.065151
v -0.081046 0.001139 -0.059830
v -0.078602 0.011351 -0.060511
v -0.080639 0.011074 -0.066366
v -0.083078 0.000899 -0.053831
v -0.085640 0.000712 -0.042738
v -0.080144 0.009171 -0.058622
v -0.077061 0.009513 -0.073201
v 0.093683 0.161353 0.018417
v -0.088198 0.001012 -0.069599
v -0.085113 0.009786 -0.071059
v 0.082325 0.154419 0.011735
v -0.101853 0.002859 -0.041816
v -0.095523 0.001165 -0.045129
v 0.095241 0.160423 0.024051
v 0.080767 0.153990 0.003915
v -0.102444 0.002213 -0.052330
v -0.107308 0.008445 -0.043020
v 0.068955 0.152901 -0.008215
v -0.108348 0.009189 -0.051258
v -0.095008 0.000665 -0.053876
v -0.090150 0.018234 -0.053029
v -0.091863 0.017926 -0.044018
v -0.100946 0.018110 -0.034695
v 0.038400 0.255731 -0.020033
v 0.034442 0.245972 -0.094385
v 0.033366 0.211572 -0.273487
v 0.047951 0.196492 -0.276559
v 0.028586 0.218433 -0.196187
v 0.084550 0.230442 -0.310962
v 0.155233 0.213869 0.076136
v 0.128146 0.225605 -0.129365
v -0.030834 0.209399 -0.167016
v -0.114910 0.178726 -0.056861
v 0.153393 0.191541 0.066955
v 0.038534 0.182938 -0.147275
v -0.103234 0.184456 -0.086577
v -0.115260 0.208256 0.013210
v 0.075620 0.247304 -0.299397
v -0.259812 0.121710 0.014679
v -0.262370 0.130605 0.021671
v -0.264778 0.137650 0.036363
v -0.257649 0.117483 0.017204
v -0.181049 0.170477 -0.051943
v -0.186670 0.177151 -0.056635
v -0.190286 0.181280 -0.053311
v -0.177369 0.164643 -0.036573
v -0.291364 0.110268 -0.003202
v -0.294741 0.130826 0.007557
v -0.313529 0.110954 -0.010673
v -0.314548 0.121395 -0.007850
v -0.217623 0.134975 -0.006544
v -0.228042 0.153073 -0.001354
v -0.295600 0.123070 -0.001284
v -0.294036 0.114121 -0.006670
v -0.129459 0.217547 -0.015236
v -0.126180 0.210205 0.024495
v -0.130592 0.230083 -0.011698
v -0.156467 0.208210 -0.014413
v -0.145937 0.194492 0.011063
v -0.223818 0.148299 -0.010421
v -0.219877 0.141021 -0.012763
v -0.150901 0.200625 -0.012466
v 0.163423 0.229069 0.034903
v 0.100310 0.256863 -0.235003
v 0.122935 0.237465 -0.176292
v 0.115776 0.268567 -0.104768
v 0.167643 0.224713 0.074886
v 0.092658 0.057937 -0.038271
v 0.090536 0.057816 -0.081506
v 0.107050 0.061313 -0.063927
v 0.101892 0.060234 -0.035514
v 0.057443 0.149316 -0.007390
v 0.093089 0.159629 0.016520
v -0.032043 0.140122 -0.016236
v -0.113207 0.019664 -0.050130
v -0.109742 0.017074 -0.039496
v -0.076955 0.085273 -0.054920
v -0.103121 0.101190 -0.016921
v -0.083566 0.087126 -0.063727
v -0.087891 0.091371 -0.028873
v -0.092366 0.169603 0.000847
v -0.103460 0.212365 -0.043030
v 0.080767 0.153990 0.003915
v 0.091952 0.137841 0.049889
v 0.119192 0.158737 0.037601
v 0.070992 0.151451 -0.068371
v 0.107177 0.226989 -0.333382
v 0.134302 0.164050 -0.091254
v 0.127722 0.190338 -0.163428
v 0.078864 0.230280 -0.307232
v 0.007093 0.155098 -0.073259
v 0.045059 0.142163 -0.035525
v 0.043187 0.201205 -0.020207
v -0.009755 0.177039 -0.043742
v 0.158766 0.204614 0.131643
v 0.020933 0.240038 -0.175676
v -0.041089 0.240814 -0.095211
v 0.116967 0.203655 -0.303010
v -0.068475 0.243436 -0.071349
v -0.076942 0.166506 -0.135855
v -0.108612 0.103449 -0.029057
v -0.078098 0.084261 -0.040672
v -0.094598 0.092128 -0.068875
v -0.103304 0.100235 -0.056142
v 0.119259 0.147447 0.009789
v 0.085126 0.198157 -0.215926
v 0.106089 0.208055 -0.332413
v 0.070844 0.135333 -0.000423
v 0.148785 0.188061 -0.048274
v 0.089292 0.218857 -0.326001
v 0.107508 0.061518 -0.042904
v 0.100451 0.059866 -0.083036
v 0.084231 0.056867 -0.066583
v 0.085259 0.056895 -0.048653
v 0.124867 0.157425 -0.143952
v 0.089049 0.122089 0.017878
v 0.126142 0.168535 -0.249268
v 0.076125 0.129622 -0.041385
v 0.117524 0.174907 -0.278779
v 0.070962 0.131892 0.014042
v -0.159349 0.214178 -0.004053
v -0.022009 0.167159 -0.107283
v 0.100708 0.179009 -0.245559
v 0.082902 0.153953 -0.114203
v 0.072527 0.259291 -0.212650
v 0.108992 0.126508 -0.009608
v -0.013061 0.204525 -0.013893
v 0.071586 0.260835 -0.033656
v -0.048424 0.149673 -0.010712
v -0.072282 0.160839 0.006089
v -0.012331 0.240337 -0.068354
v 0.047588 0.156239 -0.074157
v -0.115239 0.230159 -0.041386
v -0.055382 0.240327 -0.107326
v -0.048738 0.250835 -0.043049
v -0.076308 0.247784 -0.055673
v 0.064944 0.258007 -0.287166
v 0.041920 0.233220 -0.274756
v 0.219338 0.314276 -0.112771
v 0.154341 0.295645 -0.077562
v 0.169457 0.244341 -0.084609
v 0.153860 0.255317 -0.106110
v 0.185512 0.242114 0.051890
v 0.218575 0.317807 0.062836
v 0.237782 0.274857 0.060383
v 0.184707 0.242314 0.020709
v 0.159746 0.314362 -0.031770
v 0.230792 0.306371 0.026548
v 0.224750 0.299888 -0.113264
v 0.235346 0.287580 0.018342
v 0.203670 0.328180 0.075223
v 0.207533 0.331855 0.092177
v 0.217961 0.324817 0.126109
v 0.206891 0.263649 -0.008756
v 0.165293 0.265284 -0.099267
v 0.210039 0.265788 -0.034675
v 0.191909 0.324606 0.024034
v 0.190993 0.332348 0.057004
v 0.226088 0.292587 -0.112782
v 0.227046 0.291721 -0.101712
v 0.175330 0.252490 -0.084923
v 0.190167 0.247267 0.044186
v 0.188375 0.247877 0.006942
v 0.216362 0.351349 0.030446
v 0.214174 0.354779 0.022338
v 0.198495 0.333864 0.043488
v 0.206441 0.338799 0.075584
v 0.206204 0.330982 0.055393
v 0.201140 0.322578 0.018329
v 0.217022 0.326874 0.119186
v 0.219052 0.356688 0.008751
v 0.204756 0.333898 0.064433
v 0.203489 0.331176 0.040072
v 0.205865 0.322512 0.035643
v 0.214075 0.324065 0.127772
v 0.219158 0.354632 0.015936
v 0.198649 0.338012 0.062242
v 0.205404 0.336254 0.073878
v 0.203766 0.333045 0.087630
v 0.201879 0.331994 0.086084
v 0.215045 0.336686 0.084155
v 0.209332 0.337834 0.078060
v 0.215552 0.354494 0.008377
v 0.219078 0.354874 0.024189
v 0.214899 0.350659 0.028302
v 0.217020 0.350913 0.035673
v 0.219228 0.353201 0.027100
v 0.216572 0.352853 0.016812
v 0.212371 0.353165 0.017619
v 0.215260 0.353746 0.032787
v 0.204285 0.329158 0.091831
v 0.214368 0.315634 0.007854
v 0.207022 0.327774 0.049044
v 0.207829 0.314265 -0.098898
v 0.215044 0.337763 0.082221
v 0.208299 0.321604 0.094928
v 0.198485 0.314175 -0.073868
v 0.214715 0.327766 0.085832
v 0.203631 0.307925 -0.137713
v 0.228044 0.309815 0.015435
v 0.210998 0.327700 0.077217
v 0.214836 0.310459 -0.144537
v 0.193066 0.259593 -0.029279
v 0.216613 0.263759 -0.018096
v 0.196703 0.257311 0.017032
v 0.222782 0.260428 0.019476
v 0.225687 0.258958 0.051098
v 0.198594 0.256463 0.050445
v 0.206217 0.278008 -0.117021
v 0.185164 0.280597 -0.107107
v 0.187611 0.313729 -0.061733
v 0.176659 0.319231 -0.028859
v 0.176243 0.325138 0.008608
v 0.239278 0.280414 0.033207
v 0.234710 0.285048 -0.005431
v 0.188862 0.264895 -0.075466
v 0.207997 0.270565 -0.074561
v 0.194364 0.307827 -0.116380
v 0.169171 0.257624 -0.096471
v 0.160447 0.248382 -0.099116
v 0.182916 0.304397 -0.097351
v 0.168210 0.295620 -0.089116
v 0.133864 0.254956 -0.150643
v 0.151715 0.282242 -0.091435
v 0.137262 0.247068 -0.161289
v 0.231988 0.264880 0.002135
v 0.235556 0.263202 0.040479
v 0.234784 0.262789 0.021843
v 0.223572 0.272733 -0.059827
v 0.228138 0.268560 -0.026621
v 0.211416 0.303276 -0.147452
v 0.187728 0.332198 0.059006
v 0.233397 0.293106 0.018598
v 0.213552 0.327334 0.085597
v 0.172136 0.307879 -0.076035
v 0.157852 0.307279 -0.057902
v 0.139974 0.291652 -0.074839
v 0.223011 0.308271 -0.138541
v 0.220478 0.305860 -0.151192
v 0.218968 0.302317 -0.152958
v 0.220127 0.299781 -0.155989
v 0.176746 0.236675 -0.026912
v 0.149162 0.240583 -0.117950
v 0.205689 0.274607 -0.098374
v 0.185849 0.272163 -0.095693
v 0.178650 0.242544 -0.044002
v 0.182372 0.249164 -0.046576
v 0.164454 0.236167 -0.079278
v 0.232367 0.299504 0.028832
v 0.227217 0.306091 -0.065683
v 0.215359 0.297705 -0.152554
v 0.199577 0.284392 -0.131768
v 0.208540 0.259065 0.062694
v 0.192030 0.253184 0.008753
v 0.194444 0.252640 0.041126
v 0.205215 0.282999 -0.135112
v 0.205609 0.270807 -0.073515
v 0.175890 0.274437 -0.099873
v 0.203509 0.276673 -0.105601
v 0.177801 0.266096 -0.095341
v 0.182010 0.259668 -0.081083
v 0.187313 0.255097 -0.040737
v 0.201616 0.269890 -0.068785
v 0.208107 0.260610 0.031345
v 0.199050 0.277136 -0.103800
v 0.174773 0.326619 0.020856
v 0.188396 0.331988 0.059319
v 0.229574 0.271910 -0.038740
v 0.186933 0.289901 -0.117135
v 0.225111 0.276193 -0.074156
v 0.233385 0.268068 -0.006872
v 0.236867 0.264570 0.039261
v 0.150603 0.264603 -0.103118
v 0.164325 0.275263 -0.097717
v 0.202436 0.292135 -0.146161
v 0.236074 0.265303 0.018336
v 0.176581 0.284379 -0.101791
v 0.209485 0.350335 0.038787
v 0.211349 0.348597 0.018110
v 0.211342 0.346335 0.038304
v 0.212866 0.347372 0.027688
v 0.208428 0.348604 0.027518
v 0.212710 0.349812 0.047899
v 0.217900 0.349852 0.045919
v 0.215047 0.347102 0.050360
v 0.218239 0.348421 0.047159
v 0.212728 0.346766 0.045799
v 0.230240 0.263539 0.007821
v 0.226528 0.266798 -0.017769
v 0.222019 0.270558 -0.048599
v 0.206356 0.275073 -0.101975
v 0.233037 0.261969 0.023995
v 0.234060 0.262506 0.041885
v 0.206612 0.272872 -0.090348
v 0.209212 0.270023 -0.072360
v 0.225214 0.261118 0.017515
v 0.230123 0.261247 0.046989
v 0.217718 0.264357 -0.022993
v 0.020829 0.239745 -0.179162
v 0.026783 0.224606 -0.262902
v 0.018355 0.260160 0.003431
v 0.013296 0.237321 -0.026742
v 0.033616 0.170408 -0.140642
v 0.029436 0.204919 -0.260499
v 0.026346 0.151336 -0.049568
v 0.024672 0.200305 -0.002386
v 0.025297 0.204659 -0.027472
v 0.028002 0.234943 -0.243526
v 0.028068 0.159234 -0.069718
v 0.024771 0.202382 -0.014895
v 0.025661 0.177327 -0.037421
v 0.032422 0.190922 -0.243393
v 0.027023 0.210488 -0.266358
v 0.007795 0.247655 -0.051821
v 0.088407 0.077644 -0.034860
v 0.083141 0.077268 -0.058710
v 0.111494 0.083236 -0.009362
v 0.097756 0.078213 -0.075098
v 0.093419 0.078900 -0.023021
v 0.092217 0.077661 -0.079034
v 0.110437 0.081150 -0.024594
v 0.103901 0.082863 -0.003370
v 0.110646 0.084295 -0.000771
v 0.103176 0.078788 -0.062721
v 0.084099 0.077185 -0.069012
v 0.084744 0.077311 -0.046953
v 0.098795 0.080902 -0.012137
v 0.087433 0.077268 -0.076278
v 0.108047 0.084183 0.001015
v 0.107608 0.079441 -0.043996
v 0.105389 0.030131 -0.100425
v 0.106952 0.030286 -0.072822
v 0.089276 0.026355 -0.081952
v 0.098055 0.028110 -0.044067
v 0.091773 0.022847 -0.032472
v 0.092093 0.027291 -0.089886
v 0.107601 0.030588 -0.096822
v 0.103092 0.029375 -0.057207
v 0.108488 0.030697 -0.083102
v 0.101482 0.029370 -0.100778
v 0.087683 0.026444 -0.072441
v 0.088578 0.022364 -0.037855
v 0.096504 0.028261 -0.096675
v 0.108575 0.030645 -0.090737
v 0.087221 0.026628 -0.061041
v 0.089591 0.022964 -0.034054
v -0.100491 0.127523 -0.074619
v -0.061136 0.110779 -0.071829
v -0.076629 0.126307 -0.021406
v -0.103245 0.135614 -0.035109
v -0.055267 0.107795 -0.064274
v -0.093085 0.122750 -0.085725
v -0.070773 0.117091 -0.072090
v -0.103419 0.132862 -0.057138
v -0.086540 0.132993 -0.007760
v -0.100434 0.137218 -0.013279
v -0.068157 0.120286 -0.027568
v -0.096909 0.139745 0.013942
v -0.060415 0.113776 -0.034689
v -0.080940 0.119419 -0.082255
v -0.053823 0.107420 -0.053325
v -0.055655 0.109326 -0.043252
v -0.089066 0.149715 0.003778
v -0.049763 0.128185 -0.033680
v -0.078608 0.133968 -0.099189
v -0.039772 0.122373 -0.056216
v -0.043145 0.123919 -0.043930
v -0.047205 0.126555 -0.081354
v -0.104372 0.152620 -0.025826
v -0.069186 0.139263 -0.018902
v -0.103767 0.143816 -0.085385
v -0.040532 0.123324 -0.069455
v -0.094353 0.138078 -0.100968
v -0.064238 0.132907 -0.085666
v -0.106528 0.149425 -0.058306
v -0.078777 0.143976 -0.009306
v -0.097879 0.152432 -0.001824
v -0.059496 0.134200 -0.025425
v -0.071683 0.100091 -0.034317
v -0.105304 0.120636 -0.036514
v -0.084689 0.104236 -0.073211
v -0.086799 0.112545 -0.018815
v -0.071138 0.098136 -0.061957
v -0.099182 0.111733 -0.067961
v -0.107367 0.124803 0.016075
v -0.065760 0.095573 -0.049270
v -0.067131 0.096348 -0.058288
v -0.098890 0.120688 0.004182
v -0.077115 0.101882 -0.065732
v -0.078256 0.105869 -0.027739
v -0.106229 0.121905 -0.015844
v -0.067509 0.096230 -0.041577
v -0.093093 0.107388 -0.075301
v -0.102887 0.117105 -0.057027
v 0.100102 0.102725 -0.095221
v 0.114976 0.100808 -0.021951
v 0.082020 0.098022 -0.070878
v 0.087545 0.098070 -0.032722
v 0.110810 0.098197 -0.065837
v 0.110749 0.104308 -0.000645
v 0.088251 0.100703 -0.091814
v 0.099379 0.102112 -0.005888
v 0.083643 0.097513 -0.053994
v 0.083708 0.099043 -0.083120
v 0.106033 0.101130 -0.085120
v 0.113895 0.103287 -0.007383
v 0.105679 0.103570 -0.001028
v 0.113798 0.098125 -0.041928
v 0.093900 0.102141 -0.096429
v 0.093115 0.100163 -0.015539
v -0.079305 0.002252 -0.063040
v -0.082093 0.003044 -0.061913
v -0.088035 0.000514 -0.042572
v -0.085922 0.008132 -0.043321
v -0.082953 0.011461 -0.056253
v -0.080412 0.001705 -0.056469
v 0.081194 0.152512 -0.000012
v 0.068502 0.151381 -0.003069
v -0.086044 0.008909 -0.067848
v 0.092395 0.160709 0.016356
v -0.086818 0.001866 -0.072880
v -0.105471 0.005102 -0.046300
v -0.098180 0.000598 -0.047548
v -0.106534 0.005105 -0.057066
v 0.094232 0.157206 0.014903
v -0.104110 0.012659 -0.034708
v 0.225461 0.307908 -0.100546
v 0.202108 0.331932 0.088124
v 0.217611 0.324814 0.128648
v 0.223251 0.313008 -0.029973
v 0.219074 0.296151 -0.157907
v 0.222285 0.295869 -0.149686
v 0.224427 0.294249 -0.130605
v 0.221490 0.298951 -0.156204
v 0.209467 0.279239 -0.121111
v 0.213932 0.278740 -0.112316
v 0.218786 0.276471 -0.090433
v 0.210633 0.283822 -0.139509
v 0.215630 0.282803 -0.130501
v 0.220431 0.280102 -0.107473
v 0.208581 0.276121 -0.104379
v 0.212514 0.275848 -0.095625
v 0.217260 0.273945 -0.075893
v 0.212118 0.266698 -0.045549
v 0.228295 0.260772 0.029390
v 0.215104 0.262896 -0.006295
v 0.221792 0.262370 -0.000189
v 0.224609 0.259599 0.032733
v 0.213319 0.267033 -0.048502
v 0.220360 0.261772 0.002634
v 0.218579 0.261425 0.006351
v 0.219853 0.259201 0.035840
v 0.220362 0.258145 0.056067
v 0.219168 0.260336 0.020421
v 0.214094 0.261434 0.015033
v 0.214402 0.258700 0.061370
v 0.214215 0.259836 0.036095
v 0.216184 0.344079 0.064652
v 0.212226 0.342600 0.065391
v 0.216486 0.342857 0.066335
v 0.208919 0.341656 0.060204
v 0.204317 0.344247 0.053100
v 0.207177 0.340264 0.031330
v 0.207787 0.340357 0.049757
v 0.209184 0.339630 0.041079
v 0.203594 0.341526 0.039856
v 0.209611 0.344428 0.062703
v 0.234401 0.283219 0.003287
v 0.228928 0.263610 0.010658
v 0.231752 0.262133 0.025033
v 0.232810 0.262644 0.043137
v 0.225828 0.261801 0.016767
v 0.217868 0.264858 -0.023203
v 0.225115 0.266594 -0.012291
v 0.220524 0.269918 -0.040615
v 0.205898 0.273533 -0.091037
v 0.206598 0.271861 -0.082930
v 0.209418 0.269683 -0.068034
v 0.231337 0.262420 0.045235
v 0.215734 0.272798 -0.065754
v 0.211100 0.274331 -0.083372
v 0.207531 0.274450 -0.091657
v 0.222041 0.262971 -0.000673
v 0.213516 0.267249 -0.046991
v 0.229372 0.261623 0.028081
v 0.220517 0.305784 -0.079355
v 0.218718 0.300511 0.016916
v 0.217367 0.305033 0.011252
v 0.221475 0.305848 -0.119375
v 0.217788 0.297659 -0.028755
v 0.217833 0.298764 0.002526
v 0.217684 0.302834 0.025408
v 0.218188 0.297569 -0.057604
v 0.220462 0.299346 -0.099091
v 0.218409 0.298267 -0.073261
v 0.218628 0.300714 -0.027060
v 0.216534 0.299847 0.007533
v 0.219711 0.299503 -0.066986
v 0.217306 0.298375 -0.033419
v 0.222189 0.300563 -0.147742
v 0.221653 0.304555 -0.151727
v 0.223055 0.299095 -0.067545
v 0.221503 0.301365 -0.154253
v 0.221076 0.302797 -0.154042
v 0.222355 0.306069 -0.143478
v 0.223093 0.306068 -0.117884
v 0.223727 0.304352 -0.077342
v 0.223956 0.301948 -0.055283
v 0.223622 0.300159 -0.056598
v 0.222589 0.298613 -0.082616
v 0.222295 0.298622 -0.098863
v 0.222161 0.299061 -0.115608
v 0.222222 0.299780 -0.133143
v 0.220895 0.305217 -0.150312
v 0.220625 0.303113 -0.153455
v 0.220974 0.306581 -0.021079
v 0.221271 0.300269 -0.004038
v 0.219816 0.297853 -0.077229
v 0.220656 0.299692 -0.128221
v 0.221717 0.300625 -0.146407
v 0.220490 0.298515 -0.022416
v 0.221182 0.301546 -0.153517
v 0.220492 0.308428 -0.139491
v 0.220782 0.308912 -0.099282
v 0.221452 0.303104 0.004454
v 0.219983 0.297756 -0.049365
v 0.219893 0.298620 -0.102520
v 0.108235 0.022482 -0.092892
v 0.109229 0.022275 -0.060782
v 0.091246 0.020200 -0.076638
v 0.099801 0.020602 -0.033231
v 0.092367 0.019350 -0.026844
v 0.094218 0.021061 -0.086297
v 0.110347 0.022879 -0.088950
v 0.105153 0.021616 -0.045210
v 0.111094 0.022874 -0.074195
v 0.104267 0.022067 -0.094541
v 0.089568 0.020608 -0.066732
v 0.088653 0.018871 -0.033254
v 0.098936 0.021393 -0.091897
v 0.111261 0.022787 -0.082840
v 0.089045 0.020723 -0.055339
v 0.089771 0.018833 -0.027820
v 0.090559 0.014870 -0.033460
v 0.092946 0.012604 -0.022734
v 0.095915 0.015013 -0.022469
v 0.095368 0.019829 -0.028667
v 0.089127 0.019562 -0.042423
v 0.087746 0.026088 -0.047863
v 0.089175 0.027949 -0.041069
v 0.093348 0.026907 -0.038608
v 0.218017 0.263882 0.052145
v 0.205722 0.268472 -0.026584
v 0.204112 0.288590 0.078589
v 0.202952 0.287826 0.055525
v 0.187369 0.271556 -0.056188
v 0.194264 0.282547 -0.010758
v 0.190952 0.280495 -0.036263
v 0.189243 0.269643 -0.044279
v 0.186746 0.276031 -0.060735
v 0.207476 0.262168 0.280632
v 0.209657 0.284530 0.280277
v 0.200759 0.286526 0.034046
v 0.197715 0.284560 0.015330
v 0.191768 0.268187 -0.024833
v 0.188310 0.278327 -0.052976
v 0.198305 0.268461 0.026629
v 0.202642 0.270660 0.068336
v 0.194759 0.267561 0.001240
v 0.186453 0.273728 -0.061516
v 0.225658 0.269241 0.013747
v 0.229496 0.267810 0.026848
v 0.231090 0.267976 0.045296
v 0.220660 0.263111 0.023927
v 0.213879 0.266041 -0.011674
v 0.220909 0.271367 -0.005503
v 0.215936 0.273391 -0.029638
v 0.202448 0.273311 -0.075346
v 0.203466 0.271769 -0.068659
v 0.206204 0.269954 -0.055021
v 0.225104 0.262193 0.054731
v 0.210940 0.274696 -0.052224
v 0.206526 0.275025 -0.067922
v 0.203504 0.274468 -0.075341
v 0.217449 0.264270 0.009189
v 0.209944 0.267995 -0.034863
v 0.223398 0.262520 0.036872
v 0.212601 0.265479 0.018299
v 0.199709 0.275354 -0.068735
v 0.202376 0.276435 -0.061463
v 0.206455 0.276905 -0.045667
v 0.219858 0.263052 0.072714
v 0.202352 0.270292 -0.047667
v 0.199864 0.272139 -0.061771
v 0.198860 0.273862 -0.068653
v 0.211277 0.276715 -0.022481
v 0.216094 0.275914 0.001655
v 0.224444 0.274587 0.033948
v 0.220640 0.274979 0.019765
v 0.226467 0.274844 0.052945
v 0.215461 0.264612 0.033235
v 0.209318 0.266831 -0.002285
v 0.164840 0.266399 -0.072698
v 0.172121 0.260707 -0.047954
v 0.178206 0.264375 0.005714
v 0.174622 0.261423 -0.025412
v 0.164156 0.273083 -0.065549
v 0.169956 0.261069 -0.060498
v 0.166397 0.283895 -0.019938
v 0.167071 0.286620 -0.003284
v 0.178955 0.264798 0.031260
v 0.182600 0.269066 0.046200
v 0.164131 0.269486 -0.070969
v 0.167945 0.262167 -0.067682
v 0.164811 0.276943 -0.054997
v 0.165696 0.280673 -0.038809
v 0.166176 0.263945 -0.071565
v 0.167854 0.288640 0.012188
v 0.168681 0.289939 0.026768
v 0.137506 0.258909 -0.042091
v 0.135988 0.257050 -0.055210
v 0.145083 0.246297 -0.067829
v 0.136923 0.257910 -0.077120
v 0.134934 0.252962 -0.082172
v 0.148748 0.246691 -0.062482
v 0.137382 0.247441 -0.080758
v 0.155421 0.250900 0.011256
v 0.154004 0.251265 0.023191
v 0.135083 0.255881 -0.065913
v 0.135155 0.255897 -0.073755
v 0.151748 0.247452 -0.060540
v 0.135056 0.249489 -0.084013
v 0.155668 0.248501 -0.041819
v 0.156941 0.249546 -0.014378
v 0.154043 0.248557 -0.062388
v 0.141035 0.246469 -0.074528
v 0.147102 0.249506 0.021596
v 0.139787 0.241695 0.049228
v 0.133317 0.238792 0.059680
v 0.127317 0.239836 0.059584
v 0.131450 0.249236 -0.006447
v 0.131830 0.242392 -0.063053
v 0.130825 0.245760 -0.073788
v 0.145257 0.243116 0.046592
v 0.137960 0.239236 0.064172
v 0.130939 0.236655 0.075376
v 0.124869 0.235465 0.080472
v 0.121281 0.238164 0.063380
v 0.121420 0.243820 0.034719
v 0.130034 0.245894 -0.053364
v 0.144837 0.241969 0.050859
v 0.137873 0.238342 0.062392
v 0.130799 0.237254 0.067761
v 0.125111 0.237791 0.062479
v 0.121326 0.238988 0.055465
v 0.119708 0.241535 0.043558
v 0.127549 0.248995 -0.019433
v 0.144569 0.241585 0.052446
v 0.137726 0.237691 0.061500
v 0.130531 0.236634 0.066835
v 0.124833 0.237675 0.061299
v 0.121688 0.239059 0.051211
v 0.120088 0.240538 0.046061
v 0.121858 0.244416 0.041095
v 0.183836 0.286600 0.008259
v 0.181791 0.265962 -0.040134
v 0.188373 0.267827 0.015625
v 0.184493 0.265722 -0.016700
v 0.195262 0.273941 0.081107
v 0.185743 0.289780 0.026772
v 0.186943 0.291867 0.045495
v 0.187553 0.292486 0.064354
v 0.176963 0.271547 -0.065167
v 0.181583 0.283430 -0.017486
v 0.179401 0.280342 -0.041078
v 0.179620 0.267254 -0.054298
v 0.177948 0.269167 -0.062164
v 0.176862 0.274296 -0.063512
v 0.177717 0.277279 -0.056179
v 0.192818 0.271529 0.124019
v 0.147649 0.266636 -0.071792
v 0.152812 0.255256 -0.077484
v 0.150508 0.257178 -0.078666
v 0.149962 0.276124 -0.035168
v 0.160086 0.253565 -0.066422
v 0.151432 0.277912 -0.019328
v 0.148255 0.270151 -0.065233
v 0.163706 0.254180 -0.036869
v 0.161792 0.253477 -0.054234
v 0.157852 0.253579 -0.071666
v 0.155342 0.254064 -0.075170
v 0.148426 0.272237 -0.057784
v 0.148920 0.274186 -0.048016
v 0.166726 0.256322 0.000561
v 0.165476 0.255306 -0.017095
v 0.148686 0.259757 -0.078501
v 0.147662 0.262955 -0.076367
v 0.217088 0.282165 0.068542
v 0.212343 0.281146 0.028797
v 0.212117 0.267675 0.084174
v 0.199701 0.268724 -0.021410
v 0.206223 0.267142 0.025067
v 0.194232 0.276088 -0.063256
v 0.194581 0.272258 -0.056694
v 0.193632 0.274206 -0.063349
v 0.199890 0.279064 -0.039302
v 0.209280 0.267226 0.049231
v 0.204132 0.280015 -0.014596
v 0.215349 0.281642 0.046762
v 0.202960 0.267545 0.003970
v 0.196415 0.277755 -0.055758
v 0.213880 0.257125 0.281957
v 0.208499 0.280676 0.010826
v 0.196759 0.270372 -0.042750
v 0.230940 0.263768 0.025329
v 0.231978 0.264280 0.043691
v 0.227809 0.265363 0.011689
v 0.223554 0.268105 -0.009187
v 0.218724 0.270915 -0.035062
v 0.213826 0.273138 -0.058461
v 0.209264 0.274146 -0.074856
v 0.205984 0.274007 -0.082656
v 0.204681 0.273053 -0.082679
v 0.205632 0.271569 -0.075797
v 0.208484 0.269683 -0.062160
v 0.212480 0.267558 -0.042233
v 0.216671 0.265383 -0.019376
v 0.220648 0.263552 0.002245
v 0.224267 0.262415 0.018771
v 0.227456 0.262283 0.030288
v 0.229231 0.262996 0.048184
v 0.195460 0.292267 -0.134382
v 0.199458 0.262426 -0.017269
v 0.202126 0.259820 0.025207
v 0.193000 0.275744 -0.098934
v 0.195520 0.268173 -0.070615
v 0.193010 0.283689 -0.120647
v 0.203250 0.258412 0.058863
v 0.226239 0.280768 -0.090014
v 0.237625 0.268016 0.039197
v 0.232600 0.274982 -0.027727
v 0.229946 0.277250 -0.056465
v 0.208094 0.290427 -0.152125
v 0.233754 0.274481 -0.000963
v 0.213159 0.289072 -0.153518
v 0.217806 0.287340 -0.145381
v 0.222106 0.284445 -0.122701
v 0.046645 0.238459 0.150536
v 0.056971 0.148114 0.072134
v 0.001643 0.235489 0.093238
v 0.006951 0.207313 0.058948
v 0.077780 0.256373 0.136342
v -0.073305 0.234226 0.324710
v -0.068684 0.157598 0.172841
v -0.099106 0.236852 0.134552
v -0.101476 0.170660 0.112102
v 0.049398 0.225429 0.223538
v -0.000809 0.213317 0.143651
v 0.079138 0.227191 0.185497
v -0.075743 0.214985 0.218643
v -0.101669 0.216321 0.138713
v 0.145976 0.223907 0.098733
v 0.111223 0.268826 0.078860
v 0.123434 0.237703 0.067878
v 0.002302 0.252293 0.043582
v 0.060019 0.132332 0.025168
v 0.130936 0.164865 0.103140
v -0.052598 0.249249 0.135938
v -0.091139 0.251711 0.049715
v -0.041734 0.154773 0.023220
v 0.050073 0.254387 0.076178
v 0.079528 0.269661 0.061874
v -0.066357 0.156749 0.016539
v -0.082939 0.161500 0.015771
v 0.109331 0.280097 0.037720
v 0.157683 0.215797 0.110192
v 0.085289 0.123275 0.089596
v 0.079533 0.121489 0.134626
v 0.095256 0.112749 0.204995
v 0.118762 0.111360 0.231487
v 0.106615 0.114156 0.226628
v 0.099223 0.122765 0.089252
v 0.114207 0.120080 0.135658
v 0.121935 0.113252 0.199042
v 0.093269 0.016691 0.035913
v 0.125528 0.149589 0.083221
v 0.105788 0.139816 0.043637
v 0.074920 0.149269 0.147702
v 0.087589 0.151692 0.218104
v 0.116237 0.147488 0.243698
v 0.128698 0.141557 0.254666
v 0.078993 0.139407 0.055397
v 0.133997 0.139746 0.218365
v -0.040645 0.164493 0.113480
v -0.096746 0.181703 0.129298
v -0.117356 0.217823 0.042750
v -0.027689 0.210139 0.171912
v -0.033997 0.233824 0.142600
v -0.028483 0.252391 0.047587
v -0.034489 0.156071 0.058105
v 0.007115 0.198043 0.024805
v 0.057086 0.164213 0.169691
v 0.002090 0.163522 0.107318
v 0.144538 0.162028 0.242815
v 0.138899 0.173605 0.231918
v 0.119534 0.178132 0.229212
v 0.085233 0.176247 0.212486
v 0.095241 0.160423 0.024051
v 0.082885 0.141277 0.036178
v -0.116201 0.242754 0.029978
v -0.117290 0.232500 0.043954
v -0.092779 0.077097 0.005197
v -0.121726 0.090093 0.016800
v -0.096617 0.076327 0.060220
v -0.107549 0.080545 0.066745
v -0.117668 0.085729 0.061187
v -0.096863 0.081835 -0.008964
v -0.102709 0.086085 -0.006956
v -0.115552 0.095175 0.000085
v 0.088464 0.039694 0.037997
v -0.084215 0.001106 0.064052
v -0.086085 0.008957 0.070224
v -0.077599 0.002321 0.055119
v -0.084147 0.012869 0.045779
v -0.086205 0.009944 0.027993
v -0.083401 0.000865 0.052061
v -0.081111 0.003368 0.061302
v 0.084737 0.039028 0.051715
v 0.086314 0.039315 0.068245
v 0.102578 0.045021 0.075212
v 0.094040 0.042004 0.077636
v 0.096637 0.042331 0.035881
v 0.103198 0.045190 0.044159
v 0.105940 0.046202 0.062585
v 0.092308 0.017369 0.049050
v 0.093531 0.015286 0.060664
v 0.111318 0.016700 0.062678
v 0.101326 0.016289 0.068210
v 0.104636 0.016332 0.033544
v 0.113173 0.016707 0.041951
v 0.114204 0.017153 0.053057
v 0.156207 0.240588 0.055193
v 0.138113 0.285391 0.047875
v 0.141879 0.258022 0.063392
v 0.134928 0.295888 0.014434
v 0.168222 0.232892 0.069974
v -0.136986 0.207694 0.043141
v -0.162581 0.182658 0.018696
v -0.173100 0.192119 0.019743
v -0.168003 0.187612 0.023028
v -0.140801 0.215358 0.043381
v -0.144564 0.222297 0.041000
v -0.230066 0.126317 0.052391
v -0.239515 0.141000 0.061189
v -0.236752 0.133156 0.059478
v -0.194396 0.152221 0.016867
v -0.305174 0.108325 0.012422
v -0.305064 0.127334 0.009723
v -0.309029 0.116943 0.013119
v -0.199200 0.158976 0.020826
v -0.207309 0.164326 0.000007
v -0.277077 0.111070 0.045855
v -0.279306 0.119417 0.058206
v -0.280964 0.127658 0.057759
v -0.112096 0.198067 0.078165
v 0.086150 0.199399 0.202246
v -0.063220 0.180244 0.202562
v -0.024098 0.178757 0.164677
v 0.059574 0.199331 0.242816
v 0.005042 0.189785 0.136113
v 0.150971 0.190547 0.209140
v 0.140685 0.198443 0.206155
v 0.119033 0.210690 0.190607
v -0.101527 0.006576 0.075833
v -0.097623 0.002964 0.071434
v -0.089423 0.010794 0.067735
v -0.094605 0.014562 0.072277
v -0.090177 0.006213 0.068300
v -0.090030 0.003196 0.062733
v -0.089164 0.013807 0.062715
v -0.089412 0.012213 0.038939
v -0.088930 0.014957 0.049288
v -0.090026 0.006071 0.040258
v -0.094455 0.002872 0.039014
v -0.096379 0.012271 0.032411
v -0.092600 0.015460 0.036154
v -0.097506 0.006577 0.033341
v -0.089604 0.006144 0.039989
v -0.091593 0.005910 0.067485
v -0.100385 0.011965 0.076453
v -0.084852 0.003446 0.036220
v -0.077930 0.008452 0.052295
v -0.081278 0.003377 0.062562
v -0.087312 0.009368 0.025917
v -0.089789 0.002752 0.029032
v -0.085857 0.007593 0.016423
v -0.091958 0.008371 0.079570
v -0.107267 0.012830 0.072540
v -0.110506 0.012956 0.058470
v -0.088695 0.007299 0.056989
v -0.093260 0.002650 0.062019
v -0.099942 0.002861 0.068818
v -0.096254 0.003648 0.042866
v -0.107603 0.008011 0.067596
v -0.107266 0.012764 0.054450
v -0.097877 0.005018 0.042208
v -0.093327 0.003624 0.046179
v -0.104102 0.004772 0.069479
v -0.096079 0.002312 0.066145
v -0.095050 0.014825 0.033649
v -0.098099 0.041782 0.041480
v -0.112211 0.041036 0.017444
v -0.104077 0.038439 0.065161
v -0.105425 0.035578 0.013297
v -0.115989 0.039499 0.030772
v -0.100800 0.036203 0.017390
v -0.113644 0.038413 0.065241
v -0.117807 0.039600 0.052610
v -0.098490 0.014176 0.074883
v -0.106992 0.005881 0.064626
v 0.109868 0.000665 0.052310
v 0.096547 0.009200 0.049725
v 0.095944 0.008460 0.058058
v 0.097568 0.008451 0.041496
v 0.102431 0.002213 0.050763
v 0.107647 0.001168 0.060551
v 0.100935 0.002862 0.061248
v 0.109352 0.001165 0.043563
v 0.103022 0.002860 0.040250
v 0.117786 0.009471 0.074720
v 0.121772 0.010423 0.071093
v 0.117457 0.001058 0.068395
v 0.114513 0.000781 0.072495
v 0.125174 0.010442 0.037823
v 0.122152 0.009574 0.033052
v 0.118482 0.000797 0.034381
v 0.120860 0.001205 0.039034
v 0.127610 0.011943 0.065847
v 0.130532 0.013026 0.059097
v 0.128703 0.002477 0.059158
v 0.125701 0.001688 0.065394
v 0.130662 0.012324 0.052356
v 0.128271 0.011820 0.044311
v 0.126350 0.001972 0.044566
v 0.128684 0.002477 0.051429
v 0.114905 0.013088 0.066490
v 0.109675 0.012337 0.071970
v 0.112612 0.002217 0.065317
v 0.107681 0.002202 0.070389
v 0.121829 0.015249 0.056650
v 0.118705 0.014258 0.064142
v 0.119221 0.002224 0.056347
v 0.117456 0.002291 0.063207
v 0.120243 0.014197 0.043822
v 0.122115 0.015141 0.052437
v 0.118257 0.002281 0.044937
v 0.119333 0.002215 0.052057
v 0.113871 0.012404 0.033011
v 0.118430 0.013420 0.039740
v 0.111730 0.002202 0.034077
v 0.115611 0.002216 0.040668
v 0.103576 0.010176 -0.017512
v 0.100676 0.010633 0.070033
v 0.115818 0.010359 0.042645
v 0.113575 0.010035 0.063675
v 0.117224 0.010197 0.053748
v 0.122625 0.005379 0.070023
v 0.117564 0.004387 0.075137
v 0.122050 0.004481 0.032558
v 0.126421 0.005972 0.038826
v 0.132250 0.007620 0.057435
v 0.127816 0.006132 0.066668
v 0.129518 0.006856 0.043503
v 0.132580 0.007618 0.053382
v 0.107484 0.006942 0.073445
v 0.117295 0.007773 0.064486
v 0.119779 0.008408 0.067205
v 0.128019 0.009938 0.054027
v 0.127856 0.010111 0.055731
v 0.122333 0.009102 0.040465
v 0.121257 0.008690 0.041812
v 0.111315 0.006583 -0.019986
v 0.110510 0.003572 0.062977
v 0.114749 0.003105 0.053344
v 0.100666 0.006264 0.067009
v 0.112559 0.003559 0.042452
v 0.103918 0.006265 0.034805
v 0.150086 0.294431 0.049562
v 0.056551 0.158111 0.118976
v 0.003489 0.156945 0.075704
v 0.001962 0.245018 0.066904
v 0.031640 0.235095 0.132966
v 0.057766 0.200228 0.051040
v 0.129329 0.158371 0.095258
v 0.101032 0.132030 0.055556
v 0.061613 0.247106 0.151056
v 0.081036 0.210642 0.195624
v -0.065384 0.195856 0.219579
v -0.030728 0.229935 0.214352
v -0.013108 0.234989 0.087275
v -0.095405 0.245262 0.093008
v -0.091170 0.237514 0.225142
v 0.047244 0.233837 0.177590
v 0.005784 0.220866 0.108002
v 0.077348 0.242643 0.168062
v -0.083973 0.227632 0.312135
v -0.101108 0.227246 0.146160
v -0.090533 0.215501 0.220522
v 0.065354 0.233642 0.186902
v 0.109599 0.131421 0.237904
v 0.041603 0.218238 0.219689
v -0.054607 0.216027 0.215636
v -0.035062 0.152649 0.010068
v -0.061949 0.158572 0.008262
v -0.080687 0.164155 -0.009988
v -0.154016 0.202366 0.039982
v 0.096902 0.238238 0.091752
v 0.094613 0.262880 0.108677
v 0.132341 0.240015 0.086239
v 0.137133 0.230671 0.083894
v 0.110589 0.276561 0.066845
v 0.114097 0.252859 0.080043
v 0.161052 0.214507 0.106983
v 0.002730 0.257742 0.021037
v 0.059820 0.130552 0.010434
v 0.129862 0.169801 0.059660
v -0.057865 0.258126 0.027790
v -0.088788 0.255660 0.021016
v 0.048065 0.248085 0.111540
v 0.078496 0.266074 0.094588
v -0.092296 0.167113 0.076048
v 0.152649 0.218863 0.108169
v 0.094241 0.275118 0.049480
v 0.033960 0.251892 0.066585
v -0.017188 0.150983 0.023440
v 0.064776 0.261582 0.072871
v -0.056443 0.156867 0.021680
v -0.075550 0.158809 0.022255
v -0.126705 0.215004 0.039895
v -0.043173 0.251979 0.089670
v -0.075392 0.252346 0.103187
v 0.121353 0.160559 0.059070
v 0.080291 0.123373 0.106729
v 0.091906 0.122721 0.084427
v 0.085863 0.117436 0.177302
v 0.099631 0.115001 0.220339
v 0.113197 0.112766 0.230292
v 0.121947 0.110720 0.223270
v 0.119094 0.117211 0.163891
v 0.107263 0.122199 0.109962
v 0.121587 0.131059 0.218070
v 0.067522 0.146720 0.068724
v 0.126210 0.132204 0.173441
v 0.104724 0.059564 0.133669
v 0.105405 0.063358 0.082310
v 0.119008 0.136799 0.103566
v 0.073344 0.139756 0.101916
v 0.094154 0.133933 0.205343
v 0.116603 0.164344 0.233272
v 0.134731 0.157875 0.242249
v 0.082173 0.131627 0.057039
v 0.139555 0.147992 0.251810
v 0.131353 0.147082 0.139032
v 0.093456 0.136573 0.042349
v 0.132833 0.138095 0.251844
v 0.071455 0.146188 0.082412
v 0.122214 0.145304 0.251385
v 0.108032 0.148308 0.234788
v 0.078721 0.147784 0.199912
v 0.116798 0.145546 0.054365
v -0.117675 0.040344 0.038545
v -0.087538 0.093951 -0.000504
v -0.099542 0.042026 0.015345
v -0.115281 0.110171 0.045612
v -0.010452 0.204734 0.061953
v -0.056331 0.160356 0.157951
v -0.119256 0.213903 0.034173
v -0.115009 0.208691 0.059832
v -0.101558 0.204025 0.130559
v -0.013976 0.212008 0.142846
v -0.024428 0.192010 0.175270
v -0.055047 0.235629 0.219726
v -0.012553 0.252366 0.039267
v -0.026627 0.257472 0.020222
v -0.030020 0.245550 0.094781
v -0.031164 0.222547 0.164642
v -0.036187 0.158661 0.082284
v -0.036763 0.154527 0.039282
v 0.006777 0.137839 0.010685
v 0.007081 0.201331 0.039478
v 0.048142 0.181495 0.192847
v 0.002207 0.171837 0.128957
v 0.040929 0.166877 0.133949
v -0.016025 0.167109 0.102304
v 0.148571 0.177077 0.228910
v 0.140385 0.185580 0.223256
v 0.087413 0.163922 0.217370
v 0.131383 0.176834 0.229489
v 0.143003 0.168839 0.235036
v 0.120418 0.191963 0.220487
v 0.138434 0.159146 0.195980
v 0.145747 0.178977 0.108092
v 0.104240 0.179045 0.231695
v 0.082325 0.154419 0.011735
v 0.093683 0.161353 0.018417
v 0.108305 0.147403 0.047171
v 0.057835 0.148911 0.018759
v 0.069544 0.172559 0.195237
v 0.066106 0.154549 0.175144
v 0.069484 0.152032 0.002673
v 0.081278 0.141414 0.047418
v -0.103437 0.248230 0.033703
v -0.091258 0.173387 -0.053148
v -0.116887 0.238138 0.038006
v -0.115919 0.246157 0.020690
v -0.107512 0.235922 0.059002
v -0.093396 0.077594 0.052495
v -0.119996 0.088369 0.045037
v -0.113194 0.083217 0.065979
v -0.101661 0.078043 0.064714
v -0.091486 0.078221 -0.009586
v -0.119750 0.095226 0.005601
v -0.101161 0.084031 0.001583
v -0.110534 0.094123 -0.008721
v -0.097870 0.098103 0.071153
v -0.114065 0.039761 0.024673
v -0.099622 0.099151 0.004008
v -0.085980 0.092291 0.063024
v -0.099953 0.001496 0.065947
v -0.095055 0.001778 0.061673
v -0.108605 0.009052 0.058723
v -0.103218 0.005856 0.055542
v -0.104319 0.013300 0.074653
v -0.100628 0.013794 0.033046
v -0.086291 0.007517 0.069069
v -0.092549 0.005384 0.079510
v -0.084872 0.004471 0.021943
v -0.089799 0.005409 0.024192
v 0.085932 0.039153 0.043826
v 0.092396 0.040774 0.035472
v 0.084751 0.038991 0.060290
v 0.089571 0.040434 0.074301
v 0.098753 0.043678 0.078016
v 0.104977 0.045855 0.069851
v 0.105245 0.046003 0.053271
v 0.100283 0.043870 0.038254
v 0.086525 0.057167 0.105790
v 0.097420 0.062231 0.059500
v 0.091919 0.017354 0.039310
v 0.094635 0.017352 -0.018358
v 0.092228 0.016889 0.054746
v 0.095932 0.016676 0.065825
v 0.106824 0.017298 0.066292
v 0.112909 0.018045 0.057900
v 0.113714 0.017936 0.047229
v 0.109492 0.017378 0.036713
v 0.150852 0.233229 0.072897
v 0.125712 0.275272 0.065556
v 0.122787 0.286972 0.020373
v 0.162412 0.225438 0.083496
v 0.171782 0.231092 0.072691
v 0.135858 0.292328 0.031942
v 0.151114 0.247429 0.042729
v 0.142083 0.274824 0.042437
v 0.162661 0.236132 0.063191
v -0.149039 0.196837 0.038679
v -0.117441 0.225689 0.045293
v -0.213560 0.137819 0.026625
v -0.160763 0.180559 0.015819
v -0.170790 0.189900 0.023671
v -0.173354 0.199199 -0.014500
v -0.219113 0.144930 0.031282
v -0.165075 0.185108 0.021041
v -0.128556 0.225493 0.040601
v -0.159381 0.206814 0.039493
v -0.130295 0.234838 0.032249
v -0.142878 0.219119 0.043371
v -0.135996 0.204814 0.043028
v -0.138700 0.211362 0.043091
v -0.145676 0.225022 0.034268
v -0.176897 0.167633 0.010454
v -0.293944 0.108576 0.026929
v -0.227439 0.124771 0.044974
v -0.238935 0.137096 0.061427
v -0.238263 0.144438 0.057550
v -0.296114 0.116891 0.035493
v -0.233574 0.129297 0.056567
v -0.186279 0.179144 0.006782
v -0.306393 0.108062 0.003171
v -0.307674 0.123408 0.010049
v -0.307402 0.128037 0.004317
v -0.315471 0.116795 0.002316
v -0.308211 0.111260 0.013604
v -0.260878 0.132164 0.074347
v -0.181895 0.173448 0.015334
v -0.222043 0.153239 0.030068
v -0.191753 0.150266 0.013682
v -0.210991 0.165124 -0.017326
v -0.200483 0.162774 0.020953
v -0.197071 0.155214 0.019297
v -0.252296 0.116563 0.069394
v -0.259061 0.124251 0.072426
v -0.294154 0.129223 0.025694
v -0.276460 0.108747 0.037326
v -0.281430 0.129827 0.052437
v -0.280285 0.124018 0.059857
v -0.278138 0.114799 0.053195
v -0.106358 0.199841 0.012004
v 0.086624 0.187503 0.208735
v -0.029987 0.166576 0.150913
v 0.062859 0.205664 0.228833
v -0.001480 0.199114 0.154762
v 0.153916 0.203204 0.165347
v 0.142497 0.211038 0.160196
v 0.119990 0.232672 0.067461
v 0.104968 0.203923 0.210580
v -0.009410 0.186864 0.134592
v 0.043259 0.199306 0.214034
v 0.154028 0.189189 0.202092
v 0.131632 0.204296 0.200071
v 0.146819 0.193758 0.209079
v 0.064125 0.201614 0.231597
v -0.041917 0.177323 0.192304
v -0.104529 0.186352 0.083597
v 0.042788 0.145426 0.067940
v 0.043865 0.192247 0.024889
v -0.086516 0.006239 0.030028
v -0.080391 0.005387 0.066803
v -0.077171 0.005241 0.054559
v -0.085441 0.006517 0.029526
v -0.101214 0.009202 0.076718
v -0.090395 0.009016 0.067178
v -0.089236 0.008745 0.068869
v -0.097076 0.009321 0.032336
v -0.093538 0.004284 0.032114
v -0.089013 0.010827 0.032245
v -0.087978 0.004762 0.036804
v -0.089595 0.005236 0.068278
v -0.096652 0.010104 0.078362
v -0.080712 0.002599 0.042971
v -0.079302 0.002824 0.064374
v -0.085560 0.008192 0.021224
v -0.086890 0.002040 0.026651
v -0.087744 0.007602 0.078300
v -0.091076 0.013969 0.030487
v -0.092941 0.010326 0.029080
v -0.091789 0.001477 0.038197
v -0.088725 0.004639 0.037890
v -0.091640 0.003626 0.041663
v -0.096840 0.004182 0.035599
v -0.088545 0.011644 0.023155
v -0.087030 0.013877 0.047410
v -0.088513 0.010618 0.030653
v -0.086483 0.002248 0.050972
v -0.089725 0.004192 0.045865
v -0.087362 0.002891 0.063332
v -0.087843 0.006368 0.069177
v -0.090547 0.004272 0.066811
v -0.092341 0.013052 0.073823
v -0.088204 0.010022 0.068385
v -0.095086 0.001578 0.072306
v -0.097672 0.004353 0.077336
v -0.100532 0.004256 0.073992
v -0.094075 0.003550 0.068759
v -0.091119 0.010765 0.077989
v -0.082191 0.001995 0.058195
v -0.084396 0.001423 0.044226
v -0.085915 0.013052 0.030899
v -0.078707 0.002803 0.061003
v -0.080014 0.000795 0.053774
v -0.081875 0.009009 0.035966
v -0.081001 0.011247 0.049027
v -0.084433 0.002338 0.066993
v -0.082649 0.002016 0.062189
v -0.081381 0.003137 0.068363
v -0.081145 0.000835 0.065325
v -0.087724 0.001356 0.037701
v -0.089822 0.001088 0.033227
v -0.090221 0.011163 0.019890
v -0.085100 0.002473 0.031780
v -0.086678 0.000637 0.033232
v -0.087662 0.007563 0.015112
v -0.087667 0.010300 0.014925
v -0.093502 0.001191 0.076169
v -0.089743 0.002143 0.070757
v -0.089361 0.002225 0.077546
v -0.089214 0.000899 0.074106
v -0.092105 0.006585 0.068016
v -0.096503 0.003712 0.039653
v -0.099245 0.003785 0.070682
v -0.102816 0.002395 0.060910
v -0.091796 0.003321 0.062562
v -0.108287 0.010750 0.069862
v -0.081982 0.093690 0.037902
v -0.109471 0.040570 0.012283
v -0.111016 0.109643 0.023863
v -0.099761 0.038642 0.059767
v -0.116376 0.038458 0.060870
v -0.110205 0.105376 0.067726
v -0.102223 0.032269 0.015826
v -0.109263 0.038144 0.066938
v -0.120696 0.063928 0.042456
v -0.115661 0.060845 0.063603
v -0.099717 0.052291 -0.013329
v -0.120040 0.057825 0.001248
v -0.105026 0.052202 -0.015236
v -0.105573 0.058557 0.062893
v -0.113377 0.056638 -0.009121
v -0.098236 0.060671 0.041644
v -0.104987 0.009270 0.074323
v -0.109840 0.011266 0.063619
v -0.100813 0.009267 0.034354
v -0.097681 0.020318 0.031689
v -0.093377 0.020302 0.041527
v -0.092930 0.021321 0.058855
v -0.098633 0.020206 0.070195
v -0.109435 0.019827 0.069767
v -0.113268 0.020690 0.057656
v -0.106560 0.022149 0.032773
v -0.108421 0.020257 0.046962
v -0.099060 0.006088 0.038289
v -0.091996 0.004333 0.044348
v -0.103952 0.006434 0.072381
v -0.094113 0.003715 0.067536
v 0.103446 0.009099 0.032550
v 0.094870 0.011035 0.059024
v 0.099766 0.009095 0.068924
v 0.096418 0.010557 0.064714
v 0.116407 0.015151 0.044418
v 0.112705 0.002643 0.058335
v 0.101645 0.002054 0.056553
v 0.106392 0.000464 0.051572
v 0.105355 0.003626 0.065622
v 0.113700 0.002634 0.047782
v 0.102801 0.002054 0.044936
v 0.108196 0.003625 0.037920
v 0.113331 0.013373 0.063379
v 0.112698 0.006478 0.063594
v 0.116685 0.006048 0.053675
v 0.119982 0.010058 0.072894
v 0.123152 0.008510 0.070836
v 0.116098 0.000599 0.070469
v 0.116094 0.001995 0.074045
v 0.119572 0.011774 0.069438
v 0.096762 0.010894 0.040198
v 0.115264 0.001302 0.066760
v 0.111374 0.001051 0.071807
v 0.123876 0.010086 0.035566
v 0.122567 0.007407 0.032498
v 0.119710 0.000664 0.036773
v 0.124253 0.003059 0.038855
v 0.118544 0.010806 0.032589
v 0.112294 0.014570 0.064428
v 0.115505 0.001052 0.033987
v 0.118405 0.001333 0.040089
v 0.129396 0.012820 0.062520
v 0.131448 0.010616 0.057802
v 0.126992 0.001563 0.062374
v 0.127210 0.003385 0.066410
v 0.128444 0.014296 0.058171
v 0.124187 0.001983 0.057566
v 0.122064 0.001591 0.064945
v 0.129630 0.012190 0.048272
v 0.128907 0.009639 0.043650
v 0.127144 0.001601 0.047914
v 0.132136 0.005043 0.052738
v 0.125509 0.013178 0.043177
v 0.122322 0.001669 0.044549
v 0.124036 0.001962 0.052161
v 0.116558 0.014526 0.053650
v 0.114056 0.010690 0.073934
v 0.110702 0.003405 0.064221
v 0.104225 0.004092 0.068842
v 0.107130 0.004195 0.072403
v 0.109730 0.001432 0.067728
v 0.117133 0.011223 0.065224
v 0.112140 0.013428 0.069196
v 0.124663 0.013115 0.066272
v 0.116275 0.003052 0.055429
v 0.114017 0.003344 0.062323
v 0.118456 0.004764 0.065674
v 0.117763 0.001370 0.059696
v 0.127273 0.013623 0.054984
v 0.119380 0.015405 0.060264
v 0.114908 0.015204 0.062388
v 0.128544 0.013923 0.053121
v 0.115290 0.003322 0.044625
v 0.116457 0.003047 0.052019
v 0.122667 0.005239 0.054455
v 0.118183 0.001353 0.048452
v 0.121973 0.012344 0.040935
v 0.120167 0.015151 0.048043
v 0.115173 0.014833 0.040962
v 0.123080 0.012017 0.038320
v 0.108030 0.004093 0.034364
v 0.113472 0.003396 0.041115
v 0.118339 0.004677 0.042379
v 0.113244 0.001431 0.037357
v 0.112023 0.009631 -0.020364
v 0.115816 0.013594 0.036436
v 0.115535 0.013686 0.042634
v 0.099373 0.010436 0.035293
v 0.114820 0.006525 0.042581
v 0.116825 0.015931 0.055420
v 0.120204 0.002543 0.068929
v 0.118057 0.007300 0.075386
v 0.120262 0.002046 0.033277
v 0.126356 0.008672 0.038646
v 0.131865 0.004958 0.058016
v 0.127754 0.009454 0.066529
v 0.128798 0.004177 0.043584
v 0.131738 0.010298 0.053215
v 0.108156 0.009942 0.073402
v 0.115365 0.004473 0.064223
v 0.119657 0.012021 0.066958
v 0.122755 0.005210 0.054487
v 0.127260 0.013771 0.055455
v 0.119901 0.004984 0.042431
v 0.121402 0.011983 0.040905
v 0.111555 0.004195 0.031933
v 0.106940 0.008601 -0.018300
v 0.117301 0.009656 0.043175
v 0.117461 0.009879 0.042329
v 0.119619 0.009916 0.054572
v 0.119740 0.009877 0.053578
v 0.115492 0.009571 0.064729
v 0.114372 0.009152 0.062949
v 0.103576 0.009029 0.071420
v 0.131730 0.009157 0.055623
v 0.126531 0.007881 0.040457
v 0.131789 0.006664 0.048635
v 0.124351 0.007083 0.068742
v 0.131870 0.009056 0.054923
v 0.130784 0.006403 0.062067
v 0.125240 0.007554 0.040354
v 0.117191 0.005279 0.030974
v 0.125138 0.004763 0.035854
v 0.112405 0.005251 0.075152
v 0.122135 0.006782 0.067975
v 0.120849 0.004442 0.072677
v 0.103277 0.012704 -0.017822
v 0.100460 0.013106 0.069405
v 0.099190 0.005373 0.050182
v 0.096059 0.008907 0.054491
v 0.096994 0.008902 0.044949
v 0.108910 0.000786 0.057269
v 0.104771 0.001348 0.061376
v 0.109925 0.000783 0.047187
v 0.106745 0.001347 0.041627
v 0.099639 0.005714 0.040387
v 0.097717 0.005721 0.059852
v 0.106306 0.013972 0.069894
v 0.110146 0.014043 0.033632
v 0.112330 0.001770 0.052818
v 0.108618 0.002170 0.061690
v 0.100581 0.004608 0.064373
v 0.110500 0.002164 0.042876
v 0.103279 0.004606 0.037203
v 0.117036 0.015946 0.052100
v 0.094375 0.013157 0.049354
v 0.095690 0.057919 0.130997
v 0.108065 0.061438 0.110764
v 0.083843 0.058511 0.076694
v 0.088353 0.059781 0.057147
v 0.178434 0.237447 0.061164
v 0.155012 0.283891 0.050753
v 0.097100 0.007844 0.062563
v 0.099575 0.007811 0.037616
v 0.107209 0.002704 0.039204
v 0.112047 0.001813 0.047609
v 0.104742 0.002706 0.063956
v 0.111032 0.001819 0.057725
v 0.095185 0.012553 0.044355
v 0.094177 0.012668 0.054472
v 0.097489 0.012626 0.067331
v 0.121282 0.007495 0.073186
v 0.118643 0.003397 0.066463
v 0.113023 0.008240 0.075213
v 0.125192 0.007568 0.035848
v 0.116093 0.002693 0.031966
v 0.125329 0.010472 0.039681
v 0.130297 0.009667 0.062139
v 0.129811 0.005616 0.055625
v 0.124460 0.010466 0.068413
v 0.130982 0.009480 0.048554
v 0.125142 0.004520 0.041555
v 0.130841 0.012066 0.055396
v 0.104406 0.011788 0.071242
v 0.113240 0.005792 0.063173
v 0.115357 0.012997 0.064335
v 0.118015 0.005640 0.053921
v 0.119152 0.014267 0.054192
v 0.116304 0.005989 0.043038
v 0.117158 0.012994 0.042596
v 0.107400 0.006407 0.032346
v 0.112708 0.015138 0.037159
v 0.107796 0.011424 -0.018838
v 0.110438 0.002808 0.037601
v 0.115841 0.005886 0.042926
v 0.116393 0.016016 0.048174
v 0.117289 0.013190 0.042633
v 0.115496 0.002309 0.048225
v 0.117945 0.005644 0.053933
v 0.115588 0.016157 0.058835
v 0.119178 0.014185 0.054019
v 0.114762 0.002320 0.058858
v 0.114744 0.005951 0.064100
v 0.109456 0.014992 0.067302
v 0.114115 0.012486 0.063253
v 0.107135 0.002809 0.066559
v 0.103257 0.006407 0.070554
v 0.129763 0.005636 0.054643
v 0.121846 0.000773 0.048408
v 0.126154 0.010873 0.040843
v 0.126475 0.014271 0.048023
v 0.130926 0.004090 0.048203
v 0.123372 0.003847 0.067521
v 0.122002 0.000827 0.061102
v 0.130874 0.012082 0.055747
v 0.126243 0.014630 0.062295
v 0.130132 0.003740 0.062360
v 0.121827 0.003690 0.041038
v 0.116409 0.000550 0.037134
v 0.117437 0.008121 -0.022656
v 0.120529 0.012038 0.035521
v 0.123271 0.002275 0.035971
v 0.111602 0.002691 0.073946
v 0.112824 0.000549 0.069071
v 0.122303 0.009982 0.068779
v 0.116463 0.011841 0.071460
v 0.119046 0.001961 0.071786
v 0.099405 0.005102 0.044736
v 0.106696 0.000598 0.045981
v 0.098342 0.005105 0.055502
v 0.105581 0.000598 0.057101
v 0.100864 0.012585 0.033167
v -0.093264 0.007145 0.030110
v -0.088527 0.007972 0.034217
v -0.088485 0.008203 0.031443
v -0.087534 0.007706 0.069491
v -0.088474 0.007726 0.067856
v -0.097317 0.007102 0.078432
v -0.119039 0.062257 0.058042
v -0.101444 0.050524 -0.015561
v -0.110913 0.059596 0.064687
v -0.121731 0.064274 0.014296
v -0.098431 0.058326 -0.007900
v -0.117028 0.056767 -0.004190
v -0.109518 0.055670 -0.013629
v -0.100975 0.058056 0.057464
v -0.080369 0.005457 0.038462
v -0.084718 0.005117 0.026215
v -0.086842 0.004511 0.020268
v -0.088168 0.005008 0.078085
v -0.090610 0.009410 0.068288
v -0.104107 0.010810 0.075399
v -0.100250 0.010997 0.032755
v -0.089891 0.002282 0.039978
v -0.093254 0.002247 0.034861
v -0.089829 0.012945 0.031559
v -0.092205 0.012926 0.029379
v -0.087409 0.002465 0.044453
v -0.097126 0.002355 0.075193
v -0.092205 0.002524 0.069642
v -0.095181 0.012495 0.076759
v -0.079309 0.001162 0.058833
v -0.081579 0.001155 0.046559
v -0.082433 0.001444 0.067156
v -0.080079 0.001189 0.064063
v -0.086179 0.001083 0.035096
v -0.087536 0.000821 0.031164
v -0.088519 0.009845 0.014106
v -0.086971 0.010324 0.018685
v -0.090632 0.000902 0.076389
v -0.088139 0.002329 0.071725
v -0.087920 0.009417 0.077367
v -0.103782 0.003015 0.066018
v -0.097084 0.001308 0.064892
v -0.100572 0.003770 0.056602
v -0.108762 0.008616 0.062654
v -0.105327 0.009127 0.055071
v -0.093371 0.021492 0.047588
v -0.094266 0.018597 0.036594
v -0.102020 0.020934 0.029713
v 0.032651 0.244965 0.094788
v 0.045640 0.203188 0.233584
v 0.021045 0.187703 0.148895
v -0.043966 0.194376 0.199156
v 0.068812 0.219802 0.230816
v 0.149163 0.206142 0.167721
v 0.133222 0.218947 0.130618
v -0.084922 0.199404 0.198110
v 0.152159 0.182938 0.143097
v -0.014299 0.170319 0.131749
v -0.095704 0.185468 -0.079854
v -0.114519 0.208963 0.041202
v 0.103754 0.219310 0.105608
v -0.256174 0.119890 0.070905
v -0.260705 0.128630 0.073749
v -0.259976 0.134364 0.073842
v -0.250260 0.114029 0.064726
v -0.179593 0.170341 0.013313
v -0.183775 0.176300 0.015419
v -0.191432 0.181126 -0.027702
v -0.174299 0.165363 0.006579
v -0.293064 0.107166 0.018034
v -0.293529 0.132865 0.016391
v -0.313275 0.111263 0.002146
v -0.313929 0.122646 0.002299
v -0.211225 0.135786 0.022284
v -0.223549 0.154903 0.023962
v -0.296376 0.122069 0.035764
v -0.295088 0.112175 0.032167
v -0.130800 0.237883 0.024808
v -0.127525 0.220092 0.040528
v -0.126530 0.211216 0.039388
v -0.129572 0.230515 0.037661
v -0.156943 0.204932 0.040589
v -0.147561 0.194534 0.037375
v -0.221093 0.149592 0.031705
v -0.216539 0.140957 0.029410
v -0.151195 0.199525 0.039303
v 0.157215 0.228659 0.079571
v 0.123291 0.249790 0.096531
v 0.122050 0.287946 -0.005084
v 0.143645 0.238567 0.064583
v 0.124851 0.283431 0.051756
v 0.165938 0.223759 0.084271
v 0.092658 0.060859 0.055293
v 0.090562 0.057207 0.119966
v 0.107140 0.060344 0.124049
v 0.101892 0.063243 0.069114
v -0.104029 0.018584 0.072572
v -0.094108 0.019817 0.066137
v -0.111614 0.017944 0.064644
v -0.112465 0.021313 0.051372
v -0.106707 0.020191 0.041651
v -0.082795 0.092403 0.056512
v -0.105567 0.103613 0.000559
v -0.091454 0.094671 0.068244
v -0.094174 0.099857 0.025782
v -0.102252 0.251913 0.019590
v -0.105556 0.242809 0.047398
v -0.089464 0.170151 0.000765
v 0.081373 0.155482 0.006212
v 0.095069 0.142416 0.042557
v 0.119555 0.161340 0.048979
v 0.067343 0.155310 0.119704
v 0.103917 0.190286 0.222836
v 0.135949 0.151759 0.187116
v 0.138872 0.152817 0.248521
v -0.014370 0.196252 0.159940
v -0.016708 0.160433 0.075150
v 0.043345 0.197752 0.045621
v 0.044126 0.129868 0.009320
v -0.012297 0.201737 0.042546
v 0.157105 0.202184 0.156609
v -0.010913 0.222549 0.103881
v -0.012819 0.245508 0.061916
v 0.127393 0.161897 0.238167
v -0.011721 0.257613 0.019354
v -0.114257 0.111090 0.036149
v -0.083256 0.090498 -0.002963
v -0.104408 0.101902 0.071374
v -0.113922 0.108035 0.059856
v 0.120168 0.154296 0.057619
v 0.075103 0.164956 0.203147
v 0.107023 0.165385 0.230371
v 0.131886 0.190070 0.220987
v 0.069966 0.140778 0.047816
v 0.145444 0.180990 0.226242
v 0.066907 0.184075 0.192556
v 0.107508 0.062584 0.096572
v 0.100743 0.058815 0.136312
v 0.084231 0.057742 0.090844
v 0.085259 0.059109 0.064761
v 0.124161 0.134853 0.136702
v 0.091309 0.130158 0.051365
v 0.124853 0.131112 0.198686
v 0.075587 0.135577 0.073030
v 0.116730 0.130551 0.235148
v 0.071848 0.133674 0.014532
v -0.073675 0.257660 0.024708
v -0.042103 0.257857 0.022912
v -0.160649 0.208774 0.032687
v -0.044271 0.166739 0.174450
v 0.062949 0.256449 0.110638
v 0.093977 0.271913 0.077571
v 0.138356 0.175378 0.080011
v 0.100055 0.132521 0.227632
v 0.083687 0.137760 0.167846
v 0.096773 0.249323 0.127262
v 0.110959 0.135626 0.072415
v -0.014613 0.146727 0.011245
v -0.049996 0.155965 0.008526
v -0.072091 0.162670 0.012886
v -0.060409 0.227519 0.224186
v 0.040889 0.188635 0.114746
v -0.108868 0.227772 0.066464
v -0.094950 0.228087 0.219209
v -0.042802 0.239535 0.192069
v -0.075843 0.242514 0.203157
v 0.061014 0.237669 0.173483
v 0.031212 0.226310 0.172431
v 0.162927 0.302605 0.066713
v 0.171546 0.249710 0.039566
v 0.167132 0.272585 0.068673
v 0.184547 0.242807 0.057105
v 0.217293 0.317994 0.090074
v 0.235824 0.284216 0.081581
v 0.203474 0.330717 0.095427
v 0.207831 0.332526 0.088287
v 0.206775 0.251052 0.267665
v 0.176125 0.278610 0.107121
v 0.210915 0.260140 0.272307
v 0.191688 0.325671 0.095709
v 0.190927 0.333205 0.069665
v 0.227601 0.270176 0.277374
v 0.175082 0.256901 0.053298
v 0.188924 0.248263 0.060401
v 0.216362 0.352351 0.056132
v 0.214174 0.355641 0.052852
v 0.198272 0.335625 0.079295
v 0.206566 0.338950 0.069357
v 0.206036 0.333200 0.092347
v 0.201047 0.323414 0.123017
v 0.217532 0.327347 0.108682
v 0.219052 0.357402 0.053312
v 0.204537 0.336069 0.082709
v 0.203283 0.333042 0.091364
v 0.205777 0.323526 0.129265
v 0.215194 0.326238 0.114452
v 0.219158 0.355454 0.054389
v 0.198547 0.339274 0.066281
v 0.205283 0.337824 0.075987
v 0.203987 0.332829 0.083182
v 0.215265 0.337050 0.077557
v 0.209437 0.338375 0.073767
v 0.215552 0.355288 0.057394
v 0.219078 0.355703 0.051020
v 0.214899 0.351691 0.058042
v 0.217020 0.351912 0.055161
v 0.219228 0.354100 0.053171
v 0.216572 0.353755 0.057411
v 0.212371 0.354068 0.056919
v 0.215260 0.354629 0.050844
v 0.204282 0.331250 0.091585
v 0.207525 0.302901 0.280748
v 0.207686 0.328909 0.092259
v 0.204459 0.304346 0.275908
v 0.215218 0.337942 0.074494
v 0.209207 0.321670 0.138656
v 0.199497 0.307623 0.244437
v 0.202305 0.298275 0.276770
v 0.215443 0.321747 0.103590
v 0.233120 0.274751 0.213801
v 0.237003 0.277937 0.082745
v 0.212467 0.329608 0.085538
v 0.194012 0.258743 0.122425
v 0.198034 0.256723 0.083743
v 0.223496 0.258619 0.097858
v 0.188905 0.277402 0.265946
v 0.188969 0.312027 0.134112
v 0.177226 0.318473 0.081024
v 0.176243 0.324940 0.059591
v 0.238358 0.279035 0.067661
v 0.239489 0.279835 0.050764
v 0.237516 0.285680 0.053263
v 0.186459 0.265371 0.111025
v 0.197099 0.300102 0.270363
v 0.177303 0.265590 0.091009
v 0.169834 0.257241 0.054873
v 0.188221 0.295280 0.236480
v 0.176846 0.297320 0.113367
v 0.155928 0.274837 0.050314
v 0.166577 0.291274 0.078739
v 0.158246 0.263014 0.039637
v 0.231284 0.260826 0.130134
v 0.234395 0.262742 0.068222
v 0.227451 0.256505 0.273125
v 0.234530 0.292422 0.061073
v 0.214446 0.328530 0.085011
v 0.176189 0.308881 0.095096
v 0.162536 0.310802 0.056679
v 0.148539 0.301830 0.040429
v 0.225736 0.289070 0.285298
v 0.219729 0.276146 0.282071
v 0.225049 0.275412 0.278630
v 0.228899 0.276860 0.309534
v 0.175352 0.239407 0.055435
v 0.163055 0.248067 0.037745
v 0.187376 0.265640 0.231119
v 0.180906 0.245628 0.054509
v 0.184355 0.252093 0.066662
v 0.169478 0.243161 0.043732
v 0.232560 0.299452 0.069515
v 0.226615 0.283431 0.291934
v 0.212936 0.307319 0.246828
v 0.201280 0.273947 0.273752
v 0.193543 0.253275 0.068976
v 0.208746 0.273179 0.277436
v 0.208831 0.262298 0.272813
v 0.182677 0.279475 0.200324
v 0.208225 0.267483 0.275073
v 0.183637 0.268551 0.153946
v 0.181516 0.262939 0.080857
v 0.188514 0.257235 0.086474
v 0.201154 0.257308 0.266460
v 0.208105 0.258800 0.099243
v 0.198308 0.264800 0.268474
v 0.174773 0.326557 0.043661
v 0.188396 0.332317 0.062112
v 0.194296 0.289563 0.272033
v 0.232553 0.256368 0.276286
v 0.168315 0.282340 0.079850
v 0.178170 0.288888 0.127783
v 0.205716 0.273974 0.276233
v 0.236004 0.264293 0.066913
v 0.188989 0.287319 0.264558
v 0.209484 0.351331 0.054928
v 0.211348 0.349612 0.063662
v 0.211322 0.347572 0.063156
v 0.212861 0.348500 0.063882
v 0.208421 0.349694 0.060803
v 0.212710 0.350700 0.052747
v 0.217900 0.350750 0.052800
v 0.215041 0.348129 0.058145
v 0.218239 0.349383 0.055553
v 0.212712 0.347933 0.060464
v 0.229214 0.260718 0.108109
v 0.226573 0.252536 0.280382
v 0.224858 0.257977 0.273673
v 0.232576 0.262121 0.068287
v 0.226362 0.260111 0.102523
v 0.015916 0.235246 0.107001
v 0.012914 0.212168 0.165030
v 0.017128 0.251819 0.054000
v 0.020323 0.197527 0.121102
v 0.021432 0.190254 0.158661
v 0.023787 0.145646 0.060216
v 0.025476 0.194005 0.024499
v 0.016554 0.222160 0.136679
v 0.022794 0.154054 0.085350
v 0.025424 0.132127 0.009526
v 0.025207 0.198279 0.041673
v 0.017544 0.173951 0.143422
v 0.016871 0.199297 0.174499
v 0.016667 0.244484 0.078334
v 0.017793 0.257315 0.027897
v 0.088414 0.079919 0.099038
v 0.084045 0.076523 0.130395
v 0.113065 0.076256 0.183893
v 0.097948 0.075223 0.211131
v 0.093419 0.080740 0.096663
v 0.092959 0.075163 0.197472
v 0.111414 0.076094 0.195795
v 0.104189 0.079605 0.119315
v 0.112188 0.076355 0.165992
v 0.103277 0.075471 0.214167
v 0.091856 0.077794 0.158462
v 0.084965 0.078308 0.110743
v 0.098817 0.080818 0.102794
v 0.089112 0.075428 0.178996
v 0.108993 0.077650 0.143072
v 0.107946 0.075844 0.206366
v 0.105389 0.031296 0.062232
v 0.103142 0.029853 -0.026289
v 0.089280 0.026867 0.061680
v 0.098478 0.028825 -0.023757
v 0.093331 0.023920 -0.020819
v 0.092093 0.027896 0.066144
v 0.107601 0.031836 0.057576
v 0.100645 0.028997 -0.026543
v 0.106481 0.031180 0.039294
v 0.101482 0.030360 0.066146
v 0.087916 0.027025 0.055376
v 0.090409 0.023555 0.038343
v 0.096504 0.029029 0.067787
v 0.108245 0.031772 0.051194
v 0.087893 0.027385 0.048472
v 0.091430 0.024145 0.035106
v -0.094462 0.141764 0.105249
v -0.064444 0.129643 0.082836
v -0.079808 0.140012 0.042439
v -0.099816 0.146292 0.070806
v -0.060361 0.128008 0.067790
v -0.087646 0.137582 0.112657
v -0.071484 0.131297 0.099150
v -0.098873 0.144781 0.089825
v -0.087625 0.139700 0.029072
v -0.096391 0.146259 0.050091
v -0.074068 0.137150 0.048662
v -0.091746 0.143240 0.029616
v -0.066212 0.131692 0.038753
v -0.080117 0.132018 0.112827
v -0.059042 0.127352 0.052991
v -0.060654 0.128027 0.041421
v -0.086087 0.149473 0.020923
v -0.056944 0.147359 0.034891
v -0.074680 0.147358 0.140476
v -0.047944 0.144858 0.058298
v -0.049686 0.144441 0.041864
v -0.054965 0.148514 0.099062
v -0.098810 0.159178 0.093732
v -0.072258 0.150833 0.028082
v -0.049831 0.146588 0.077900
v -0.085186 0.153651 0.135579
v -0.064137 0.149722 0.126701
v -0.079925 0.151096 0.029093
v -0.091939 0.157107 0.046345
v -0.064567 0.149588 0.035842
v -0.076208 0.112501 0.038896
v -0.105750 0.127853 0.061483
v -0.086752 0.116032 0.085080
v -0.093165 0.118304 0.029794
v -0.074038 0.109558 0.068775
v -0.099873 0.123376 0.084199
v -0.102974 0.126438 0.035656
v -0.069915 0.108222 0.048943
v -0.070693 0.108321 0.058787
v -0.101357 0.120897 0.024589
v -0.079923 0.112360 0.078169
v -0.084204 0.119911 0.051000
v -0.104809 0.128385 0.048687
v -0.071668 0.109240 0.040997
v -0.093640 0.119790 0.087952
v -0.104031 0.126149 0.074332
v 0.100102 0.094191 0.239119
v 0.117513 0.093271 0.210980
v 0.084876 0.096582 0.164923
v 0.088768 0.100571 0.126469
v 0.110940 0.093643 0.225837
v 0.113110 0.095002 0.178223
v 0.089646 0.095383 0.206805
v 0.100440 0.100468 0.131086
v 0.085370 0.098635 0.141694
v 0.091820 0.093826 0.190756
v 0.106033 0.093784 0.239104
v 0.116829 0.093166 0.199120
v 0.107129 0.098078 0.151618
v 0.114965 0.093449 0.215590
v 0.094002 0.094669 0.225543
v 0.094264 0.100950 0.124389
v -0.078925 0.002470 0.066878
v -0.086683 0.003331 0.034953
v -0.088972 0.000593 0.036420
v -0.090148 0.008564 0.020727
v -0.089634 0.012234 0.020595
v -0.085241 0.001964 0.028224
v -0.093327 0.002826 0.078314
v -0.092082 0.000684 0.073262
v -0.086260 0.008783 0.069332
v -0.089828 0.011602 0.074911
v -0.087413 0.002762 0.074769
v -0.106362 0.005261 0.059821
v -0.098065 0.001598 0.061638
v -0.101526 0.012789 0.037216
v 0.219320 0.294723 0.283400
v 0.202266 0.331664 0.085525
v 0.217752 0.325039 0.121622
v 0.218938 0.298947 0.283284
v 0.223232 0.270165 0.280586
v 0.224102 0.269094 0.280272
v 0.220613 0.269280 0.279891
v 0.222269 0.262010 0.274879
v 0.224147 0.259164 0.273967
v 0.229331 0.261007 0.070556
v 0.223011 0.252913 0.271232
v 0.225236 0.258623 0.072588
v 0.221195 0.251823 0.271320
v 0.219370 0.253032 0.270564
v 0.220184 0.257849 0.076882
v 0.219486 0.258254 0.111695
v 0.214216 0.250998 0.273995
v 0.214158 0.258741 0.089394
v 0.216210 0.344725 0.059967
v 0.212230 0.343489 0.064285
v 0.216508 0.343614 0.063267
v 0.208829 0.343098 0.067026
v 0.204266 0.345408 0.059638
v 0.207097 0.341691 0.074607
v 0.207674 0.341993 0.071625
v 0.209091 0.341205 0.075249
v 0.203497 0.343017 0.068236
v 0.209645 0.345044 0.058753
v 0.228077 0.261313 0.103884
v 0.231232 0.262338 0.069669
v 0.226929 0.261069 0.103959
v 0.226007 0.260803 0.149955
v 0.225222 0.266266 0.129087
v 0.224179 0.270645 0.110462
v 0.222177 0.266925 0.210620
v 0.218951 0.266097 0.275471
v 0.223290 0.253875 0.271479
v 0.230244 0.262234 0.069915
v 0.207344 0.294479 0.279258
v 0.209509 0.295831 0.281076
v 0.209206 0.288103 0.280322
v 0.207837 0.288074 0.279674
v 0.206738 0.285894 0.279012
v 0.210719 0.291538 0.280430
v 0.207631 0.286064 0.279473
v 0.205641 0.286075 0.278445
v 0.204724 0.292261 0.278031
v 0.204817 0.291210 0.278088
v 0.205225 0.287741 0.278315
v 0.214139 0.292636 0.282110
v 0.217632 0.292657 0.282682
v 0.216172 0.290252 0.282192
v 0.216160 0.295796 0.283169
v 0.206716 0.285648 0.278952
v 0.211624 0.294739 0.281056
v 0.214673 0.291376 0.281457
v 0.108240 0.023293 0.062021
v 0.108302 0.022906 0.035249
v 0.091510 0.020764 0.060926
v 0.101266 0.021724 -0.020162
v 0.094069 0.020420 -0.019598
v 0.094219 0.021578 0.065753
v 0.110359 0.023726 0.057374
v 0.105245 0.022365 -0.021003
v 0.110332 0.023500 0.043523
v 0.104267 0.022805 0.065963
v 0.090269 0.021361 0.055036
v 0.090886 0.020190 0.039140
v 0.098936 0.022010 0.067678
v 0.111120 0.023571 0.051881
v 0.090316 0.021723 0.048832
v 0.092021 0.020124 0.035119
v 0.093181 0.016352 0.043047
v 0.095881 0.014151 0.037777
v 0.098596 0.016488 0.033808
v 0.097126 0.020986 -0.019645
v 0.091067 0.020816 0.043349
v 0.088968 0.027056 0.041320
v 0.090422 0.028912 0.035456
v 0.094596 0.027917 -0.022351
v 0.219393 0.262087 0.094092
v 0.209993 0.259442 0.271094
v 0.204326 0.287886 0.116052
v 0.198558 0.266023 0.269029
v 0.200170 0.273809 0.272878
v 0.200752 0.274307 0.272942
v 0.198409 0.263255 0.267854
v 0.199838 0.271660 0.271881
v 0.203596 0.278409 0.271777
v 0.201183 0.274791 0.276012
v 0.198559 0.260661 0.267134
v 0.200612 0.273684 0.272912
v 0.199490 0.257664 0.263980
v 0.202164 0.258972 0.269666
v 0.198976 0.258430 0.268156
v 0.199064 0.268878 0.270433
v 0.227098 0.268275 0.100799
v 0.230001 0.268033 0.071041
v 0.221743 0.254294 0.279490
v 0.223847 0.268568 0.137177
v 0.222272 0.271871 0.117737
v 0.213683 0.263582 0.273668
v 0.212374 0.265628 0.275311
v 0.212433 0.264201 0.274688
v 0.220741 0.273588 0.112717
v 0.218565 0.267902 0.215490
v 0.215889 0.262130 0.274768
v 0.212791 0.264337 0.275018
v 0.224397 0.262440 0.079344
v 0.213119 0.258115 0.271451
v 0.211368 0.264362 0.273214
v 0.213924 0.264275 0.274111
v 0.216036 0.264333 0.289481
v 0.209317 0.260911 0.271565
v 0.209332 0.263101 0.272643
v 0.209894 0.264272 0.273123
v 0.217719 0.264175 0.295942
v 0.219694 0.263849 0.297050
v 0.226113 0.274947 0.077207
v 0.223717 0.273550 0.120026
v 0.216550 0.256540 0.217679
v 0.211379 0.260573 0.272149
v 0.174845 0.277584 0.087400
v 0.177362 0.267559 0.069121
v 0.178204 0.265215 0.052367
v 0.177830 0.266280 0.061849
v 0.173006 0.282869 0.082746
v 0.176903 0.269249 0.076108
v 0.170781 0.288650 0.061998
v 0.170184 0.289889 0.051637
v 0.178306 0.264437 0.039658
v 0.173940 0.280356 0.085944
v 0.176385 0.271604 0.082513
v 0.172133 0.285084 0.077721
v 0.171398 0.287026 0.070779
v 0.175685 0.274566 0.086533
v 0.169481 0.290346 0.039416
v 0.139117 0.261053 -0.028247
v 0.149137 0.254279 0.022204
v 0.146499 0.267975 0.000000
v 0.144406 0.263788 0.005142
v 0.151919 0.254539 0.021895
v 0.143999 0.255434 0.023213
v 0.153719 0.251142 0.025561
v 0.140752 0.262719 -0.017469
v 0.142970 0.264965 -0.007599
v 0.154927 0.255153 0.019484
v 0.143423 0.259185 0.016752
v 0.156350 0.253457 0.018686
v 0.154460 0.252204 0.023446
v 0.159344 0.254772 0.014217
v 0.146246 0.254180 0.023693
v 0.147475 0.245109 0.045404
v 0.142520 0.242379 0.054881
v 0.137088 0.240191 0.063578
v 0.131289 0.237345 0.077807
v 0.125871 0.233509 0.101297
v 0.124377 0.235327 0.093739
v 0.127704 0.243583 0.063687
v 0.145164 0.242400 0.052128
v 0.138491 0.238911 0.063245
v 0.131996 0.237487 0.070257
v 0.126520 0.236675 0.071352
v 0.122365 0.236560 0.074908
v 0.120791 0.236923 0.074681
v 0.122034 0.239632 0.075240
v 0.144625 0.241706 0.052835
v 0.137906 0.237975 0.061766
v 0.130993 0.236955 0.067009
v 0.125376 0.237757 0.062466
v 0.122066 0.238764 0.055056
v 0.120445 0.239523 0.054284
v 0.120368 0.240665 0.069614
v 0.187753 0.287233 0.133933
v 0.187307 0.270316 0.129649
v 0.188271 0.268319 0.101528
v 0.187611 0.269408 0.113068
v 0.189607 0.268219 0.096199
v 0.187778 0.290560 0.100404
v 0.187799 0.292883 0.084746
v 0.187542 0.271582 0.241165
v 0.187960 0.283145 0.200451
v 0.188127 0.280057 0.244143
v 0.187314 0.270439 0.162699
v 0.187435 0.270208 0.211794
v 0.187681 0.274317 0.251339
v 0.187937 0.277262 0.252737
v 0.191790 0.270370 0.113440
v 0.157674 0.277284 0.032580
v 0.162639 0.267016 0.037519
v 0.161111 0.269563 0.037382
v 0.152992 0.279196 -0.003359
v 0.166975 0.261343 0.032321
v 0.157056 0.279315 0.028603
v 0.167430 0.258182 0.020690
v 0.167353 0.259627 0.026845
v 0.165788 0.262789 0.035343
v 0.164242 0.264654 0.036910
v 0.155885 0.279938 0.020874
v 0.154459 0.279844 0.010067
v 0.167322 0.257222 0.013126
v 0.159702 0.272164 0.036584
v 0.158501 0.274775 0.035036
v 0.215775 0.272302 0.262387
v 0.213193 0.256168 0.271799
v 0.205420 0.259590 0.269485
v 0.207175 0.254910 0.271840
v 0.206417 0.268896 0.274199
v 0.205176 0.264790 0.271939
v 0.205545 0.267049 0.273133
v 0.209055 0.269094 0.274032
v 0.209667 0.254534 0.276219
v 0.210655 0.269791 0.274565
v 0.217199 0.281859 0.099237
v 0.206096 0.256954 0.268630
v 0.207427 0.268661 0.273782
v 0.212447 0.269300 0.275497
v 0.205158 0.262278 0.270684
v 0.230401 0.264360 0.069822
v 0.227621 0.264024 0.099232
v 0.225510 0.265713 0.118084
v 0.224485 0.269820 0.099779
v 0.223235 0.272556 0.091529
v 0.221193 0.272819 0.116889
v 0.218629 0.262289 0.277442
v 0.216946 0.267814 0.277506
v 0.222625 0.256672 0.273039
v 0.225323 0.262267 0.116501
v 0.228314 0.263109 0.072140
v 0.197054 0.288237 0.273434
v 0.199871 0.252559 0.241206
v 0.202781 0.258226 0.095714
v 0.190353 0.264518 0.262132
v 0.193248 0.257385 0.257872
v 0.192537 0.275578 0.268433
v 0.234273 0.265013 0.186557
v 0.237341 0.267229 0.063009
v -0.084966 0.013263 0.039711
v -0.085644 0.013156 0.035949
v -0.086539 0.011457 0.029925
v -0.086503 0.012202 0.030939
v -0.088973 0.011668 0.035381
v -0.088795 0.011340 0.033236
v -0.089144 0.014793 0.045147
v -0.083290 0.011814 0.043556
v -0.085687 0.011979 0.040812
v -0.084274 0.010711 0.037118
v -0.086166 0.011503 0.038035
v -0.089133 0.009567 0.034503
v -0.086340 0.012958 0.031856
v -0.086776 0.012860 0.032859
v -0.087213 0.012762 0.033859
v -0.087647 0.012662 0.034876
v -0.088085 0.012562 0.035893
v -0.088513 0.012461 0.036919
v -0.088950 0.012360 0.037948
v -0.087672 0.013912 0.043274
v -0.088351 0.013382 0.041243
v -0.085984 0.013025 0.034052
v -0.085622 0.012987 0.036735
v -0.086473 0.012821 0.035614
v -0.085847 0.012732 0.038162
v -0.084247 0.012723 0.041356
v -0.087022 0.012578 0.037409
v -0.085996 0.012413 0.039727
v -0.087410 0.012287 0.039106
v -0.088516 0.012826 0.039140
v -0.087727 0.013182 0.039490
v -0.087727 0.012871 0.037252
v -0.086953 0.013173 0.037872
v -0.086324 0.013545 0.040822
v -0.086888 0.012981 0.035490
v -0.086172 0.013196 0.036569
v -0.086121 0.013077 0.034007
v -0.086014 0.012158 0.049855
v -0.088850 0.012112 0.036452
v -0.088432 0.012014 0.034488
v -0.088097 0.012339 0.034834
v -0.087749 0.011627 0.031327
v -0.087722 0.012161 0.033022
v -0.087290 0.012486 0.033060
v -0.087001 0.012218 0.031606
v -0.086548 0.012592 0.031534
v -0.089054 0.010409 0.032884
v -0.089158 0.010930 0.034817
v -0.088265 0.014600 0.045690
v -0.088602 0.014024 0.043327
v -0.090570 0.016193 0.044649
v -0.081031 0.010423 0.044255
v -0.084305 0.011334 0.040925
v -0.089113 0.007564 0.036240
v -0.087961 0.013037 0.051502
v -0.086424 0.012551 0.031551
v -0.086499 0.012060 0.031702
v -0.086910 0.012371 0.033152
v -0.085771 0.011073 0.032012
v -0.086688 0.011874 0.033367
v -0.087429 0.012175 0.035130
v -0.086737 0.011676 0.035499
v -0.087727 0.011981 0.037334
v -0.083222 0.011105 0.050664
v 0.048168 0.249343 -0.273279
v -0.218904 0.138447 -0.011428
v -0.128349 0.213975 -0.007769
v 0.155682 0.277272 0.050608
v -0.013141 0.214826 0.133150
v 0.201102 0.265597 0.270522
v 0.221994 0.268200 0.217434
v 0.121440 0.235935 0.083032
v -0.275764 0.115346 0.007403
v 0.165622 0.284952 -0.094428
v 0.222860 0.258397 0.126450
v -0.163259 0.183311 0.019293
v -0.091722 0.218915 0.217299
v 0.220076 0.262352 0.274889
v 0.178116 0.265529 0.055237
v -0.258987 0.119823 0.014427
v -0.162190 0.184885 -0.037604
v 0.025984 0.223374 -0.257360
v -0.177623 0.168357 0.011238
v -0.253340 0.117459 0.069801
v -0.031841 0.232524 -0.051045
v 0.097217 0.252894 -0.253391
v 0.223527 0.289138 -0.131690
v -0.028618 0.213468 0.170456
v 0.154872 0.279896 0.013137
v 0.139491 0.239659 0.062372
v 0.058305 0.254995 -0.283402
v 0.043449 0.230378 -0.281328
v -0.308317 0.109058 -0.009796
v -0.305553 0.109984 -0.011928
v 0.167418 0.258579 0.022420
v 0.076686 0.245904 -0.300429
v -0.294252 0.109545 0.028339
v -0.077959 0.218449 0.237265
v 0.120964 0.241623 0.070983
v 0.228502 0.260114 0.127730
v 0.067599 0.229890 -0.298606
v 0.034856 0.236497 -0.254544
v 0.206725 0.298725 -0.149861
v 0.216247 0.293180 -0.157788
v 0.145802 0.243096 0.050599
v 0.080980 0.255552 -0.263217
v 0.226905 0.264511 0.105809
v 0.188796 0.289061 0.262917
v -0.104598 0.226350 -0.088898
v -0.037738 0.232955 -0.126064
v 0.004894 0.232052 -0.100879
v -0.148988 0.198710 -0.008905
v -0.137399 0.208836 0.005422
v 0.114752 0.253747 -0.224756
v -0.199134 0.152135 -0.029919
v -0.122159 0.217032 -0.018622
v -0.308789 0.108889 -0.004531
v -0.179419 0.168235 -0.048664
v -0.239569 0.126843 0.005578
v 0.062348 0.256027 -0.247985
v 0.219454 0.254866 0.194419
v 0.077118 0.253974 -0.296718
v 0.134212 0.260027 -0.136455
v -0.116149 0.222475 -0.042869
v 0.211909 0.295406 -0.154937
v 0.229372 0.285651 -0.071369
v 0.179171 0.294367 -0.102681
v 0.226585 0.286307 -0.104229
v 0.225439 0.258960 0.141100
v 0.150702 0.271971 -0.098463
v 0.190311 0.299119 -0.122145
v 0.220102 0.291580 -0.152216
v 0.199372 0.300459 -0.139611
v 0.207903 0.253135 0.267320
v 0.225814 0.268349 0.115018
v 0.187758 0.289200 0.111415
v -0.277363 0.112074 0.047831
v 0.228862 0.284435 -0.080971
v 0.048818 0.227722 0.210828
v -0.101532 0.219232 0.141039
v 0.064186 0.234838 0.181991
v -0.056169 0.219155 0.214086
v 0.141895 0.262570 0.057819
v 0.096867 0.240801 0.104522
v -0.126948 0.216355 0.039834
v -0.231010 0.127119 0.053514
v -0.137461 0.208668 0.043027
v -0.292779 0.112219 -0.006152
v 0.208953 0.276871 0.278592
v 0.000974 0.215334 0.134680
v 0.013894 0.214893 0.157601
v 0.038805 0.220412 0.206959
v -0.117418 0.219911 0.042747
v -0.308246 0.108924 0.002895
v -0.195116 0.153020 0.017533
v -0.305992 0.109116 0.012740
v 0.127374 0.239912 0.109731
v -0.214362 0.138663 0.027385
v -0.149627 0.197551 0.038809
v 0.177813 0.291130 0.125035
v 0.215041 0.260941 0.273639
v 0.195201 0.292206 0.272556
v 0.167847 0.284726 0.080170
v 0.203500 0.273764 0.274988
v 0.203232 0.258694 0.268244
v 0.230253 0.254353 0.260550
v 0.225920 0.259453 0.149371
v 0.227487 0.261518 0.111738
v 0.078656 0.231296 0.181582
v 0.227986 0.263445 0.276002
v 0.198496 0.290889 0.274451
v 0.208653 0.254409 0.276582
v 0.215389 0.253503 0.278142
v 0.224471 0.256097 0.243928
v 0.170370 0.289580 0.054611
v 0.154969 0.252541 0.022050
v 0.189178 0.268182 0.097404
v 0.201139 0.257777 0.271873
v 0.141373 0.263344 -0.014861
v 0.214425 0.269137 0.291713
v 0.127162 0.235470 0.080999
v 0.122687 0.234502 0.088783
v 0.123549 0.240687 0.071934
v 0.203018 0.276453 0.287284
v 0.133090 0.237469 0.072031
v -0.100407 0.193757 0.110813
v 0.134969 0.270082 -0.101226
v 0.209687 0.308829 0.266640
v -0.083090 0.226169 0.214067
v -0.128324 0.214612 0.049029
v 0.032756 0.225515 0.125316
v -0.261044 0.114268 0.023594
v 0.002422 0.226269 0.088765
v 0.209833 0.295983 0.280279
v 0.047960 0.228329 0.147359
v 0.209415 0.309789 0.257528
v 0.120342 0.263883 -0.160051
v -0.219452 0.133422 0.032835
v -0.199200 0.147120 0.021642
v 0.177320 0.298974 0.113063
v -0.316040 0.105431 0.000256
v 0.016905 0.225860 0.100118
v -0.294854 0.106734 0.001002
v 0.199892 0.309429 0.005147
v 0.125917 0.265392 0.062505
v 0.201089 0.295305 0.276347
v -0.141449 0.204945 0.004084
v -0.314637 0.104761 -0.004770
v -0.308731 0.104587 -0.006203
v 0.153512 0.286755 -0.077528
v 0.108365 0.261960 -0.113863
v -0.154495 0.192392 -0.008689
v -0.154506 0.190911 0.047791
v -0.222082 0.132704 -0.009278
v -0.168972 0.177682 -0.040110
v -0.184610 0.161700 -0.051742
v -0.202491 0.146194 -0.033286
v -0.277831 0.109856 0.016052
v -0.129820 0.212985 -0.007149
v -0.105936 0.225536 0.065197
v -0.242109 0.121385 0.012658
v 0.108144 0.260682 -0.174919
v 0.189994 0.307528 0.007292
v 0.208904 0.293794 0.254207
v 0.173243 0.302440 -0.055917
v 0.216685 0.297488 0.282605
v -0.096680 0.226995 0.133000
v -0.051968 0.218322 0.275015
v -0.048466 0.223721 0.209411
v -0.030817 0.224805 0.141299
v -0.012301 0.226179 0.085623
v 0.137640 0.274814 0.042199
v -0.140933 0.204218 0.052918
v -0.237190 0.121257 0.064423
v -0.168660 0.175796 0.026433
v -0.259237 0.112564 0.077230
v -0.182186 0.161526 0.017038
v -0.295618 0.105592 0.039785
v -0.279158 0.107838 0.063169
v -0.314097 0.105824 0.006468
v -0.116469 0.221677 0.050977
v -0.307746 0.106271 0.015786
v 0.111539 0.258292 0.083167
v 0.094928 0.252293 0.113864
v 0.078752 0.245737 0.142539
v 0.062887 0.236430 0.153330
v 0.149958 0.284120 0.046833
v 0.206157 0.295622 0.278604
v 0.214290 0.298134 0.281776
v 0.191047 0.296615 0.249777
v 0.163361 0.292637 0.071056
v 0.217074 0.298697 0.282575
v 0.209097 0.308662 0.266981
v 0.207982 0.294741 0.279543
v 0.206360 0.308236 0.019687
v -0.066133 0.101172 -0.054407
v -0.081971 0.022256 -0.061165
v 0.113536 0.010760 -0.032303
v 0.131073 0.015583 -0.046050
v 0.103947 0.009120 -0.023252
v 0.110991 0.011215 -0.029753
v -0.093163 0.011229 -0.056869
v 0.106456 0.074112 0.089924
v 0.113129 0.012532 0.045117
v -0.040182 0.132609 -0.064756
v -0.086799 0.011181 -0.059671
v 0.115394 0.024030 -0.053375
v 0.091011 0.025512 -0.034352
v 0.118379 0.022763 -0.050127
v -0.110595 0.022145 -0.053450
v -0.091966 0.084043 0.034192
v 0.087383 0.109775 0.142353
v -0.008900 0.241538 -0.075505
v -0.119262 0.226425 -0.030468
v 0.062312 0.161574 -0.067731
v 0.090140 0.032588 -0.044405
v 0.117053 0.009793 -0.035211
v 0.107077 0.009221 -0.026537
v -0.021522 0.154984 -0.066760
v 0.023592 0.158581 0.072687
v 0.122084 0.010656 0.046478
v -0.083313 0.072755 -0.050480
v -0.095486 0.010161 -0.056356
v -0.090651 0.028684 -0.055347
v 0.112816 0.025936 -0.056422
v 0.079005 0.142589 0.066486
v -0.099439 0.050652 -0.014490
v 0.115634 0.103239 0.203768
v 0.097281 0.018112 0.043223
v 0.128370 0.153725 0.148634
v -0.118861 0.236188 -0.033663
v 0.046672 0.162181 -0.062906
v -0.075854 0.087198 -0.051137
v 0.107786 0.039942 -0.079430
v -0.015449 0.166152 0.067214
v 0.090920 0.033407 0.036754
v 0.120205 0.024109 0.045932
v 0.090258 0.028772 -0.038908
v -0.112229 0.174510 -0.042339
v 0.049637 0.258457 -0.158060
v 0.041893 0.160354 0.083946
v -0.077499 0.018204 -0.062077
v 0.111930 0.114416 0.003955
v 0.027166 0.164754 -0.059763
v 0.128256 0.169039 -0.088824
v 0.121558 0.140145 0.165853
v 0.092594 0.026458 0.037612
v 0.109639 0.010409 0.045375
v 0.128951 0.021440 0.046292
v 0.129862 0.013569 0.045894
v 0.084706 0.107448 -0.029893
v 0.125890 0.169161 -0.110565
v 0.126362 0.009517 -0.042917
v -0.108589 0.018475 -0.053644
v -0.088871 0.043735 -0.049147
v -0.070611 0.121003 0.058177
v 0.099522 0.014843 0.042562
v 0.095974 0.021159 0.042276
v -0.105169 0.142195 -0.046166
v -0.110920 0.042675 -0.052604
v -0.086037 0.023546 -0.059904
v -0.081369 0.010387 -0.061161
v -0.102838 0.011569 -0.055225
v 0.106721 0.010407 0.043804
v -0.053797 0.251897 -0.058671
v 0.133376 0.180150 0.020114
v 0.106456 0.070669 -0.044688
v 0.104872 0.053169 -0.076540
v -0.020986 0.243294 -0.059013
v 0.031519 0.250715 -0.163354
v -0.115180 0.215680 -0.028854
v -0.115813 0.202878 -0.035590
v 0.070657 0.157109 -0.059751
v -0.106110 0.014674 -0.054406
v -0.079233 0.011875 -0.061379
v -0.083813 0.010444 -0.060406
v -0.091035 0.012309 -0.057569
v -0.087804 0.057997 -0.049789
v 0.100001 0.010533 -0.021230
v 0.096649 0.013470 -0.022688
v 0.094626 0.016780 -0.027291
v 0.127454 0.019847 -0.047274
v 0.122472 0.008897 -0.039453
v 0.108903 0.010249 -0.028051
v 0.086575 0.086782 -0.045318
v 0.089351 0.036867 -0.051591
v 0.086806 0.066427 -0.048480
v -0.054572 0.117110 -0.060215
v 0.109346 0.094839 -0.001516
v 0.110604 0.032215 -0.071028
v 0.093654 0.019920 -0.031308
v 0.092655 0.023590 -0.035313
v 0.130283 0.012765 -0.045506
v 0.122998 0.021485 -0.047939
v 0.128495 0.010895 -0.044513
v -0.089409 0.012120 -0.058860
v -0.106688 0.083733 -0.050484
v -0.105095 0.122686 -0.047752
v -0.105845 0.103664 -0.048899
v -0.107142 0.159077 -0.044215
v -0.098889 0.009966 -0.055903
v -0.089075 0.024828 -0.058562
v -0.077613 0.014730 -0.061913
v -0.108297 0.062769 -0.051732
v -0.112020 0.028075 -0.053573
v 0.002167 0.162014 -0.066782
v -0.115572 0.189019 -0.045713
v -0.078923 0.020856 -0.061953
v 0.130056 0.173585 -0.080900
v 0.076535 0.147708 -0.034139
v 0.078476 0.135790 -0.020610
v 0.014792 0.165394 -0.064335
v 0.087198 0.048129 -0.052658
v 0.081831 0.123703 -0.016491
v 0.009619 0.242516 -0.106340
v 0.122168 0.162230 -0.124915
v 0.114916 0.121566 -0.048586
v 0.134029 0.181419 0.068987
v -0.028911 0.247295 -0.036628
v 0.116652 0.126784 0.170725
v 0.087198 0.049860 0.041156
v 0.113443 0.026785 0.044597
v 0.104222 0.056573 0.049092
v -0.060519 0.138913 0.066284
v 0.132622 0.159639 0.176434
v 0.067186 0.161455 0.093710
v -0.081673 0.102478 0.052351
v 0.111308 0.086437 0.167538
v 0.089695 0.037769 0.038474
v 0.085462 0.269807 -0.095600
v -0.097678 0.066406 0.005901
v 0.102912 0.011892 0.042593
v 0.126747 0.011222 0.046240
v 0.118220 0.011252 0.046694
v 0.130654 0.016195 0.046069
v 0.129945 0.018995 0.046102
v 0.109317 0.032885 0.039446
v 0.086850 0.089805 0.108916
v 0.086806 0.070639 0.061384
v 0.111273 0.011423 0.045242
v 0.094531 0.024686 0.040412
v 0.116400 0.025023 0.046297
v 0.115393 0.012251 0.046425
v 0.125992 0.023160 0.045600
v -0.089078 0.020159 0.059280
v 0.091453 0.029609 0.037134
v -0.093246 0.030184 0.047158
v 0.075273 0.151964 0.069423
v 0.056478 0.163663 0.096343
v 0.134684 0.168157 0.167762
v 0.006587 0.219817 0.069203
v -0.034626 0.164540 0.075573
v 0.121040 0.192406 -0.101430
v -0.049120 0.154714 0.073288
v 0.082864 0.132882 0.099473
v -0.095773 0.252751 -0.051427
v -0.093222 0.253285 -0.024779
v 0.105004 0.040714 0.033746
v -0.075548 0.254359 -0.064620
v -0.039893 0.250174 -0.036386
v -0.119154 0.229053 -0.031307
v -0.094883 0.074964 0.013142
v -0.124109 0.087573 0.025647
v -0.098207 0.083473 0.013004
v -0.104769 0.087960 0.015843
v -0.117696 0.093727 0.018803
v 0.103576 0.010176 -0.017512
v 0.111315 0.006583 -0.019986
v -0.088523 0.092406 0.004405
v -0.092804 0.080137 0.009439
v -0.122072 0.092888 0.021609
v -0.103735 0.082934 0.019285
v -0.111836 0.095093 0.014599
v -0.102141 0.097854 0.014608
v 0.094635 0.017352 -0.018358
v -0.099483 0.058270 0.001815
v -0.121369 0.065476 0.018780
v -0.105309 0.060147 0.003763
v -0.114125 0.064314 0.010996
v 0.112023 0.009631 -0.020364
v 0.106940 0.008601 -0.018300
v 0.103277 0.012704 -0.017822
v 0.107796 0.011424 -0.018838
v 0.117437 0.008121 -0.022656
v -0.101521 0.057862 0.000941
v -0.123195 0.070887 0.025015
v -0.098300 0.062331 0.003940
v -0.118213 0.064550 0.014688
v -0.109730 0.063169 0.007244
v -0.105579 0.101983 0.011787
v -0.085106 0.089675 0.001526
v 0.103142 0.029853 -0.026289
v 0.098478 0.028825 -0.023757
v 0.093331 0.023920 -0.020819
v 0.100645 0.028997 -0.026543
v 0.101266 0.021724 -0.020162
v 0.094069 0.020420 -0.019598
v 0.105245 0.022365 -0.021003
v 0.097126 0.020986 -0.019645
v 0.094596 0.027917 -0.022351
v -0.099646 0.054451 0.017314
v -0.098512 0.066370 0.014370
v -0.095572 0.073237 0.102949
v -0.128055 0.087684 0.103725
v -0.101971 0.076006 0.093860
v -0.109916 0.082115 0.087558
v -0.121836 0.087945 0.088987
v 0.104790 0.016043 0.088461
v 0.112312 0.012349 0.087726
v -0.088954 0.092035 0.098312
v -0.096874 0.074725 0.096801
v -0.126167 0.088487 0.096517
v -0.108245 0.075759 0.095708
v -0.115471 0.086949 0.084900
v -0.102712 0.093972 0.098749
v 0.095512 0.023062 0.090314
v -0.100289 0.059170 0.088758
v -0.123719 0.064880 0.093942
v -0.107306 0.062967 0.078643
v -0.116363 0.067576 0.078303
v 0.112949 0.015364 0.087920
v 0.108079 0.014433 0.088271
v 0.104401 0.018528 0.088878
v 0.108831 0.017208 0.088564
v 0.118098 0.013731 0.087743
v -0.102707 0.060042 0.082562
v -0.124802 0.063714 0.102206
v -0.099716 0.059042 0.097850
v -0.120672 0.066275 0.085374
v -0.111721 0.066963 0.075345
v -0.107988 0.102660 0.090853
v -0.084570 0.088358 0.098864
v 0.103745 0.035585 0.084611
v 0.099003 0.034421 0.087748
v 0.093922 0.029498 0.090144
v 0.101426 0.034787 0.082922
v 0.102013 0.027374 0.089547
v 0.094855 0.026087 0.089808
v 0.105916 0.027980 0.089317
v 0.097908 0.026652 0.089790
v 0.095045 0.033435 0.089749
v -0.100139 0.053400 0.093863
v -0.099282 0.068449 0.102882
vn 0.5499 -0.4322 0.7147
vn 0.6922 -0.5782 0.4320
vn 0.6905 -0.5777 0.4354
vn 0.5455 -0.4394 0.7137
vn 0.5628 0.7956 -0.2242
vn -0.2576 -0.6072 -0.7516
vn -0.5535 -0.4114 0.7241
vn -0.1206 -0.6658 0.7363
vn 0.7535 -0.6559 -0.0455
vn 0.7716 -0.6183 -0.1498
vn 0.8035 -0.5739 -0.1583
vn 0.8012 -0.5927 -0.0829
vn -0.7622 0.4678 -0.4475
vn -0.7197 0.6735 -0.1686
vn -0.4675 0.8522 -0.2348
vn -0.5737 0.5393 -0.6164
vn 0.9399 0.3411 0.0135
vn 1.0000 0.0048 0.0012
vn 0.9382 -0.3247 -0.1193
vn 0.9421 0.3326 -0.0437
vn 0.3965 -0.8762 -0.2741
vn 0.8180 -0.5631 -0.1170
vn 0.7080 -0.7001 -0.0932
vn 0.3297 -0.9121 -0.2437
vn -0.3438 0.7683 -0.5400
vn -0.2226 0.9738 0.0475
vn -0.2621 0.9058 0.3329
vn 0.2045 0.9789 0.0019
vn -0.1653 0.4176 -0.8935
vn -0.0234 0.6271 -0.7786
vn 0.8585 -0.2782 -0.4308
vn 0.4739 -0.1752 -0.8630
vn -0.0513 0.7019 -0.7105
vn 0.6288 0.6458 -0.4332
vn -0.6156 0.7875 -0.0302
vn -0.7126 0.7014 0.0137
vn -0.4742 0.8735 -0.1101
vn -0.0532 0.9372 -0.3447
vn -0.0133 0.9429 -0.3329
vn -0.5715 0.7733 -0.2746
vn 0.2786 0.9159 -0.2891
vn 0.7665 -0.5121 -0.3875
vn -0.0580 -0.2979 -0.9528
vn 0.3850 0.8593 -0.3367
vn -0.4894 -0.8447 -0.2168
vn -0.4326 -0.8821 -0.1863
vn -0.0806 -0.9643 -0.2522
vn -0.5653 -0.2500 -0.7861
vn -0.8936 -0.2244 0.3887
vn -0.9660 -0.2120 0.1477
vn -0.9945 0.0411 0.0960
vn -0.9690 0.2131 0.1247
vn -0.6553 0.6598 -0.3677
vn -0.8054 0.3669 -0.4655
vn -0.4457 0.5743 -0.6867
vn 0.0356 -0.9967 -0.0725
vn 0.0866 -0.9900 0.1109
vn 0.2303 -0.9537 -0.1932
vn 0.0911 -0.9767 -0.1945
vn -0.4154 -0.8662 -0.2779
vn -0.2188 -0.8916 -0.3965
vn -0.0038 -0.8041 -0.5945
vn -0.1535 -0.8315 -0.5339
vn 0.4543 -0.7770 0.4357
vn -0.3837 -0.9205 0.0744
vn 0.3754 -0.7392 -0.5592
vn 0.5948 -0.8034 -0.0290
vn 0.5724 -0.8164 -0.0766
vn 0.4646 -0.8845 -0.0424
vn 0.6435 -0.7629 -0.0626
vn -0.7905 0.3385 -0.5105
vn -0.0103 0.8975 -0.4410
vn 0.1833 0.8799 -0.4385
vn 0.0466 0.3571 0.9329
vn 0.2201 -0.7238 0.6540
vn -0.1226 -0.9727 0.1969
vn 0.6197 0.4616 0.6347
vn 0.0394 -0.8287 0.5583
vn 0.4000 -0.9134 0.0760
vn -0.1167 -0.9932 0.0042
vn -0.2007 -0.9348 0.2930
vn -0.4214 0.9017 0.0969
vn -0.4131 0.8999 -0.1400
vn -0.3116 0.9358 0.1648
vn -0.5548 0.8314 -0.0312
vn 0.7752 0.6180 -0.1312
vn -0.5947 0.7826 -0.1841
vn -0.0210 0.9599 -0.2797
vn -0.3012 0.4336 0.8493
vn -0.4070 0.9079 0.1007
vn -0.7926 0.6093 0.0223
vn 0.3601 0.0717 0.9301
vn 0.3772 0.9250 -0.0448
vn 0.4398 0.8958 -0.0637
vn 0.9343 0.3538 -0.0446
vn 0.8717 0.4482 -0.1982
vn 0.0413 -0.9635 0.2646
vn 0.3793 -0.8779 0.2923
vn -0.2047 -0.9434 -0.2609
vn -0.5446 -0.7386 0.3973
vn 0.7195 -0.6786 -0.1474
vn 0.7785 -0.5926 -0.2068
vn 0.0598 -0.9931 -0.1012
vn 0.1416 -0.9882 -0.0586
vn 0.1145 -0.7644 -0.6345
vn 0.2644 -0.6530 -0.7098
vn -0.4905 -0.5799 -0.6505
vn -0.5562 -0.5689 -0.6058
vn -0.2295 0.8608 -0.4543
vn 0.1734 0.8230 -0.5410
vn 0.0676 0.9814 -0.1796
vn -0.0718 0.8756 -0.4776
vn -0.2232 0.8509 -0.4755
vn -0.3842 0.9042 -0.1865
vn 0.8273 0.0284 -0.5610
vn 0.7743 -0.0127 -0.6327
vn -0.2931 0.6803 -0.6718
vn -0.2890 0.9095 -0.2988
vn 0.5814 -0.7782 -0.2374
vn 0.3385 -0.9390 -0.0608
vn 0.8336 -0.1429 0.5336
vn 0.9344 -0.3076 0.1799
vn 0.4645 -0.7933 0.3935
vn 0.2262 -0.7190 0.6572
vn -0.7088 -0.7031 0.0572
vn -0.4335 -0.9004 -0.0363
vn -0.5239 -0.8517 0.0055
vn -0.8130 -0.5714 0.1119
vn -0.8318 -0.5323 -0.1576
vn -0.6622 -0.6957 -0.2783
vn -0.7914 -0.5746 -0.2088
vn -0.9113 -0.3554 -0.2079
vn 0.0436 0.9943 -0.0970
vn 0.2820 0.9565 -0.0742
vn 0.3928 0.8879 -0.2393
vn 0.0329 0.9988 0.0357
vn -0.9245 -0.2483 -0.2892
vn -0.8030 -0.3677 -0.4691
vn -0.9031 -0.2448 -0.3527
vn -0.4592 -0.1580 0.8741
vn -0.2529 -0.8779 0.4066
vn 0.5392 -0.7650 0.3521
vn 0.3163 0.0486 0.9474
vn -0.4680 -0.8098 -0.3539
vn -0.4374 -0.8074 -0.3960
vn -0.7692 -0.4950 -0.4041
vn 0.6389 -0.7678 0.0483
vn -0.1765 -0.9822 0.0641
vn 0.9733 -0.2292 -0.0130
vn 0.7162 -0.6978 0.0119
vn 0.7350 0.6160 0.2834
vn 0.8231 0.5335 0.1946
vn 0.9934 0.0729 0.0880
vn 0.9738 -0.1919 0.1219
vn 0.3502 0.5124 0.7841
vn 0.6939 -0.1644 0.7010
vn 0.6335 -0.2773 0.7224
vn -0.2941 -0.2021 0.9342
vn -0.3423 0.9162 -0.2084
vn -0.1152 0.9873 -0.1090
vn -0.3453 0.9343 -0.0886
vn -0.5393 0.8372 -0.0910
vn 0.6225 0.7715 0.1318
vn 0.0906 -0.3860 0.9180
vn -0.5676 0.2041 0.7976
vn 0.0724 -0.5541 0.8293
vn 0.3066 -0.9011 -0.3065
vn -0.1306 -0.9015 -0.4126
vn 0.2109 -0.8259 -0.5229
vn 0.3857 -0.8009 -0.4580
vn 0.9934 -0.0844 0.0782
vn 0.8647 -0.5012 -0.0327
vn 0.8712 -0.4910 0.0032
vn 0.9534 -0.3011 -0.0209
vn -0.1335 0.1268 0.9829
vn 0.5780 0.7837 -0.2274
vn -0.0654 0.9875 -0.1437
vn 0.5905 -0.6802 -0.4342
vn -0.1083 -0.9442 -0.3110
vn 0.1913 -0.9387 -0.2868
vn 0.8642 -0.4550 -0.2149
vn -0.3518 0.8805 -0.3176
vn -0.5403 0.8195 -0.1911
vn -0.0721 0.8447 -0.5303
vn 0.0775 0.7450 -0.6625
vn 0.6616 0.7301 0.1709
vn -0.4330 0.5582 -0.7078
vn -0.1496 -0.9792 0.1368
vn -0.0507 -0.9961 0.0724
vn -0.5614 0.8275 0.0121
vn -0.6839 0.7189 -0.1243
vn -0.2704 0.8767 -0.3978
vn -0.5000 -0.7610 0.4133
vn -0.5897 -0.6995 0.4038
vn 0.9720 0.2199 0.0831
vn 0.8216 0.4962 -0.2808
vn 0.6585 0.1245 0.7422
vn 0.7664 0.2111 0.6067
vn 0.8614 0.4030 0.3093
vn 0.3153 0.6534 0.6882
vn 0.9771 -0.0050 0.2128
vn 0.8874 -0.2217 0.4042
vn -0.4401 -0.8979 -0.0070
vn 0.1739 -0.9774 -0.1205
vn -0.6365 -0.1544 0.7557
vn -0.6744 -0.7383 -0.0114
vn -0.1540 0.2330 0.9602
vn -0.8063 0.2946 0.5130
vn 0.0655 -0.9352 -0.3481
vn 0.3489 -0.9017 -0.2556
vn -0.2634 0.3618 0.8943
vn -0.5230 0.1636 0.8365
vn -0.1474 -0.0372 0.9884
vn -0.1820 0.5486 0.8160
vn -0.1507 0.4625 -0.8737
vn 0.5522 0.5112 -0.6586
vn -0.1137 0.3882 -0.9146
vn -0.6387 0.2222 -0.7367
vn -0.9920 -0.1165 -0.0481
vn -0.9874 -0.1114 0.1127
vn -0.9692 -0.2327 0.0810
vn -0.9795 -0.1734 -0.1029
vn 0.2227 -0.7845 0.5788
vn 0.8482 -0.4652 0.2531
vn -0.9852 -0.1533 0.0772
vn -0.9777 -0.1542 -0.1429
vn 0.8370 0.0149 -0.5471
vn 0.7425 0.0892 -0.6639
vn 0.2228 0.4106 -0.8842
vn 0.5672 -0.4154 -0.7112
vn 0.9964 -0.0761 0.0361
vn 0.9421 -0.3212 -0.0967
vn 0.7719 -0.6134 -0.1671
vn 0.9538 -0.2959 -0.0527
vn 0.5709 -0.8036 -0.1683
vn 0.8295 -0.5518 -0.0865
vn -0.9439 -0.1990 0.2634
vn -0.8313 -0.3519 0.4302
vn -0.8909 -0.4167 0.1807
vn 0.5347 -0.0640 -0.8426
vn -0.1579 -0.2391 -0.9581
vn 0.5979 0.4296 -0.6768
vn -0.8867 -0.4393 0.1440
vn 0.8575 -0.4945 0.1418
vn -0.1169 -0.9269 -0.3566
vn -0.0432 0.8386 0.5430
vn 0.6923 0.5774 -0.4328
vn -0.8715 -0.0118 0.4903
vn -0.3214 -0.2223 0.9205
vn -0.9974 -0.0433 0.0580
vn -0.9918 -0.1241 0.0300
vn 0.3472 0.9376 0.0193
vn 0.3375 0.9408 0.0308
vn 0.2490 0.9675 0.0435
vn 0.2599 0.9650 0.0336
vn -0.9875 -0.1033 -0.1195
vn -0.9886 -0.0071 -0.1506
vn -0.9092 0.0668 -0.4110
vn -0.9505 -0.0385 -0.3083
vn -0.2152 -0.7028 -0.6781
vn 0.5672 0.4385 -0.6971
vn 0.9710 0.2309 -0.0616
vn 0.4797 -0.0116 -0.8774
vn 0.1285 -0.4596 0.8788
vn 0.8829 0.3286 -0.3355
vn 0.0315 -0.8631 0.5040
vn -0.6435 0.1255 -0.7551
vn -0.4440 0.1954 -0.8745
vn 0.6489 -0.7518 -0.1174
vn 0.6313 -0.7721 -0.0739
vn 0.7725 -0.6297 -0.0821
vn 0.7748 -0.6174 -0.1363
vn 0.7551 -0.6511 0.0765
vn 0.5212 -0.8521 0.0487
vn 0.7117 -0.7024 0.0106
vn 0.7574 -0.6312 -0.1673
vn 0.6297 -0.7664 -0.1269
vn 0.9863 -0.1605 -0.0387
vn 0.7408 -0.6502 -0.1687
vn 0.7488 -0.6615 -0.0428
vn 0.6428 -0.7037 -0.3027
vn 0.7030 -0.6837 -0.1957
vn -0.0262 -0.9781 -0.2063
vn -0.2785 -0.9538 -0.1130
vn -0.9028 -0.3489 -0.2516
vn -0.7871 -0.5609 -0.2567
vn 0.8297 -0.2044 -0.5195
vn 0.3567 -0.5658 -0.7434
vn 0.9133 -0.3801 0.1463
vn 0.8178 -0.5754 -0.0094
vn 0.7333 -0.5093 0.4505
vn 0.7907 -0.3432 0.5070
vn 0.7971 -0.5919 0.1192
vn 0.8832 -0.4125 0.2232
vn 0.6074 -0.1726 0.7754
vn 0.7534 -0.1349 0.6436
vn 0.6143 -0.3023 0.7288
vn -0.9262 0.0195 -0.3765
vn -0.8489 -0.0389 -0.5271
vn -0.8217 0.0672 -0.5660
vn -0.8888 0.0687 -0.4532
vn -0.7512 0.1705 -0.6377
vn -0.5688 0.0685 -0.8196
vn 0.1958 -0.0551 -0.9791
vn 0.0287 -0.0125 -0.9995
vn -0.4616 -0.1497 -0.8744
vn 0.2988 -0.2458 -0.9221
vn 0.5700 -0.4018 0.7167
vn -0.0150 0.9904 0.1371
vn -0.0549 0.9857 0.1590
vn -0.9924 0.0954 -0.0784
vn -0.9914 0.1182 -0.0557
vn -0.9855 0.1091 -0.1297
vn -0.9670 0.1044 -0.2323
vn 0.2661 0.7392 -0.6187
vn 0.9026 0.3907 0.1809
vn 0.7039 0.7081 0.0555
vn -0.5441 0.2425 -0.8032
vn 0.7507 -0.4280 0.5032
vn 0.6781 -0.3784 0.6301
vn 0.3031 -0.6827 -0.6648
vn 0.3756 -0.6217 -0.6873
vn 0.1664 -0.6345 -0.7548
vn 0.2024 -0.5807 -0.7886
vn -0.9940 0.0356 -0.1038
vn -0.9681 0.0646 -0.2422
vn -0.9906 0.1362 -0.0119
vn -0.6809 -0.3672 -0.6337
vn -0.6487 -0.1279 -0.7502
vn 0.1646 -0.8124 -0.5593
vn -0.0594 -0.8452 -0.5311
vn 0.4470 -0.3518 0.8225
vn 0.5513 -0.3516 0.7566
vn 0.5670 -0.4266 0.7046
vn 0.4693 -0.3573 0.8075
vn -0.4145 -0.1198 0.9021
vn 0.0937 -0.4022 0.9107
vn 0.1742 -0.1778 0.9685
vn -0.4091 0.1690 0.8967
vn -0.0679 0.6580 -0.7500
vn 0.9301 -0.3056 0.2037
vn 0.0208 0.3329 0.9427
vn 0.0280 -0.9826 0.1838
vn 0.3663 -0.8249 0.4306
vn 0.8257 -0.5550 0.1006
vn 0.9998 -0.0150 -0.0113
vn 0.9773 0.2096 0.0324
vn 0.8083 -0.3203 -0.4940
vn 0.8408 0.5341 -0.0888
vn 0.7442 0.6672 -0.0319
vn 0.9563 -0.1400 -0.2568
vn 0.4302 -0.8473 0.3115
vn 0.9133 0.0873 -0.3979
vn -0.1934 0.8593 -0.4735
vn -0.8484 0.3449 -0.4015
vn -0.8774 0.2180 -0.4274
vn 0.2354 0.9506 -0.2025
vn 0.6020 -0.7845 -0.1488
vn 0.6622 -0.7316 -0.1621
vn 0.6108 -0.7585 -0.2271
vn 0.4116 -0.8978 -0.1569
vn 0.0709 0.9911 0.1122
vn -0.0595 -0.9964 -0.0602
vn 0.1605 -0.8456 0.5090
vn 0.6034 -0.7972 0.0188
vn 0.0875 -0.9944 -0.0601
vn 0.8686 -0.4888 -0.0807
vn 0.8878 -0.4450 -0.1177
vn -0.1715 -0.9841 0.0462
vn -0.2795 -0.8167 -0.5049
vn -0.7597 -0.6396 -0.1173
vn -0.9014 -0.4180 -0.1128
vn -0.7216 -0.6307 0.2854
vn -0.8464 -0.4920 0.2040
vn -0.8567 -0.5092 0.0822
vn -0.7508 -0.6566 0.0721
vn -0.4440 -0.8004 0.4029
vn 0.4026 -0.7844 -0.4718
vn -0.0630 -0.7543 -0.6535
vn -0.2904 -0.3760 -0.8799
vn 0.5082 -0.5511 -0.6618
vn -0.7074 -0.7034 -0.0693
vn -0.7781 -0.2871 0.5587
vn -0.4785 -0.8677 0.1348
vn -0.2019 -0.9005 -0.3851
vn 0.1006 -0.8959 -0.4327
vn 0.1194 -0.9270 -0.3556
vn -0.7482 -0.6617 0.0486
vn -0.3506 -0.9214 0.1677
vn 0.8294 -0.2913 0.4767
vn 0.4862 0.7667 0.4192
vn -0.6400 0.5641 0.5217
vn -0.3443 -0.5302 0.7748
vn 0.0446 0.9988 0.0180
vn 0.1354 0.9006 -0.4130
vn -0.0498 0.9982 -0.0337
vn 0.0585 0.9967 0.0565
vn -0.2535 0.8235 -0.5075
vn -0.1784 0.3911 -0.9029
vn -0.6907 0.1497 -0.7075
vn -0.5484 0.8351 -0.0433
vn 0.1364 -0.9824 0.1278
vn 0.5853 -0.7689 0.2574
vn 0.0317 -0.9460 -0.3226
vn -0.5943 -0.7493 -0.2922
vn 0.1448 0.3699 0.9177
vn 0.1160 -0.1524 0.9815
vn 0.4613 -0.1725 0.8703
vn 0.4366 -0.2661 0.8594
vn 0.2318 -0.2721 0.9339
vn 0.1488 -0.6055 0.7818
vn -0.2361 -0.3039 0.9230
vn 0.3956 -0.4333 0.8098
vn -0.6651 -0.5212 0.5348
vn -0.8502 0.2711 0.4513
vn -0.3607 -0.3967 0.8441
vn 0.2202 -0.9612 -0.1663
vn 0.7529 -0.6580 0.0160
vn 0.0434 -0.8731 0.4856
vn 0.1732 -0.9846 -0.0214
vn 0.2104 -0.9682 0.1355
vn 0.9958 0.0332 -0.0852
vn 0.8416 0.5379 0.0486
vn 0.5051 -0.8606 0.0655
vn 0.9170 -0.3985 -0.0186
vn 0.9329 -0.3485 -0.0910
vn 0.3667 -0.9264 -0.0861
vn 0.3501 -0.2061 -0.9138
vn 0.3814 0.4229 -0.8220
vn 0.9902 -0.0604 -0.1258
vn 0.7906 -0.4706 0.3917
vn 0.3372 -0.9155 0.2194
vn -0.1566 -0.6415 0.7509
vn -0.2236 0.1637 0.9608
vn -0.2235 -0.9070 -0.3569
vn -0.9910 -0.1307 0.0307
vn -0.8260 -0.5624 -0.0375
vn -0.8522 0.4656 0.2387
vn -0.3228 -0.8115 0.4871
vn 0.9453 -0.3247 -0.0303
vn 0.9516 -0.2255 0.2090
vn -0.1849 0.3198 0.9293
vn -0.1872 -0.9198 0.3447
vn -0.3450 -0.9159 0.2053
vn -0.8981 -0.4395 0.0159
vn -0.6180 -0.7292 0.2937
vn 0.4674 -0.7977 0.3810
vn 0.2868 -0.5315 0.7970
vn -0.2871 0.2072 0.9352
vn -0.5545 0.2199 0.8026
vn 0.1496 -0.9877 -0.0448
vn 0.0324 -0.9641 0.2637
vn -0.0549 -0.9769 0.2064
vn -0.0156 -0.9629 -0.2693
vn -0.6210 0.6546 -0.4312
vn 0.4403 0.0110 -0.8978
vn 0.4332 0.0652 -0.8989
vn 0.8673 0.2892 0.4051
vn -0.9369 0.2715 -0.2203
vn -0.9469 -0.0502 -0.3176
vn -0.8983 0.1237 -0.4216
vn -0.8453 0.3389 -0.4132
vn -0.9422 0.2175 -0.2547
vn -0.8936 -0.3272 -0.3073
vn -0.1510 0.9731 0.1742
vn -0.7821 0.2447 -0.5731
vn -0.9157 -0.3544 -0.1895
vn 0.1665 0.9835 -0.0704
vn 0.2207 0.9730 0.0674
vn -0.5449 -0.8263 0.1427
vn -0.2727 -0.9605 0.0551
vn -0.9797 0.1661 -0.1124
vn -0.7130 -0.4065 0.5713
vn -0.4528 -0.6754 0.5821
vn -0.4488 -0.3793 0.8091
vn -0.5068 -0.1663 0.8459
vn 0.7103 -0.1541 0.6868
vn 0.6518 0.5653 0.5055
vn 0.4423 -0.3531 0.8245
vn 0.1091 -0.0872 0.9902
vn -0.5458 -0.1157 0.8299
vn -0.5080 -0.1478 0.8486
vn 0.1685 0.1462 0.9748
vn 0.3460 -0.5676 -0.7470
vn 0.6689 -0.4240 -0.6106
vn 0.6135 -0.3137 -0.7247
vn 0.3607 -0.4577 -0.8127
vn -0.9003 -0.3354 -0.2775
vn -0.8221 -0.5266 -0.2165
vn -0.9140 -0.3965 -0.0862
vn -0.9446 -0.3101 -0.1072
vn 0.3876 0.8749 0.2903
vn -0.2206 0.9518 0.2129
vn -0.4135 0.8069 0.4219
vn 0.3206 0.8357 0.4459
vn 0.7479 -0.2259 -0.6242
vn 0.8314 -0.3091 -0.4617
vn -0.8247 -0.3511 0.4433
vn -0.9091 -0.0861 0.4076
vn 0.9067 -0.4105 -0.0964
vn 0.8007 -0.5784 -0.1557
vn -0.6582 0.2286 -0.7173
vn -0.2187 -0.2389 -0.9461
vn 0.6609 -0.1205 -0.7407
vn -0.7018 -0.5307 0.4752
vn -0.3544 -0.7403 0.5713
vn -0.8527 -0.2717 0.4463
vn 0.7058 -0.1619 0.6896
vn 0.1545 -0.3931 0.9064
vn -0.1510 -0.8564 0.4937
vn 0.2820 -0.8178 0.5017
vn -0.2729 -0.4701 0.8393
vn -0.0065 -0.0736 0.9973
vn -0.2055 -0.0580 0.9769
vn -0.1198 -0.9927 0.0169
vn -0.3561 -0.9344 0.0124
vn -0.3998 -0.9146 0.0609
vn -0.1899 -0.9781 0.0852
vn 0.1165 0.7564 0.6436
vn 0.2266 0.8114 0.5388
vn 0.4440 0.7905 0.4218
vn -0.0892 0.1389 0.9863
vn 0.3787 -0.9083 0.1779
vn 0.4795 -0.8674 0.1330
vn 0.2209 -0.7667 -0.6028
vn -0.0354 -0.7714 -0.6354
vn 0.2004 -0.9770 -0.0726
vn 0.1032 -0.8127 -0.5735
vn -0.2157 -0.8198 -0.5304
vn 0.5421 -0.5292 0.6527
vn 0.7268 -0.3346 0.5998
vn 0.8349 0.3518 -0.4233
vn 0.6571 -0.2388 0.7150
vn 0.9586 0.1651 -0.2319
vn 0.7473 0.4520 -0.4871
vn 0.0364 0.0427 0.9984
vn -0.4402 -0.7001 -0.5622
vn -0.5504 -0.8347 -0.0195
vn 0.4032 0.7143 -0.5720
vn 0.7484 0.5654 0.3467
vn -0.9536 -0.3005 -0.0195
vn -0.9681 -0.2505 0.0015
vn -0.0132 -0.9530 0.3027
vn -0.9203 -0.2305 0.3160
vn -0.9388 -0.1060 0.3276
vn -0.3996 -0.8091 -0.4309
vn 0.0524 -0.7229 -0.6890
vn -0.3931 -0.7184 -0.5739
vn -0.6265 -0.3295 -0.7063
vn -0.0409 -0.6833 0.7290
vn 0.9939 -0.1092 -0.0138
vn 0.9786 0.1336 -0.1563
vn 0.9903 -0.1181 -0.0731
vn 0.9728 -0.2222 0.0649
vn 0.9149 0.2849 -0.2860
vn 0.9902 0.1225 -0.0663
vn 0.8752 -0.1043 -0.4724
vn 0.3565 -0.6545 -0.6668
vn 0.4706 -0.7367 -0.4856
vn -0.8550 0.0688 -0.5140
vn 0.9743 -0.0264 0.2237
vn 0.9948 0.0514 0.0881
vn -0.6189 0.7721 0.1441
vn -0.3874 0.8688 0.3084
vn -0.2662 0.9173 0.2960
vn -0.6590 0.7470 0.0876
vn -0.4274 -0.4566 0.7803
vn -0.8603 -0.1901 0.4731
vn -0.9267 -0.0585 0.3713
vn -0.6514 -0.6858 -0.3247
vn -0.5568 -0.7705 -0.3102
vn -0.5443 -0.8102 -0.2176
vn -0.7284 -0.6486 -0.2208
vn -0.6591 -0.6323 -0.4072
vn -0.6244 -0.6963 -0.3540
vn -0.8327 -0.5239 -0.1793
vn -0.9859 0.0177 -0.1665
vn 0.9250 0.2943 0.2402
vn 0.2078 0.9778 -0.0271
vn 0.2966 0.9542 -0.0392
vn 0.2790 0.9602 -0.0122
vn 0.2473 0.9689 0.0068
vn 0.9671 0.2502 -0.0469
vn 0.9697 0.2238 -0.0979
vn 0.9714 0.2318 -0.0519
vn 0.8311 0.2524 0.4955
vn 0.6494 -0.0678 0.7574
vn 0.5431 -0.0482 0.8383
vn 0.6489 0.2395 0.7222
vn 0.6614 0.6973 0.2763
vn -0.0435 0.8807 0.4717
vn -0.0842 0.5971 0.7977
vn -0.4442 0.8728 0.2021
vn 0.1254 0.8917 0.4349
vn 0.5752 0.3692 0.7299
vn 0.0276 0.9949 -0.0967
vn 0.2006 0.9668 -0.1584
vn 0.9125 0.1162 -0.3923
vn 0.9563 -0.0591 -0.2863
vn 0.6525 -0.4838 -0.5832
vn 0.7460 0.5611 -0.3585
vn 0.5600 -0.2727 -0.7823
vn 0.6151 -0.7522 -0.2364
vn 0.8350 -0.5147 -0.1944
vn 0.7357 -0.6771 0.0162
vn 0.6819 -0.7311 0.0234
vn -0.8125 -0.3283 -0.4818
vn 0.3098 0.9064 -0.2873
vn 0.5623 0.7952 -0.2270
vn 0.7661 -0.0061 -0.6427
vn 0.7531 0.6003 -0.2693
vn 0.9516 0.1600 -0.2626
vn 0.8202 -0.4406 -0.3648
vn 0.2545 -0.9649 -0.0656
vn 0.2699 -0.9532 -0.1364
vn -0.6029 0.7811 -0.1623
vn -0.8047 -0.1144 -0.5826
vn -0.9408 -0.3069 -0.1440
vn -0.1676 -0.9853 -0.0325
vn -0.9213 -0.3886 -0.0116
vn -0.9960 -0.0823 -0.0354
vn -0.3682 -0.3608 0.8569
vn -0.4769 -0.1085 0.8722
vn -0.2535 -0.3926 0.8841
vn -0.2591 -0.3881 0.8844
vn -0.6735 0.7367 0.0612
vn -0.7125 0.6936 -0.1063
vn -0.6978 0.7069 -0.1152
vn -0.5142 0.8527 0.0922
vn -0.0293 -0.9232 0.3832
vn 0.7463 -0.5588 0.3616
vn -0.0759 0.9949 0.0669
vn 0.7182 -0.6452 -0.2608
vn -0.4473 -0.4519 -0.7719
vn -0.5187 -0.1235 -0.8460
vn 0.8252 -0.1153 -0.5530
vn 0.8917 -0.3125 -0.3275
vn 0.8619 -0.2632 -0.4334
vn -0.5821 0.7424 0.3315
vn 0.7567 -0.5404 -0.3679
vn 0.0303 -0.0638 -0.9975
vn 0.6085 0.2764 -0.7438
vn -0.2084 0.9221 -0.3259
vn 0.8017 -0.5861 -0.1168
vn 0.5587 -0.8056 0.1972
vn -0.1350 0.7306 -0.6693
vn 0.6575 0.3042 -0.6894
vn -0.5437 0.5418 -0.6409
vn -0.2089 0.6631 -0.7188
vn 0.9277 -0.3114 0.2060
vn -0.4765 0.7544 -0.4515
vn -0.6402 0.7636 0.0833
vn -0.6601 0.4316 -0.6148
vn -0.2713 0.9530 -0.1348
vn 0.6306 -0.7738 -0.0598
vn 0.3601 -0.9297 -0.0774
vn 0.5959 -0.7642 0.2468
vn 0.5222 -0.7390 0.4257
vn -0.3969 -0.2995 -0.8676
vn -0.3170 -0.5602 -0.7653
vn -0.0624 -0.7546 -0.6532
vn -0.1588 -0.6415 -0.7505
vn -0.5622 0.8174 -0.1258
vn -0.1033 -0.9932 0.0539
vn -0.3174 -0.9480 -0.0231
vn -0.2834 -0.8435 -0.4563
vn -0.7471 -0.5082 -0.4286
vn -0.6342 -0.6775 -0.3725
vn 0.0196 -0.9674 -0.2526
vn 0.5973 -0.7675 -0.2328
vn 0.2356 0.9687 -0.0778
vn -0.7993 0.4232 0.4267
vn 0.4290 -0.8688 0.2471
vn 0.1105 0.9479 -0.2989
vn -0.0126 0.9964 -0.0834
vn -0.6013 0.3490 -0.7188
vn 0.1104 0.2756 -0.9549
vn -0.3509 -0.9364 -0.0066
vn -0.1176 -0.9917 -0.0515
vn -0.2159 -0.9764 0.0046
vn -0.4481 -0.8883 0.1001
vn -0.4240 0.2920 -0.8573
vn -0.6780 0.5648 -0.4705
vn 0.0046 0.9826 -0.1855
vn -0.1159 0.9882 -0.0997
vn -0.2085 0.9224 -0.3253
vn 0.3005 -0.8977 -0.3221
vn 0.2173 -0.9145 -0.3413
vn -0.7756 0.5425 -0.3225
vn -0.8244 0.2103 -0.5254
vn -0.6655 0.5582 -0.4955
vn -0.5133 0.8431 -0.1605
vn 0.5061 -0.8621 -0.0260
vn 0.3557 -0.9254 -0.1306
vn -0.0038 -0.1908 -0.9816
vn -0.5562 -0.5699 -0.6049
vn -0.8771 0.4720 -0.0887
vn -0.3882 0.9109 -0.1396
vn -0.1453 0.8659 -0.4787
vn 0.0577 0.9102 0.4101
vn -0.2844 0.9443 0.1657
vn -0.4998 0.8659 0.0192
vn -0.3546 0.9296 0.1004
vn -0.7004 -0.7137 0.0056
vn 0.1459 0.8928 -0.4261
vn 0.3321 0.7237 -0.6049
vn 0.1601 0.7292 -0.6653
vn -0.4323 0.8472 0.3088
vn -0.4498 0.8730 0.1887
vn -0.0768 -0.9482 -0.3083
vn 0.3423 -0.8891 -0.3039
vn 0.1968 -0.9728 -0.1220
vn 0.4185 -0.6155 -0.6678
vn 0.4902 -0.6799 -0.5455
vn 0.1398 -0.8293 -0.5410
vn 0.4431 -0.8604 -0.2517
vn 0.6115 -0.7894 0.0542
vn -0.8361 0.3893 -0.3865
vn -0.7817 -0.0123 -0.6236
vn -0.2060 -0.6744 -0.7090
vn 0.6610 -0.7501 0.0181
vn -0.7186 -0.6905 0.0829
vn 0.3253 -0.5159 -0.7925
vn 0.3933 -0.8109 0.4334
vn 0.6300 -0.6549 0.4174
vn 0.2240 -0.9746 0.0010
vn 0.4916 0.1730 -0.8535
vn 0.5314 -0.3730 -0.7606
vn 0.2534 -0.5451 -0.7992
vn 0.1092 -0.4057 -0.9075
vn -0.0795 -0.7388 -0.6692
vn -0.0250 0.9805 -0.1952
vn 0.2357 0.8050 -0.5445
vn 0.2558 -0.9032 -0.3447
vn 0.2917 -0.9495 -0.1157
vn 0.2605 -0.9539 -0.1491
vn 0.3644 -0.8650 -0.3450
vn -0.2872 0.9562 -0.0570
vn -0.2456 0.8456 -0.4739
vn 0.9987 0.0326 -0.0386
vn 0.9473 -0.3174 -0.0423
vn 0.0811 0.9455 -0.3154
vn -0.1793 0.9478 0.2636
vn -0.2843 0.9581 0.0338
vn 0.9356 -0.3529 0.0143
vn -0.5235 0.8064 0.2750
vn -0.1548 0.7967 0.5842
vn -0.2936 0.9359 0.1948
vn -0.2750 0.9540 0.1197
vn 0.9936 -0.0851 -0.0738
vn 0.7509 0.2904 0.5931
vn 0.4850 0.8691 -0.0970
vn -0.3294 0.6692 -0.6661
vn -0.6848 -0.7288 0.0045
vn -0.7241 -0.6889 0.0338
vn -0.9787 -0.1989 0.0504
vn -0.6434 -0.7343 -0.2162
vn -0.8666 -0.4897 0.0963
vn -0.7165 -0.6669 0.2049
vn -0.7104 -0.5325 -0.4601
vn -0.7948 -0.4331 -0.4250
vn -0.9564 -0.2212 -0.1908
vn -0.6384 0.2880 -0.7137
vn -0.0325 0.9113 -0.4106
vn -0.0972 0.9926 0.0724
vn 0.0092 0.9838 0.1788
vn 0.4471 0.5316 0.7194
vn -0.8402 -0.3684 -0.3980
vn -0.0779 -0.9698 0.2312
vn -0.4863 -0.8608 -0.1502
vn 0.6418 -0.7299 -0.2353
vn 0.5957 -0.7193 0.3574
vn -0.7589 0.6370 0.1354
vn -0.6224 -0.7604 -0.1855
vn -0.8838 -0.4548 -0.1093
vn 0.6594 -0.1133 -0.7432
vn 0.4763 -0.3599 -0.8023
vn -0.1411 -0.5685 -0.8105
vn 0.2416 -0.4881 -0.8387
vn 0.6329 0.7732 -0.0407
vn -0.2994 -0.1816 -0.9367
vn 0.7631 -0.6463 0.0097
vn 0.7404 -0.6674 0.0799
vn -0.9971 -0.0410 -0.0649
vn -0.8955 0.1511 -0.4187
vn -0.1216 -0.1725 -0.9775
vn 0.1048 0.3044 -0.9468
vn 0.2906 0.3697 -0.8825
vn 0.4898 -0.6280 -0.6048
vn 0.9420 0.2983 -0.1540
vn 0.9659 0.2393 -0.0985
vn 0.9605 0.2438 -0.1345
vn 0.9413 -0.2924 -0.1686
vn -0.7637 0.0665 -0.6422
vn -0.7002 0.3660 -0.6130
vn -0.4545 -0.6504 -0.6086
vn 0.9573 -0.2599 -0.1265
vn -0.6505 0.2253 -0.7253
vn -0.8012 -0.1912 -0.5671
vn -0.0208 0.0343 -0.9992
vn -0.0936 0.2725 -0.9576
vn -0.8966 0.1563 -0.4143
vn -0.1053 -0.8512 -0.5142
vn 0.1064 -0.9913 0.0781
vn -0.5660 0.2770 -0.7764
vn -0.6138 -0.2535 -0.7477
vn -0.5944 0.1809 -0.7836
vn -0.2478 -0.6417 -0.7258
vn -0.7983 0.6007 0.0441
vn -0.5847 0.1874 -0.7893
vn 0.0764 -0.9971 0.0063
vn -0.1312 -0.9519 0.2768
vn 0.1252 -0.8375 0.5319
vn 0.4606 -0.8093 0.3645
vn 0.4519 -0.3409 0.8244
vn 0.6651 -0.3467 -0.6614
vn 0.6275 -0.5612 0.5397
vn 0.6223 -0.5481 -0.5589
vn 0.8447 -0.5101 -0.1623
vn -0.4852 0.8744 -0.0106
vn 0.0154 0.9994 -0.0300
vn -0.0724 0.8907 -0.4488
vn 0.6533 0.4387 0.6170
vn 0.4894 -0.0351 0.8714
vn 0.6958 -0.1164 0.7087
vn 0.7288 0.3907 0.5623
vn -0.0315 -0.9905 -0.1335
vn -0.5243 -0.6938 -0.4937
vn -0.5068 -0.8570 0.0932
vn 0.4536 0.2471 -0.8563
vn 0.1441 -0.5104 -0.8478
vn 0.5345 -0.2943 -0.7923
vn 0.2123 -0.9732 0.0883
vn -0.1977 -0.9704 -0.1384
vn -0.3963 -0.7197 -0.5700
vn 0.0303 -0.9613 -0.2738
vn 0.7155 0.6985 0.0130
vn 0.9582 0.2481 0.1425
vn -0.9137 -0.0878 0.3968
vn -0.9985 -0.0163 0.0516
vn -0.9573 -0.2376 0.1646
vn -0.0097 -0.9377 0.3473
vn -0.4285 -0.8326 0.3510
vn -0.1368 -0.9864 0.0916
vn 0.2845 -0.9535 0.0993
vn 0.2969 -0.9169 0.2667
vn 0.1338 -0.8466 0.5152
vn -0.0213 -0.7583 0.6516
vn -0.6320 -0.6841 -0.3641
vn -0.7383 -0.4507 -0.5018
vn 0.2965 -0.8402 -0.4541
vn 0.0455 -0.9761 -0.2124
vn 0.9280 -0.2925 0.2306
vn 0.8133 -0.3992 -0.4233
vn 0.8621 0.1291 -0.4901
vn 0.6747 -0.6813 0.2840
vn 0.5823 -0.7609 -0.2862
vn -0.9015 0.1104 -0.4185
vn -0.9611 0.1395 -0.2383
vn -0.9828 0.0493 -0.1781
vn 0.3837 -0.9201 -0.0781
vn 0.3512 -0.8957 0.2727
vn 0.2176 -0.9733 -0.0738
vn -0.1285 -0.6500 0.7490
vn 0.3135 0.0708 0.9469
vn 0.4618 0.2124 0.8612
vn 0.4475 -0.0170 0.8941
vn 0.1641 -0.0763 0.9835
vn 0.5986 0.6926 -0.4026
vn -0.4604 -0.8525 -0.2476
vn -0.6249 -0.7079 -0.3293
vn -0.8087 -0.4416 -0.3887
vn 0.5804 -0.7265 0.3679
vn 0.2854 -0.9567 0.0569
vn 0.7098 -0.6891 0.1463
vn 0.8822 -0.2966 0.3657
vn 0.4282 0.8798 -0.2064
vn -0.0122 -0.7254 0.6883
vn -0.0128 -0.7762 0.6304
vn -0.3245 -0.9132 0.2465
vn 0.8298 0.4458 0.3358
vn 0.7097 0.4831 0.5128
vn 0.5823 0.2551 0.7719
vn 0.8669 0.2171 0.4487
vn -0.0904 -0.9827 -0.1618
vn -0.0178 -0.8718 -0.4895
vn -0.1507 -0.8810 0.4485
vn 0.9214 -0.3508 0.1669
vn 0.3114 -0.8520 0.4209
vn -0.1863 -0.9811 -0.0519
vn -0.2169 -0.9609 -0.1720
vn 0.8420 0.1199 0.5260
vn 0.9397 -0.0010 0.3421
vn -0.3984 -0.9112 -0.1048
vn 0.8378 0.4755 0.2681
vn 0.9307 0.1967 0.3083
vn 0.8862 -0.4422 0.1382
vn 0.2616 -0.4193 0.8693
vn 0.4666 -0.5172 0.7175
vn 0.6812 0.6963 0.2262
vn 0.5723 0.8092 0.1332
vn -0.3858 -0.3656 -0.8471
vn -0.3425 -0.0291 -0.9391
vn -0.0122 -0.1214 -0.9925
vn -0.1262 -0.4776 -0.8695
vn 0.2662 0.9235 -0.2761
vn -0.1158 0.9715 -0.2069
vn 0.7408 0.6538 0.1545
vn 0.8122 -0.0480 0.5814
vn 0.2656 0.0775 0.9610
vn 0.9587 -0.1352 0.2503
vn 0.7537 -0.0953 0.6503
vn 0.9719 -0.0544 0.2291
vn 0.3258 -0.9398 -0.1033
vn 0.7921 -0.2829 0.5409
vn 0.8890 0.1416 0.4354
vn 0.1361 0.1022 0.9854
vn 0.2562 0.0425 0.9657
vn 0.9519 -0.3054 -0.0246
vn 0.8475 -0.5244 -0.0820
vn -0.4350 -0.8172 0.3782
vn -0.4181 -0.9011 -0.1145
vn 0.4377 0.0103 0.8991
vn -0.6093 -0.6867 -0.3965
vn 0.3758 -0.0044 0.9267
vn 0.4236 0.0355 0.9052
vn 0.4565 0.4676 0.7570
vn 0.2108 0.2525 0.9444
vn -0.8883 -0.1527 -0.4331
vn 0.5339 -0.5823 0.6131
vn -0.5063 -0.1847 0.8423
vn -0.4554 -0.8407 -0.2930
vn -0.2704 -0.9101 -0.3140
vn -0.1663 -0.8920 -0.4203
vn 0.0432 -0.9816 -0.1863
vn 0.3584 -0.8140 0.4571
vn 0.1455 -0.8872 -0.4378
vn 0.3928 -0.6216 -0.6778
vn 0.7177 -0.6104 0.3350
vn 0.9919 -0.0650 -0.1089
vn 0.7867 -0.5732 -0.2294
vn -0.2083 -0.8518 -0.4806
vn 0.5667 -0.2365 -0.7893
vn 0.9460 -0.2828 0.1585
vn 0.3596 0.9265 -0.1110
vn 0.5840 0.7963 -0.1578
vn 0.3299 0.9311 -0.1558
vn 0.0955 0.7938 -0.6007
vn 0.0066 0.6704 -0.7420
vn 0.0519 0.6339 -0.7717
vn 0.1748 0.7604 -0.6255
vn -0.6298 -0.0356 -0.7760
vn -0.6855 -0.0738 -0.7243
vn -0.9364 0.3037 -0.1759
vn -0.7563 0.6123 -0.2305
vn -0.2485 -0.9668 0.0591
vn 0.4835 -0.8750 0.0242
vn 0.1633 -0.9629 -0.2151
vn -0.2471 -0.9621 0.1151
vn -0.0416 0.9742 0.2220
vn -0.4426 0.8445 -0.3014
vn -0.2963 0.9213 0.2516
vn -0.3843 -0.7887 -0.4798
vn -0.1026 -0.8132 0.5729
vn 0.0304 -0.8344 0.5503
vn 0.0324 0.2856 -0.9578
vn 0.5811 0.2182 -0.7840
vn -0.3675 -0.9201 0.1352
vn -0.6627 -0.5444 -0.5143
vn -0.6355 -0.2863 -0.7171
vn -0.1701 -0.9848 0.0362
vn -0.6602 -0.7489 -0.0576
vn -0.5038 -0.1376 -0.8528
vn -0.5964 0.6485 0.4730
vn 0.4101 0.4540 0.7910
vn 0.4998 0.7445 0.4426
vn 0.8933 -0.0028 0.4494
vn -0.8291 0.1335 -0.5430
vn -0.1278 0.0759 -0.9889
vn -0.9204 0.1039 -0.3769
vn 0.9930 -0.0515 0.1064
vn 0.3063 -0.9492 -0.0722
vn 0.3180 -0.9459 0.0649
vn 0.9693 0.0793 0.2326
vn -0.9930 0.0985 -0.0653
vn -0.9481 0.1239 -0.2928
vn -0.9649 0.0554 -0.2565
vn 0.7808 -0.2178 -0.5856
vn 0.8610 -0.2325 -0.4525
vn 0.7143 -0.0222 -0.6995
vn -0.4964 -0.0999 0.8623
vn -0.9395 0.0179 0.3420
vn 0.9658 -0.2270 -0.1257
vn 0.9676 -0.0502 -0.2475
vn 0.2663 -0.8913 0.3671
vn 0.6496 -0.6263 0.4310
vn 0.8208 -0.3554 0.4472
vn 0.4247 -0.3978 0.8133
vn 0.3133 -0.4642 -0.8285
vn 0.9034 -0.2152 -0.3708
vn 0.8925 -0.3657 -0.2639
vn 0.2738 -0.9274 0.2551
vn 0.2585 -0.9294 0.2636
vn 0.7390 0.4577 0.4944
vn -0.5018 -0.8647 -0.0227
vn -0.4945 -0.8690 0.0161
vn -0.7594 -0.6505 0.0123
vn -0.7728 -0.6346 0.0039
vn -0.9695 0.2443 -0.0180
vn 0.8733 0.1201 0.4722
vn 0.8110 0.3950 0.4315
vn -0.4441 -0.3938 -0.8048
vn 0.7422 -0.6610 0.1102
vn 0.7100 -0.7042 -0.0063
vn -0.9313 -0.3622 -0.0393
vn -0.8996 -0.4366 -0.0087
vn -0.8964 -0.4430 0.0124
vn -0.9322 -0.3618 -0.0081
vn -0.4448 -0.8381 0.3157
vn -0.5061 -0.8491 -0.1512
vn -0.1774 -0.9646 -0.1950
vn -0.1533 -0.9862 -0.0619
vn 0.3572 -0.4141 -0.8372
vn 0.3976 -0.0519 -0.9161
vn 0.7158 0.3247 -0.6182
vn 0.7937 -0.2242 -0.5655
vn 0.3609 0.8069 0.4676
vn 0.0717 0.7987 0.5975
vn 0.4337 0.8152 0.3839
vn 0.7430 0.6645 0.0800
vn -0.6373 -0.1921 0.7463
vn -0.3189 -0.4192 -0.8500
vn -0.4516 -0.3674 -0.8131
vn 0.0370 0.7809 -0.6235
vn -0.3827 0.3132 -0.8692
vn -0.5351 0.0121 -0.8447
vn 0.8207 0.2039 -0.5337
vn -0.1357 -0.9505 -0.2794
vn -0.0128 -0.8344 -0.5511
vn 0.4262 -0.8455 -0.3217
vn 0.0838 -0.9945 -0.0631
vn -0.4346 -0.8847 -0.1684
vn -0.4942 -0.7725 -0.3988
vn -0.4118 -0.7581 -0.5056
vn -0.3197 -0.9193 -0.2294
vn 0.1345 0.1503 0.9795
vn -0.0912 0.5146 0.8526
vn 0.4168 -0.8183 0.3959
vn -0.0747 -0.9954 0.0594
vn 0.3950 -0.8965 0.2007
vn 0.3719 -0.6915 0.6193
vn 0.7907 -0.3118 0.5268
vn 0.7368 0.0260 0.6756
vn 0.6057 -0.7632 -0.2250
vn -0.1845 -0.9552 -0.2312
vn 0.5675 -0.1623 0.8072
vn -0.1140 -0.9935 0.0042
vn 0.2290 -0.6106 -0.7581
vn 0.7126 -0.5052 -0.4868
vn 0.7919 -0.3486 -0.5014
vn 0.7816 -0.3785 -0.4958
vn 0.2243 0.9191 0.3239
vn 0.8429 0.4951 -0.2107
vn -0.2862 -0.9577 0.0296
vn -0.2185 -0.9676 -0.1265
vn -0.3442 -0.9387 0.0184
vn -0.5458 -0.8340 -0.0814
vn -0.7928 -0.4945 -0.3563
vn -0.5275 -0.7957 -0.2977
vn -0.5201 -0.8480 0.1021
vn -0.3986 -0.8970 -0.1910
vn 0.7066 -0.6985 0.1134
vn 0.2332 -0.2499 -0.9398
vn 0.5092 0.6658 -0.5454
vn 0.4969 0.8677 -0.0107
vn 0.5262 0.7352 0.4273
vn 0.9589 0.2708 0.0848
vn 0.8226 0.5593 -0.1028
vn -0.5267 -0.4359 -0.7297
vn -0.3343 -0.6341 -0.6972
vn -0.5739 -0.5407 -0.6150
vn 0.3845 -0.7861 0.4839
vn 0.5483 -0.7411 0.3874
vn 0.5879 -0.4973 0.6380
vn 0.3132 0.8664 -0.3889
vn 0.3954 0.9056 0.1538
vn 0.6399 0.6857 0.3470
vn 0.7168 0.6973 -0.0009
vn 0.5038 0.7104 0.4914
vn 0.2565 0.8479 0.4640
vn 0.4757 0.5057 0.7197
vn 0.7853 0.0711 0.6150
vn -0.1896 -0.9810 0.0410
vn -0.4752 -0.8428 -0.2526
vn -0.1651 -0.9452 -0.2817
vn -0.0639 -0.9979 0.0103
vn 0.4792 0.6914 0.5408
vn 0.5497 0.2808 0.7868
vn 0.6751 0.1246 0.7271
vn 0.5822 0.6052 0.5429
vn 0.2423 -0.9396 -0.2417
vn 0.2702 -0.9606 -0.0653
vn 0.2620 -0.7916 0.5520
vn 0.3039 -0.9430 -0.1357
vn 0.6524 -0.7248 -0.2214
vn 0.6852 -0.7113 0.1567
vn 0.3791 -0.9072 0.1826
vn 0.7521 0.5200 -0.4049
vn 0.6894 0.7021 -0.1782
vn 0.9401 0.1688 -0.2961
vn 0.8684 0.0253 -0.4953
vn 0.6390 0.5860 -0.4982
vn 0.3830 0.9207 -0.0743
vn 0.7439 -0.5479 0.3827
vn 0.5363 -0.7325 0.4192
vn 0.1976 -0.9458 -0.2576
vn 0.3503 -0.8306 -0.4329
vn 0.2926 0.9233 0.2486
vn 0.8948 0.4221 0.1457
vn 0.6195 0.7739 0.1314
vn 0.1406 -0.8074 -0.5730
vn -0.4697 -0.7253 -0.5032
vn -0.1868 -0.6760 -0.7129
vn 0.4421 -0.5514 -0.7075
vn 0.5215 -0.7484 -0.4098
vn -0.3968 -0.6925 -0.6025
vn -0.3035 -0.9506 0.0656
vn 0.6110 0.0666 0.7888
vn 0.3237 -0.9454 0.0378
vn 0.5050 -0.8010 -0.3214
vn 0.7504 -0.5861 -0.3055
vn 0.2958 -0.8190 -0.4916
vn -0.0811 -0.8880 -0.4526
vn 0.3262 0.7961 -0.5098
vn 0.3670 0.5777 -0.7291
vn 0.4440 0.5700 -0.6914
vn 0.5039 0.8217 -0.2662
vn 0.0249 -0.9939 -0.1077
vn -0.9953 -0.0885 -0.0393
vn -0.5474 -0.7171 -0.4314
vn -0.3558 -0.8946 -0.2704
vn 0.2474 0.6284 0.7375
vn 0.6460 0.3155 0.6951
vn 0.9996 -0.0223 -0.0162
vn 0.3077 0.4636 0.8309
vn -0.1750 -0.9827 0.0614
vn 0.2732 -0.8720 0.4062
vn -0.3120 -0.7183 -0.6219
vn -0.2139 -0.9106 -0.3538
vn 0.2338 0.6426 0.7297
vn 0.2730 0.3539 0.8946
vn -0.4926 -0.8584 -0.1430
vn -0.5084 -0.7927 -0.3365
vn 0.4026 -0.6334 0.6609
vn -0.2542 -0.9583 0.1308
vn -0.1892 -0.9694 0.1562
vn -0.9454 0.3186 0.0691
vn -0.3589 -0.7638 -0.5365
vn -0.4378 -0.7152 -0.5448
vn 0.4854 -0.8737 0.0325
vn 0.5145 -0.4209 -0.7471
vn 0.4916 0.8696 0.0457
vn 0.6195 0.3517 -0.7019
vn 0.1781 -0.9728 -0.1479
vn 0.4599 -0.7687 0.4445
vn 0.5838 0.2073 0.7850
vn 0.5054 0.7981 0.3281
vn 0.2042 -0.7696 -0.6050
vn -0.2764 -0.8033 -0.5276
vn -0.0410 -0.7420 -0.6692
vn 0.1204 -0.5353 -0.8360
vn -0.1014 -0.9946 0.0206
vn 0.2756 -0.8302 0.4846
vn 0.3352 0.9246 0.1808
vn 0.1241 0.9134 0.3877
vn 0.1934 0.9565 0.2185
vn 0.1069 -0.7930 0.5998
vn 0.4308 -0.2187 0.8755
vn 0.3487 -0.0690 0.9347
vn 0.1257 -0.6464 0.7525
vn 0.7192 -0.1363 -0.6813
vn 0.5777 0.8115 -0.0876
vn 0.3743 0.9251 -0.0631
vn 0.5087 0.4509 -0.7334
vn -0.3473 -0.8621 -0.3691
vn -0.4738 -0.6762 -0.5642
vn -0.4383 -0.8137 -0.3818
vn -0.7721 0.5632 0.2946
vn 0.1355 -0.1137 -0.9842
vn -0.4884 -0.5786 -0.6532
vn -0.2323 -0.9379 0.2575
vn 0.3081 -0.8405 0.4457
vn 0.1309 -0.8876 0.4416
vn -0.1753 -0.9766 0.1245
vn 0.5325 0.5752 -0.6210
vn 0.5765 0.5497 -0.6045
vn 0.3733 0.7032 0.6051
vn 0.0950 0.7718 0.6288
vn 0.9164 0.2083 -0.3419
vn 0.7718 0.4929 -0.4018
vn -0.3745 -0.9143 -0.1541
vn -0.2918 -0.9562 -0.0242
vn -0.4995 -0.6285 -0.5962
vn -0.5636 -0.4644 -0.6831
vn -0.3859 -0.6584 -0.6462
vn -0.0235 0.6677 0.7440
vn 0.3040 0.8171 0.4898
vn 0.3561 0.8200 0.4480
vn 0.3841 0.5755 0.7220
vn 0.4613 0.4366 0.7724
vn 0.4036 0.7666 0.4995
vn 0.6686 0.7421 -0.0485
vn 0.3936 0.8957 0.2070
vn 0.3717 0.9083 0.1917
vn 0.4583 0.8620 -0.2167
vn 0.3965 0.2289 0.8891
vn 0.4745 0.0840 0.8763
vn -0.0638 0.0840 -0.9944
vn -0.4342 -0.4556 -0.7771
vn 0.9293 0.3496 -0.1194
vn 0.1077 -0.7317 -0.6731
vn 0.5250 -0.2743 0.8057
vn 0.5058 0.3205 0.8009
vn 0.4593 0.5813 0.6717
vn 0.6016 0.7827 -0.1598
vn 0.8462 0.5313 0.0409
vn 0.9827 0.1288 0.1334
vn -0.0371 -0.3935 -0.9186
vn 0.2538 0.7564 0.6029
vn 0.1462 -0.3303 -0.9325
vn -0.1774 -0.7081 -0.6835
vn 0.5810 -0.1286 0.8036
vn -0.5219 -0.7154 -0.4645
vn 0.1506 0.8671 0.4749
vn 0.6272 0.2685 0.7311
vn 0.6758 0.5288 0.5136
vn 0.2088 -0.8016 0.5602
vn 0.5098 -0.3273 0.7956
vn -0.4082 -0.7962 -0.4466
vn -0.2721 -0.7967 -0.5397
vn -0.2294 -0.7373 -0.6355
vn -0.4080 -0.7438 -0.5294
vn -0.0624 -0.5003 -0.8636
vn 0.1338 0.0744 -0.9882
vn 0.7656 0.3130 -0.5620
vn 0.6571 -0.4553 -0.6007
vn 0.7805 -0.3815 -0.4953
vn 0.6817 -0.1412 0.7179
vn 0.5718 -0.4968 0.6528
vn 0.6849 -0.5974 -0.4172
vn 0.9418 -0.2967 -0.1580
vn 0.6494 -0.1177 -0.7513
vn -0.9802 -0.1953 -0.0334
vn -0.7596 -0.6465 -0.0713
vn 0.6167 -0.4823 0.6222
vn 0.9720 -0.1788 0.1522
vn 0.8950 -0.3201 -0.3108
vn -0.1373 -0.6179 -0.7742
vn 0.1481 0.0937 -0.9845
vn 0.9140 0.0159 -0.4054
vn 0.5922 -0.7800 -0.2024
vn 0.5599 -0.0607 0.8263
vn 0.6526 -0.2392 0.7190
vn -0.8700 -0.4784 -0.1189
vn -0.7332 -0.6538 -0.1870
vn -0.7524 -0.6506 -0.1030
vn -0.8805 -0.4683 -0.0733
vn -0.3059 -0.6593 -0.6869
vn 0.8019 -0.0308 0.5966
vn 0.7009 -0.4723 0.5345
vn -0.1186 -0.6047 -0.7876
vn -0.9988 -0.0333 0.0346
vn -0.6518 -0.1003 0.7517
vn 0.8062 0.2697 0.5266
vn 0.9753 -0.1836 0.1230
vn -0.4185 -0.7814 -0.4628
vn -0.4641 -0.7877 -0.4051
vn -0.9218 -0.3813 -0.0692
vn -0.9426 -0.3331 -0.0246
vn -0.9249 -0.1663 0.3419
vn -0.9647 -0.0729 0.2530
vn -0.9279 -0.2361 0.2884
vn 0.3372 -0.9323 -0.1306
vn 0.1595 -0.9579 -0.2386
vn 0.1612 -0.9839 -0.0775
vn -0.1420 -0.9522 -0.2704
vn -0.2214 -0.9671 -0.1250
vn -0.4885 -0.8391 -0.2392
vn -0.0369 -0.7465 -0.6643
vn 0.3829 -0.9227 -0.0451
vn 0.2431 -0.9698 -0.0188
vn 0.1881 -0.9771 -0.0996
vn 0.5921 -0.6505 0.4756
vn 0.6285 -0.6418 0.4394
vn -0.5804 -0.3966 0.7112
vn -0.6523 -0.4372 0.6191
vn -0.4009 -0.4989 0.7684
vn -0.0466 -0.0681 0.9966
vn 0.9164 0.3583 -0.1782
vn 0.7912 0.6100 0.0436
vn 0.4252 -0.5846 0.6910
vn 0.2254 -0.9022 -0.3677
vn -0.8049 -0.3010 0.5114
vn -0.9335 -0.1470 0.3270
vn 0.4602 -0.3270 0.8254
vn 0.0803 0.9073 0.4126
vn 0.1776 0.8961 0.4067
vn 0.2666 0.8563 0.4424
vn 0.0354 0.8898 0.4549
vn 0.2335 0.9722 -0.0150
vn -0.4090 0.7652 -0.4971
vn 0.1317 0.9618 -0.2402
vn 0.0284 0.9975 -0.0648
vn 0.8640 -0.1170 -0.4897
vn 0.9810 -0.0666 -0.1821
vn 0.6010 0.4762 -0.6419
vn 0.9125 0.2674 0.3095
vn 0.7923 0.3511 -0.4990
vn 0.9318 -0.0632 -0.3575
vn -0.9697 -0.0956 -0.2250
vn -0.1434 -0.9818 0.1243
vn -0.3122 -0.9467 0.0794
vn 0.7450 0.2508 0.6181
vn -0.9908 -0.0370 0.1299
vn 0.7466 -0.6645 -0.0309
vn 0.9762 -0.1283 -0.1751
vn 0.4137 0.1204 -0.9024
vn -0.2048 -0.4799 -0.8531
vn -0.0736 -0.6150 -0.7851
vn 0.9168 -0.2615 -0.3017
vn -0.9205 -0.2254 -0.3193
vn 0.3015 0.9167 0.2623
vn 0.7554 0.6411 0.1358
vn 0.4969 0.7510 0.4349
vn 0.4945 0.8681 0.0432
vn 0.5357 0.8412 -0.0736
vn 0.9675 0.2403 -0.0787
vn 0.9605 0.1542 -0.2315
vn 0.1604 0.9864 -0.0351
vn 0.1260 0.9920 -0.0036
vn 0.4892 0.8336 0.2564
vn -0.3835 -0.5766 -0.7214
vn -0.8028 -0.1782 -0.5689
vn -0.6754 -0.4109 -0.6124
vn -0.9538 -0.2617 0.1475
vn -0.9667 -0.1156 0.2282
vn -0.7166 0.5595 -0.4165
vn 0.2709 0.8005 0.5346
vn -0.0921 -0.8918 0.4430
vn 0.1050 -0.6598 0.7441
vn 0.1339 -0.9710 -0.1980
vn -0.9016 -0.1485 -0.4064
vn -0.9274 -0.2596 -0.2693
vn -0.5894 -0.1174 0.7992
vn -0.4489 -0.3565 -0.8194
vn -0.4915 -0.5933 -0.6376
vn 0.4605 -0.8359 -0.2986
vn 0.5241 -0.7406 0.4204
vn 0.4778 -0.8233 -0.3065
vn 0.9456 0.2412 -0.2183
vn -0.1798 -0.8880 -0.4232
vn -0.9714 0.2219 -0.0845
vn 0.8884 -0.3416 0.3066
vn -0.3185 -0.9440 -0.0857
vn -0.2242 -0.9519 -0.2089
vn 0.2118 0.9773 0.0059
vn 0.3095 0.9509 -0.0091
vn 0.1077 0.9942 -0.0018
vn -0.3014 -0.7807 -0.5474
vn 0.2937 -0.8863 0.3580
vn -0.9797 0.0553 -0.1927
vn -0.0023 0.0561 0.9984
vn 0.1951 0.4249 0.8840
vn -0.6435 -0.3920 0.6575
vn 0.2759 -0.8059 0.5238
vn -0.1606 -0.7098 0.6859
vn -0.4328 -0.3088 -0.8469
vn -0.0293 0.9813 -0.1905
vn -0.4007 -0.0048 -0.9162
vn -0.7292 -0.1950 -0.6559
vn -0.3097 -0.1820 -0.9333
vn 0.4430 0.8263 0.3480
vn -0.4233 -0.0626 -0.9038
vn -0.0486 -0.2638 0.9634
vn 0.6861 -0.2680 0.6763
vn 0.6003 -0.6033 0.5251
vn -0.3205 -0.9394 -0.1215
vn 0.0938 -0.2737 0.9572
vn -0.2721 -0.6040 0.7491
vn -0.9250 -0.1046 0.3652
vn -0.6443 -0.5914 -0.4849
vn -0.4925 0.1802 0.8514
vn -0.4613 0.0437 0.8862
vn -0.8873 0.3872 0.2503
vn -0.7413 0.5150 0.4304
vn 0.4882 0.4520 0.7465
vn 0.2605 0.3145 0.9128
vn 0.2048 -0.9731 -0.1056
vn -0.2557 -0.9505 -0.1766
vn -0.7453 -0.5700 -0.3460
vn -0.3790 0.0366 -0.9247
vn -0.3070 -0.2490 -0.9186
vn -0.8876 -0.2503 0.3867
vn -0.2327 -0.7911 -0.5657
vn -0.9064 0.1158 -0.4062
vn -0.8789 0.1223 -0.4611
vn 0.6872 0.5802 0.4373
vn -0.6468 0.7098 0.2789
vn 0.3843 -0.8006 0.4598
vn 0.0484 -0.8263 0.5612
vn 0.1617 0.6438 -0.7479
vn -0.4769 -0.7806 0.4039
vn -0.2067 -0.9744 0.0888
vn 0.5972 -0.0165 0.8019
vn -0.6095 0.7920 0.0360
vn -0.7178 0.6959 0.0233
vn 0.8855 0.0147 0.4644
vn 0.8734 0.4685 0.1330
vn 0.8670 -0.2526 0.4295
vn -0.9333 0.0837 -0.3492
vn -0.8518 0.1426 -0.5041
vn -0.9662 -0.0287 -0.2560
vn -0.4486 -0.2442 0.8597
vn 0.9078 -0.0628 0.4146
vn 0.7924 0.1756 -0.5841
vn 0.3910 0.6535 -0.6482
vn -0.8706 -0.2563 -0.4200
vn -0.9118 0.0446 -0.4081
vn -0.4477 0.2040 -0.8706
vn -0.7246 0.5443 -0.4226
vn 0.6092 0.7930 -0.0081
vn -0.9746 -0.1899 -0.1187
vn -0.7949 0.4405 -0.4171
vn 0.9481 0.0946 -0.3037
vn 0.8904 0.4463 -0.0893
vn -0.8976 -0.4131 0.1540
vn -0.8621 -0.4089 0.2993
vn 0.1223 -0.3142 0.9414
vn -0.1064 -0.9935 -0.0395
vn -0.2367 0.9506 0.2009
vn -0.6403 0.7446 0.1886
vn 0.9905 0.0823 0.1105
vn 0.4020 0.1146 -0.9085
vn 0.4699 0.6450 -0.6026
vn 0.3326 0.4411 -0.8335
vn -0.3406 0.9336 0.1110
vn -0.4245 0.9041 0.0487
vn -0.7558 0.2760 -0.5937
vn -0.9270 -0.2039 -0.3147
vn 0.1978 -0.2759 -0.9406
vn -0.5364 0.7545 -0.3782
vn -0.5471 0.2432 -0.8010
vn -0.4478 0.8939 -0.0211
vn 0.1076 0.2972 -0.9487
vn 0.8883 -0.4592 -0.0099
vn 0.7969 0.5835 0.1563
vn 0.8681 -0.3110 0.3869
vn -0.1229 -0.3218 0.9388
vn 0.1834 0.0924 0.9787
vn -0.0732 0.2038 0.9763
vn 0.5650 -0.7007 0.4357
vn 0.7749 -0.6113 0.1607
vn -0.9474 -0.3131 0.0659
vn -0.8401 -0.3768 -0.3903
vn -0.8193 -0.2332 0.5238
vn 0.2977 0.9540 -0.0370
vn 0.1333 0.9891 -0.0623
vn -0.1485 0.9873 -0.0560
vn 0.3869 0.9196 -0.0675
vn 0.2680 -0.8746 -0.4042
vn 0.5017 -0.7546 0.4230
vn 0.2990 -0.8283 0.4738
vn 0.4449 -0.8817 -0.1569
vn 0.5202 0.7100 0.4747
vn 0.3934 0.8548 0.3385
vn -0.2959 0.9218 0.2507
vn 0.9046 -0.4005 0.1456
vn 0.4945 -0.5683 0.6577
vn 0.1585 -0.9031 0.3992
vn 0.4643 -0.8850 -0.0339
vn -0.2826 0.9551 0.0894
vn -0.3494 0.9166 -0.1942
vn 0.4690 -0.8489 0.2436
vn -0.2501 -0.4318 0.8666
vn 0.7476 -0.5733 0.3352
vn 0.1966 0.9499 -0.2429
vn 0.9660 -0.0113 0.2583
vn 0.0679 -0.8354 0.5454
vn 0.9019 0.4223 0.0907
vn 0.8792 0.4725 0.0611
vn -0.3471 -0.9374 -0.0269
vn -0.3090 -0.4107 0.8578
vn 0.1319 -0.7343 0.6659
vn 0.9719 -0.2353 -0.0033
vn -0.8924 -0.2418 0.3810
vn 0.8917 0.4524 -0.0118
vn 0.0978 0.8285 0.5514
vn -0.8949 -0.0705 0.4406
vn 0.7328 -0.6514 -0.1964
vn -0.8880 -0.4529 -0.0802
vn -0.8875 -0.4608 -0.0005
vn -0.9249 0.0029 0.3801
vn -0.9011 0.1047 0.4209
vn -0.9685 0.0829 0.2347
vn -0.9843 0.0184 0.1754
vn -0.9973 -0.0600 -0.0417
vn -0.9625 -0.2536 0.0964
vn -0.9558 -0.2868 0.0645
vn 0.3011 -0.9405 -0.1577
vn 0.3401 -0.9263 -0.1622
vn 0.0821 -0.9880 -0.1309
vn 0.1321 -0.9825 -0.1311
vn 0.2816 0.7600 -0.5857
vn 0.7933 0.5933 0.1366
vn 0.4009 0.9135 -0.0687
vn 0.2513 0.9347 0.2511
vn 0.7232 0.5710 0.3885
vn -0.9183 -0.1926 -0.3458
vn -0.9689 -0.2465 0.0195
vn 0.0297 0.9484 -0.3158
vn -0.3171 0.9478 -0.0326
vn -0.6321 -0.7719 -0.0683
vn -0.9839 0.0246 -0.1770
vn -0.3141 0.4702 0.8248
vn -0.4605 0.6297 0.6256
vn -0.7375 0.3178 0.5959
vn -0.6410 0.1833 0.7453
vn 0.0339 -0.9994 0.0002
vn 0.0606 -0.9951 0.0779
vn -0.7629 -0.0700 -0.6427
vn -0.6639 -0.2224 -0.7140
vn -0.6825 0.7299 -0.0381
vn 0.0464 0.9070 -0.4186
vn -0.0845 0.9122 -0.4008
vn -0.4410 0.7844 -0.4362
vn -0.3992 0.6124 -0.6824
vn -0.4183 0.8867 0.1970
vn -0.1822 0.9812 -0.0632
vn -0.2770 -0.8898 -0.3627
vn 0.1866 -0.9690 -0.1619
vn 0.2503 0.9667 0.0531
vn -0.3215 -0.8269 0.4613
vn -0.4110 -0.7325 0.5426
vn -0.6001 -0.6317 0.4908
vn -0.4460 -0.7908 0.4192
vn 0.5134 0.2921 -0.8069
vn 0.4902 0.3474 -0.7994
vn 0.0885 -0.9924 -0.0861
vn 0.1030 -0.9831 -0.1512
vn -0.1394 -0.9794 -0.1460
vn -0.0649 -0.9929 -0.0994
vn 0.4432 0.2970 -0.8458
vn 0.4301 0.4018 -0.8084
vn -0.3365 0.9324 0.1321
vn -0.4313 0.8373 0.3361
vn -0.4322 0.8790 0.2013
vn -0.9554 0.1997 0.2174
vn -0.4126 -0.9106 0.0261
vn -0.7325 0.0889 0.6749
vn -0.4321 -0.5882 -0.6836
vn -0.6223 0.7120 -0.3253
vn 0.1117 0.9895 -0.0912
vn -0.4735 0.8153 0.3332
vn -0.3651 0.8340 0.4137
vn 0.0215 0.9996 -0.0163
vn 0.0608 -0.7783 0.6249
vn -0.1766 0.3583 0.9168
vn 0.4112 0.5111 0.7548
vn 0.2797 -0.7825 0.5562
vn -0.3844 0.9230 -0.0171
vn 0.9198 -0.0284 0.3914
vn -0.1159 0.7804 0.6145
vn -0.1072 0.8287 0.5493
vn 0.3398 0.9401 0.0262
vn -0.4967 0.8667 0.0460
vn 0.8572 -0.2746 0.4356
vn 0.8502 0.5239 0.0516
vn 0.8143 -0.5344 -0.2265
vn 0.1976 -0.5386 0.8191
vn 0.7062 0.0784 0.7036
vn 0.6828 0.0674 0.7275
vn 0.1174 -0.5154 0.8489
vn 0.7857 0.6183 0.0184
vn 0.2180 0.9515 -0.2170
vn 0.9264 0.3677 0.0813
vn -0.4878 -0.8664 -0.1066
vn -0.8967 -0.2928 -0.3318
vn -0.0721 0.3172 0.9456
vn 0.1549 -0.9594 -0.2358
vn -0.2303 -0.8950 -0.3819
vn -0.5422 -0.8403 -0.0014
vn -0.6107 -0.7863 -0.0934
vn -0.2235 -0.9705 0.0901
vn 0.7366 0.0223 -0.6759
vn 0.1869 0.0260 -0.9820
vn 0.2514 0.6588 -0.7091
vn 0.6560 0.5738 -0.4904
vn 0.3096 -0.9487 0.0648
vn -0.5548 0.7411 -0.3782
vn 0.1989 0.8042 -0.5601
vn 0.0867 0.2316 -0.9689
vn 0.1692 -0.6856 0.7081
vn 0.6187 -0.7554 0.2157
vn 0.6061 -0.7584 0.2398
vn 0.4970 -0.4146 0.7623
vn 0.3522 -0.9337 -0.0646
vn 0.2560 -0.9665 -0.0199
vn 0.5389 -0.8422 -0.0154
vn 0.7518 -0.6418 0.1514
vn -0.9584 -0.2806 0.0523
vn -0.6364 0.7034 -0.3167
vn -0.8984 0.3447 -0.2722
vn -0.1854 -0.7232 -0.6653
vn 0.6564 0.3879 -0.6471
vn 0.6813 -0.7164 0.1504
vn -0.5102 -0.8435 -0.1679
vn -0.1485 -0.9728 0.1776
vn 0.9547 -0.2349 -0.1828
vn -0.9133 -0.3224 -0.2489
vn 0.4677 -0.4351 0.7694
vn -0.9863 -0.1084 -0.1241
vn -0.9731 -0.2303 -0.0001
vn -0.9954 -0.0897 0.0344
vn 0.2122 -0.7295 0.6502
vn 0.3472 -0.6929 0.6320
vn 0.3962 -0.5190 0.7574
vn 0.9208 -0.3889 -0.0309
vn 0.7005 -0.4533 0.5512
vn 0.5222 -0.7833 0.3372
vn 0.6620 -0.7114 -0.2358
vn 0.0416 0.9745 -0.2207
vn -0.8122 0.4710 0.3441
vn -0.7516 0.5369 0.3832
vn -0.7129 0.6683 -0.2126
vn -0.3832 -0.5674 -0.7288
vn 0.2762 -0.0357 -0.9604
vn -0.0546 -0.3612 -0.9309
vn 0.4844 -0.5457 -0.6838
vn 0.5829 -0.3754 -0.7206
vn -0.0360 0.9991 0.0209
vn 0.0002 0.9374 0.3481
vn -0.2084 -0.0370 0.9773
vn 0.0802 0.9933 0.0834
vn -0.2972 -0.9408 -0.1627
vn 0.7820 -0.3952 0.4819
vn 0.9796 -0.1942 -0.0506
vn -0.3589 -0.9271 -0.1078
vn 0.4875 0.3983 0.7770
vn 0.8787 -0.4769 -0.0211
vn 0.7165 -0.6965 -0.0385
vn 0.0552 -0.9946 -0.0880
vn 0.0235 0.9936 -0.1109
vn -0.2404 0.9498 -0.2000
vn 0.5383 -0.6187 0.5722
vn 0.9150 -0.4027 -0.0256
vn 0.9262 -0.3597 -0.1133
vn 0.9962 0.0545 -0.0682
vn 0.9983 -0.0380 -0.0452
vn -0.4822 0.3506 -0.8029
vn -0.8339 -0.1633 -0.5273
vn -0.9415 0.1022 -0.3210
vn 0.0844 0.9390 -0.3335
vn 0.7040 -0.5920 -0.3923
vn 0.4748 -0.8354 -0.2769
vn -0.0767 -0.7706 -0.6327
vn 0.1118 -0.1689 -0.9793
vn 0.9949 0.0387 -0.0929
vn 0.9931 0.0934 -0.0704
vn 0.9945 0.0787 -0.0691
vn 0.8615 -0.4565 -0.2223
vn -0.0689 -0.9916 -0.1093
vn 0.4645 -0.8682 -0.1745
vn 0.3390 -0.9171 -0.2097
vn 0.6748 -0.7144 -0.1854
vn 0.3185 -0.9479 0.0058
vn 0.0218 -0.9998 -0.0021
vn 0.0011 -0.9996 -0.0287
vn 0.2817 -0.9592 -0.0233
vn -0.2135 0.9768 0.0177
vn 0.0133 0.9999 -0.0019
vn 0.8812 -0.4520 -0.1387
vn 0.5768 -0.8121 -0.0879
vn 0.4782 -0.8630 -0.1630
vn 0.1495 -0.7285 0.6685
vn -0.0513 -0.7019 0.7104
vn -0.3045 0.4091 0.8602
vn -0.6762 0.1499 0.7213
vn 0.0170 -0.9947 -0.1015
vn 0.5724 -0.7993 -0.1830
vn 0.4865 -0.8580 -0.1648
vn 0.0686 -0.9928 -0.0985
vn 0.5966 -0.8026 0.0012
vn -0.0636 0.5443 -0.8364
vn -0.9450 -0.0634 -0.3208
vn -0.9883 0.1130 -0.1028
vn -0.0446 0.8638 -0.5018
vn 0.4692 0.8103 -0.3512
vn -0.1193 0.9796 -0.1616
vn 0.6430 -0.5828 0.4969
vn 0.7524 -0.4101 0.5155
vn 0.9074 -0.4128 0.0787
vn 0.8480 -0.5299 -0.0116
vn 0.0934 0.9793 -0.1797
vn 0.4315 0.7041 -0.5639
vn 0.9736 0.1859 -0.1324
vn 0.2402 0.9595 -0.1474
vn 0.3741 0.2927 -0.8800
vn -0.3861 0.5736 -0.7225
vn -0.0593 0.7990 -0.5984
vn 0.6453 0.6329 -0.4277
vn 0.7566 -0.3262 -0.5667
vn 0.7458 -0.5387 -0.3920
vn 0.7637 -0.5294 -0.3696
vn -0.4022 -0.7008 -0.5892
vn 0.7933 -0.6047 -0.0706
vn 0.9153 -0.4024 -0.0161
vn 0.5738 -0.8031 -0.1609
vn -0.3048 -0.0952 -0.9476
vn 0.4601 0.3829 -0.8011
vn 0.8824 -0.4587 -0.1045
vn 0.3547 0.8778 -0.3220
vn -0.3376 0.9394 -0.0592
vn -0.3471 0.9359 -0.0600
vn -0.3614 -0.3074 0.8803
vn -0.2622 0.8646 0.4287
vn 0.4127 0.7736 0.4808
vn 0.7885 -0.0456 0.6134
vn -0.1013 -0.9921 -0.0737
vn -0.0556 -0.9958 -0.0732
vn -0.0305 -0.9979 -0.0570
vn -0.1008 -0.9933 -0.0563
vn -0.1421 0.9884 0.0544
vn -0.8827 0.4692 0.0285
vn -0.6454 0.7468 0.1605
vn 0.9214 0.3872 -0.0347
vn 0.8384 0.5434 -0.0411
vn -0.5448 0.8323 -0.1023
vn -0.4902 0.6740 -0.5527
vn -0.0422 0.9735 -0.2247
vn 0.2423 0.9512 -0.1912
vn 0.7080 0.7058 0.0239
vn 0.9932 0.0578 -0.1012
vn 0.9814 -0.0377 -0.1880
vn 0.6345 -0.7108 -0.3035
vn 0.6513 -0.7438 -0.1499
vn 0.3328 -0.7975 -0.5032
vn 0.6042 -0.7568 -0.2494
vn 0.7230 -0.6113 -0.3218
vn -0.9135 0.3623 -0.1852
vn -0.6226 0.7790 0.0749
vn -0.4198 0.9063 0.0486
vn -0.8166 0.5493 -0.1773
vn 0.9174 -0.3723 -0.1407
vn -0.0411 0.1888 -0.9812
vn -0.3970 0.8928 -0.2126
vn 0.1268 0.9901 -0.0603
vn 0.8866 0.4558 -0.0780
vn -0.1816 0.9481 0.2610
vn -0.1033 0.9738 0.2024
vn 0.4128 -0.9048 -0.1044
vn 0.3867 -0.9012 -0.1956
vn 0.9222 -0.3866 -0.0088
vn 0.6478 0.7551 0.1011
vn 0.9881 -0.1314 0.0801
vn 0.9576 -0.2818 0.0594
vn 0.9888 0.1487 -0.0161
vn 0.9528 0.3010 -0.0399
vn -0.3560 -0.6767 -0.6445
vn -0.1310 0.2365 -0.9628
vn -0.6013 -0.0230 -0.7987
vn 0.9373 0.3139 -0.1513
vn 0.9558 0.2056 -0.2102
vn 0.4063 -0.9026 -0.1425
vn 0.1292 -0.9910 -0.0358
vn 0.0230 -0.9929 -0.1166
vn 0.5208 -0.8466 -0.1092
vn 0.7106 -0.7030 -0.0279
vn 0.0659 0.9964 0.0540
vn -0.4478 0.8939 -0.0230
vn -0.4978 0.8624 -0.0922
vn 0.3215 -0.9279 -0.1886
vn -0.9985 -0.0408 -0.0359
vn -0.7515 -0.6314 -0.1914
vn 0.9684 -0.1066 0.2255
vn -0.3297 0.0388 0.9433
vn -0.1237 -0.2155 0.9686
vn 0.2775 -0.9195 -0.2783
vn 0.9023 -0.4272 -0.0571
vn 0.4733 0.8188 0.3248
vn -0.0880 -0.9853 -0.1464
vn 0.6089 0.7553 0.2426
vn 0.1353 0.9179 -0.3732
vn 0.9618 0.2735 0.0124
vn -0.9917 -0.0751 0.1045
vn -0.9453 -0.2911 0.1472
vn -0.9515 -0.2605 0.1637
vn -0.9694 -0.2378 0.0603
vn 0.2753 -0.9466 -0.1678
vn 0.1285 -0.9669 -0.2204
vn 0.0052 -0.9450 -0.3271
vn 0.6237 -0.7740 -0.1096
vn 0.8410 -0.5406 0.0228
vn 0.9763 0.2097 0.0529
vn 0.6561 -0.7541 0.0296
vn 0.5826 -0.8127 -0.0079
vn -0.8724 -0.4608 0.1629
vn -0.0027 -0.9653 0.2611
vn -0.5859 -0.5194 0.6221
vn -0.9890 -0.0792 0.1248
vn -0.1204 -0.9903 -0.0690
vn -0.2869 -0.9563 -0.0557
vn -0.5545 -0.8318 0.0268
vn 0.0320 -0.9915 -0.1263
vn -0.8873 0.4601 -0.0313
vn -0.6457 0.7634 -0.0175
vn -0.5003 0.8652 -0.0329
vn -0.8130 0.5786 -0.0654
vn 0.8914 -0.4523 -0.0298
vn 0.3092 -0.9260 -0.2164
vn 0.3072 -0.9387 -0.1566
vn -0.7372 -0.6644 -0.1231
vn 0.4793 -0.8776 0.0103
vn 0.5366 -0.8433 0.0292
vn -0.9588 0.1299 0.2525
vn 0.4173 0.8163 -0.3993
vn 0.5719 -0.8030 -0.1678
vn 0.9974 -0.0649 0.0310
vn 0.2807 0.9595 -0.0253
vn -0.7732 0.3773 -0.5098
vn -0.8456 0.3466 -0.4061
vn -0.5586 0.7944 -0.2387
vn -0.5194 0.7790 -0.3514
vn -0.0680 0.9368 -0.3432
vn -0.1678 0.9832 -0.0724
vn -0.5354 0.7811 -0.3212
vn -0.3404 0.9400 0.0206
vn -0.1193 0.9924 -0.0297
vn -0.4146 -0.6144 -0.6713
vn -0.6340 -0.6539 -0.4128
vn -0.3827 -0.7598 -0.5257
vn 0.3209 -0.4817 -0.8154
vn 0.2372 0.5904 -0.7715
vn 0.5470 0.4280 -0.7194
vn 0.3225 0.9465 0.0087
vn 0.8898 0.4410 -0.1176
vn 0.0893 -0.9381 -0.3347
vn -0.4195 0.6637 -0.6192
vn -0.0305 -0.9987 0.0405
vn 0.4037 -0.8999 -0.1646
vn 0.3273 -0.8995 0.2894
vn -0.2072 0.9579 -0.1987
vn 0.9923 -0.0896 -0.0851
vn 0.9951 0.0834 -0.0534
vn 0.7073 0.3461 -0.6164
vn 0.8806 -0.3109 -0.3575
vn 0.8104 0.5375 -0.2331
vn 0.6145 0.4015 -0.6791
vn 0.7238 -0.6708 -0.1618
vn 0.7548 -0.6552 0.0317
vn 0.9877 -0.1546 0.0220
vn -0.9914 -0.0711 -0.1096
vn -0.9641 -0.2096 0.1629
vn -0.9845 -0.1637 0.0626
vn -0.0556 -0.9099 -0.4110
vn -0.7799 0.6192 0.0914
vn -0.7784 0.6013 0.1805
vn -0.1275 -0.9703 -0.2057
vn -0.2994 -0.9317 -0.2058
vn -0.2939 -0.8923 -0.3426
vn -0.7597 0.3631 -0.5395
vn -0.8356 -0.1595 -0.5257
vn 0.9123 -0.3885 -0.1299
vn 0.9915 -0.0940 -0.0902
vn 0.7715 0.1910 -0.6069
vn -0.0681 -0.9946 -0.0778
vn -0.0681 -0.9940 -0.0853
vn -0.5706 -0.4528 -0.6852
vn -0.4161 0.4211 -0.8059
vn -0.3433 0.9374 0.0584
vn -0.4664 0.8803 0.0872
vn -0.5414 0.8403 0.0292
vn 0.2315 -0.9603 -0.1554
vn 0.0348 -0.9872 -0.1555
vn 0.0411 0.9877 0.1509
vn 0.0140 0.9969 0.0773
vn -0.1104 0.9914 0.0699
vn -0.1715 0.9809 0.0919
vn -0.9777 -0.1939 -0.0811
vn -0.7599 -0.6483 -0.0475
vn -0.8369 -0.5464 -0.0321
vn -0.9951 -0.0766 -0.0631
vn -0.1320 -0.9612 -0.2422
vn 0.6848 -0.6914 0.2302
vn -0.4624 0.2928 -0.8369
vn -0.5678 0.4162 -0.7102
vn 0.5702 -0.7839 0.2458
vn 0.6612 -0.7093 0.2446
vn 0.3903 -0.9094 0.1436
vn 0.4655 -0.8731 0.1450
vn 0.8608 -0.1861 0.4736
vn 0.9565 -0.1994 0.2130
vn 0.8802 -0.4728 0.0413
vn 0.6850 -0.6339 0.3591
vn 0.9520 -0.2771 -0.1303
vn 0.8849 -0.4309 -0.1770
vn 0.9933 0.0216 -0.1139
vn 0.5407 0.5894 0.6002
vn 0.6579 0.5940 0.4630
vn 0.8775 -0.4179 0.2351
vn 0.0716 -0.9973 -0.0182
vn 0.1545 -0.9879 0.0120
vn 0.3972 -0.9177 -0.0088
vn 0.3938 0.9124 0.1112
vn -0.5783 -0.8158 0.0041
vn -0.5287 -0.8473 0.0506
vn 0.0360 -0.3672 0.9295
vn 0.9628 0.2701 -0.0048
vn 0.7703 0.4942 0.4029
vn 0.3465 0.9376 0.0309
vn 0.1151 -0.9897 -0.0852
vn -0.9971 -0.0408 -0.0636
vn -0.8614 0.4912 0.1295
vn -0.9942 0.0125 0.1069
vn 0.8903 0.4545 0.0276
vn -0.0691 0.8349 0.5460
vn 0.3187 0.5103 0.7987
vn -0.5364 0.1607 0.8285
vn -0.2514 0.6031 0.7570
vn -0.5292 0.8359 -0.1459
vn -0.5481 0.7871 0.2831
vn -0.4952 0.8216 0.2822
vn -0.3130 0.8944 0.3196
vn -0.1801 0.8668 0.4650
vn -0.6483 -0.7583 -0.0681
vn 0.1604 -0.9803 0.1149
vn 0.2081 -0.9468 0.2454
vn -0.4382 -0.8634 0.2500
vn -0.5575 -0.8301 -0.0089
vn 0.4496 -0.8898 -0.0779
vn 0.1880 -0.9805 -0.0569
vn -0.2375 0.9712 0.0189
vn -0.1400 0.9894 0.0390
vn 0.8930 0.4468 0.0543
vn 0.0602 0.9980 0.0215
vn -0.5336 -0.7572 -0.3769
vn -0.7653 -0.2746 -0.5822
vn 0.8577 -0.5141 0.0100
vn 0.9868 0.1529 0.0531
vn 0.4893 0.8721 0.0115
vn 0.5182 0.4725 0.7129
vn -0.8515 -0.1954 -0.4865
vn -0.5116 -0.7462 -0.4260
vn 0.2243 0.6236 -0.7488
vn 0.2180 -0.2586 0.9411
vn 0.7895 -0.4539 0.4131
vn 0.3777 -0.0423 0.9250
vn -0.9966 0.0673 0.0481
vn -0.9767 -0.0274 0.2130
vn 0.0571 -0.9965 -0.0615
vn 0.0375 -0.9991 -0.0202
vn -0.9201 -0.3563 -0.1629
vn -0.4530 -0.8392 -0.3009
vn -0.3334 -0.3087 -0.8908
vn -0.9131 0.3428 -0.2206
vn 0.1000 0.9658 -0.2392
vn -0.1769 0.0916 0.9800
vn -0.4244 -0.8237 0.3760
vn 0.2156 -0.9345 0.2833
vn 0.4348 -0.0996 0.8950
vn 0.1282 -0.9710 -0.2016
vn -0.8198 -0.5337 -0.2075
vn 0.9321 -0.3553 0.0701
vn -0.3905 0.9205 0.0125
vn -0.1301 0.9540 0.2700
vn 0.0419 0.9503 0.3086
vn -0.3243 0.9454 0.0318
vn 0.5030 0.5181 -0.6918
vn 0.7550 0.5650 -0.3329
vn 0.1996 -0.9714 -0.1287
vn 0.7954 -0.5854 -0.1567
vn -0.4379 -0.7778 0.4509
vn -0.2243 -0.9588 0.1746
vn -0.6343 -0.7253 0.2676
vn 0.0586 -0.9959 -0.0689
vn -0.8831 -0.4688 0.0181
vn 0.9731 -0.2253 0.0476
vn 0.9753 -0.2190 0.0288
vn 0.4089 -0.9097 -0.0725
vn -0.8335 -0.1833 0.5212
vn -0.8225 0.0274 0.5681
vn -0.4222 -0.2847 0.8606
vn -0.4932 -0.5607 0.6651
vn 0.0707 -0.9973 -0.0183
vn 0.3353 -0.8570 0.3912
vn -0.7762 0.0796 0.6255
vn -0.6051 0.3915 0.6932
vn 0.0670 -0.7446 0.6641
vn 0.0350 -0.4584 0.8881
vn -0.0843 0.5861 0.8058
vn 0.1166 -0.2254 0.9673
vn 0.4633 -0.7020 0.5409
vn -0.0542 0.5201 0.8524
vn 0.9692 -0.1498 -0.1954
vn -0.2550 -0.8806 -0.3994
vn 0.4277 -0.8549 -0.2936
vn -0.1420 -0.8634 -0.4841
vn 0.4942 0.8691 0.0215
vn 0.8280 0.5535 -0.0896
vn -0.8949 0.0256 0.4455
vn -0.3068 -0.2056 0.9293
vn 0.0483 0.9795 0.1956
vn -0.0048 0.9949 0.1005
vn 0.1621 0.9836 0.0787
vn 0.2492 0.9580 0.1417
vn 0.8384 0.5247 -0.1478
vn 0.6126 0.5093 0.6044
vn 0.3838 0.6329 0.6724
vn 0.5984 0.5323 0.5988
vn 0.9563 -0.2813 -0.0795
vn -0.6085 -0.0589 0.7913
vn 0.7285 0.6794 0.0878
vn 0.8692 0.4879 0.0801
vn -0.3346 0.4806 0.8106
vn 0.2406 -0.9531 -0.1838
vn 0.1822 -0.9825 -0.0388
vn -0.0770 -0.9943 -0.0733
vn 0.8593 -0.4971 -0.1203
vn -0.4029 -0.5857 0.7033
vn -0.6392 -0.6845 -0.3505
vn 0.0286 -0.8523 0.5223
vn -0.6515 -0.5697 0.5009
vn 0.9533 0.3021 -0.0034
vn 0.5158 -0.8548 0.0573
vn 0.3501 -0.9366 -0.0115
vn 0.8162 0.5775 -0.0209
vn 0.9942 0.0437 0.0984
vn 0.2568 0.9662 0.0232
vn -0.4924 0.8655 -0.0922
vn 0.5223 -0.8271 0.2076
vn -0.4070 -0.7777 0.4790
vn -0.5077 -0.5769 0.6399
vn -0.6913 -0.6846 0.2312
vn -0.3313 -0.9435 -0.0041
vn -0.2917 0.9565 -0.0081
vn -0.4286 0.9035 -0.0015
vn -0.8704 -0.4707 0.1444
vn -0.0530 -0.2673 0.9621
vn -0.5421 0.7722 0.3313
vn -0.4165 0.9057 0.0790
vn -0.4395 0.8834 0.1628
vn -0.5806 0.7944 0.1787
vn -0.0957 -0.9952 -0.0225
vn 0.9867 -0.1616 0.0169
vn 0.9611 0.2724 0.0468
vn 0.9809 -0.1829 0.0665
vn 0.4509 -0.6848 0.5725
vn 0.3701 -0.5239 0.7672
vn 0.6726 -0.6117 0.4164
vn -0.5983 -0.4593 0.6565
vn -0.5115 -0.6040 0.6112
vn -0.2910 -0.1538 0.9443
vn -0.4273 0.2800 0.8597
vn -0.3924 -0.1437 0.9085
vn -0.0947 -0.6512 0.7529
vn 0.7256 -0.6761 -0.1285
vn -0.0657 -0.9859 0.1540
vn 0.3606 -0.8427 0.3998
vn -0.6611 -0.5740 0.4831
vn -0.2666 -0.9549 0.1306
vn -0.3783 -0.9203 0.0995
vn -0.4311 -0.8956 0.1097
vn -0.3210 -0.9401 0.1149
vn -0.3955 0.2679 0.8785
vn -0.7532 -0.0526 0.6557
vn -0.6990 -0.3126 0.6432
vn -0.5126 0.0268 0.8582
vn 0.3278 -0.9160 0.2313
vn 0.2639 0.9602 0.0915
vn -0.0424 0.3856 0.9217
vn 0.6445 -0.3769 0.6652
vn 0.9182 0.2160 0.3319
vn -0.1613 0.5317 0.8314
vn 0.3232 -0.8730 0.3653
vn 0.0524 -0.8212 0.5683
vn -0.1329 -0.9842 0.1166
vn 0.2189 -0.9753 -0.0291
vn -0.5860 0.8087 0.0510
vn -0.5659 0.8244 -0.0001
vn -0.4140 0.9093 -0.0419
vn -0.4770 0.8789 0.0009
vn -0.3485 -0.9373 0.0092
vn -0.3397 -0.9383 0.0642
vn -0.4702 -0.8791 0.0788
vn -0.5185 -0.8548 0.0214
vn -0.5414 -0.7339 0.4103
vn -0.8260 -0.4938 0.2717
vn -0.7777 -0.6196 0.1066
vn -0.5070 -0.8407 0.1902
vn -0.2004 -0.2486 0.9476
vn -0.9884 -0.0225 0.1503
vn -0.9651 -0.2608 -0.0220
vn 0.3232 0.9449 0.0511
vn 0.2597 0.9637 0.0616
vn 0.1568 0.9863 0.0508
vn 0.1967 0.9800 0.0314
vn -0.9059 -0.3293 0.2664
vn -0.6908 -0.1131 0.7142
vn -0.6168 -0.2346 0.7514
vn -0.8763 -0.3504 0.3306
vn -0.4411 -0.8946 0.0710
vn -0.5608 -0.8256 0.0622
vn 0.4192 0.5211 0.7435
vn -0.1102 0.3159 0.9424
vn 0.0132 0.6854 0.7281
vn 0.3198 0.8168 0.4802
vn -0.5584 0.5951 0.5779
vn 0.1515 0.8665 0.4755
vn 0.2504 0.9680 -0.0182
vn -0.8840 -0.4541 0.1105
vn -0.8362 -0.5345 0.1230
vn -0.7561 -0.6413 0.1310
vn -0.6446 -0.7577 0.1019
vn -0.7185 -0.6950 0.0284
vn 0.0325 0.9709 0.2371
vn 0.1913 0.9683 0.1603
vn 0.5998 0.7693 0.2200
vn 0.1486 0.9262 0.3465
vn -0.5886 -0.7998 0.1180
vn -0.4554 -0.6693 -0.5871
vn -0.1334 -0.9512 -0.2784
vn 0.0959 -0.8540 -0.5113
vn -0.3677 -0.7453 -0.5561
vn 0.1039 0.9945 0.0096
vn -0.2763 0.4131 0.8678
vn -0.0617 0.8448 0.5316
vn 0.1275 0.7941 0.5942
vn -0.3173 0.3642 0.8756
vn -0.7908 0.4228 0.4425
vn -0.4938 0.6253 0.6042
vn 0.7333 -0.6742 -0.0877
vn 0.7750 -0.6250 -0.0935
vn 0.8302 -0.5330 -0.1635
vn 0.7198 -0.6870 -0.0998
vn -0.8750 -0.4412 -0.1993
vn -0.8784 0.1874 -0.4397
vn -0.8243 0.1190 -0.5535
vn -0.7946 -0.5512 -0.2546
vn -0.5339 -0.8410 0.0873
vn -0.6774 -0.7308 0.0841
vn -0.0138 -0.9996 -0.0261
vn 0.1594 -0.8572 -0.4896
vn 0.4233 -0.8691 -0.2558
vn 0.3614 -0.9287 0.0833
vn -0.7200 -0.6420 0.2634
vn -0.5631 0.8227 0.0781
vn -0.6391 0.7398 0.2106
vn -0.2978 -0.9512 0.0806
vn -0.1444 0.7870 -0.5998
vn 0.4075 0.7739 -0.4848
vn -0.0647 0.9023 -0.4261
vn -0.5813 0.6852 -0.4388
vn 0.8480 -0.5283 0.0426
vn 0.8340 -0.5505 0.0380
vn 0.8980 -0.4359 0.0607
vn 0.9910 -0.1057 0.0819
vn 0.8908 0.2597 -0.3729
vn 0.5452 -0.6335 -0.5490
vn 0.7093 -0.6104 0.3526
vn 0.8356 -0.0103 0.5493
vn 0.9580 0.1537 0.2421
vn 0.9417 -0.2748 0.1941
vn -0.3652 0.9309 0.0020
vn -0.1721 0.9847 0.0288
vn 0.7453 0.3932 0.5385
vn 0.8977 0.2240 0.3793
vn 0.1308 -0.9812 0.1417
vn 0.2262 -0.9701 0.0881
vn 0.6173 -0.7851 0.0499
vn 0.5642 -0.8206 0.0912
vn 0.6485 -0.6737 0.3544
vn 0.5951 -0.7580 -0.2670
vn -0.7373 0.6418 -0.2108
vn -0.8746 0.4010 -0.2727
vn -0.3898 0.9167 -0.0884
vn -0.8107 0.5737 -0.1167
vn 0.8406 0.5389 -0.0549
vn 0.1617 0.8616 0.4811
vn 0.4085 0.9124 0.0256
vn -0.5616 0.8269 -0.0288
vn -0.6111 0.7914 0.0168
vn -0.6866 0.7258 0.0424
vn -0.8127 0.5799 0.0561
vn 0.7441 -0.6680 -0.0093
vn 0.7634 -0.6459 -0.0016
vn 0.7214 -0.6918 -0.0322
vn 0.8832 -0.4614 -0.0836
vn -0.6072 0.7930 -0.0504
vn -0.6616 0.7464 -0.0720
vn -0.6069 0.3561 0.7106
vn -0.4819 0.5482 0.6836
vn 0.5908 0.6104 0.5277
vn 0.3361 0.6143 0.7139
vn 0.5258 -0.0232 -0.8503
vn 0.0358 0.0620 -0.9974
vn 0.2040 0.4434 -0.8728
vn 0.5814 0.5124 -0.6320
vn 0.7056 -0.7082 -0.0240
vn 0.6623 -0.7490 0.0163
vn 0.6598 -0.5982 0.4547
vn 0.6432 -0.7070 0.2940
vn -0.7592 -0.6068 0.2357
vn -0.5367 -0.8050 0.2527
vn -0.1831 -0.9520 0.2452
vn -0.4794 -0.7968 0.3678
vn 0.3574 0.9278 0.1072
vn -0.4026 0.9096 0.1026
vn -0.0917 0.9161 0.3903
vn 0.4023 0.7959 -0.4524
vn -0.1333 -0.1412 -0.9810
vn -0.0530 -0.2080 -0.9767
vn 0.5481 0.6342 -0.5454
vn -0.2454 0.9630 0.1117
vn -0.4049 0.9009 0.1562
vn -0.2010 0.9450 0.2579
vn -0.0782 0.9906 0.1122
vn -0.5688 0.6675 0.4805
vn -0.2558 0.9204 0.2958
vn -0.4794 -0.0214 0.8774
vn -0.9387 -0.3445 0.0100
vn 0.1069 -0.9818 0.1567
vn 0.5271 -0.8401 0.1278
vn 0.0667 -0.6580 0.7501
vn 0.2736 -0.8355 0.4766
vn 0.4381 -0.8677 0.2349
vn 0.6491 -0.6991 0.2997
vn 0.5980 0.7129 0.3664
vn 0.4048 0.9142 0.0195
vn 0.1875 0.9042 0.3838
vn 0.4296 0.6446 0.6324
vn 0.1235 -0.9753 0.1834
vn -0.4124 0.2578 0.8738
vn -0.5190 0.0057 0.8547
vn -0.4731 -0.0348 0.8803
vn -0.2725 0.3696 0.8883
vn -0.9090 -0.4160 0.0254
vn -0.8681 0.4906 0.0763
vn -0.9563 -0.2606 0.1324
vn -0.5665 0.8240 -0.0046
vn -0.0443 0.9990 -0.0073
vn 0.7984 0.5190 0.3051
vn 0.2639 0.9039 0.3366
vn 0.5340 0.6209 0.5739
vn 0.6815 0.6538 0.3287
vn 0.3625 -0.7922 0.4909
vn 0.0757 -0.1022 0.9919
vn -0.0304 -0.0883 0.9956
vn -0.6679 -0.4111 -0.6204
vn -0.9437 -0.3269 0.0509
vn -0.6408 -0.4920 0.5893
vn -0.7795 -0.3810 -0.4972
vn 0.0291 -0.9571 0.2883
vn -0.1047 -0.7460 0.6577
vn -0.0061 -0.9805 0.1963
vn 0.9933 -0.0863 -0.0766
vn 0.9363 0.3323 0.1137
vn -0.5636 -0.7943 0.2266
vn -0.3429 -0.9083 -0.2397
vn -0.2765 -0.9247 -0.2616
vn -0.4555 -0.8496 0.2660
vn 0.8526 -0.5189 0.0617
vn 0.9877 -0.1466 0.0550
vn 0.9660 -0.2541 0.0470
vn 0.6761 0.7181 0.1649
vn 0.6818 0.5520 0.4801
vn 0.9336 0.3093 0.1811
vn 0.8270 0.5298 -0.1880
vn 0.8446 -0.5284 0.0863
vn -0.5178 0.7029 0.4876
vn 0.6499 -0.7515 0.1133
vn 0.7248 -0.6889 0.0040
vn 0.6747 -0.6943 0.2506
vn 0.6225 -0.7105 -0.3281
vn -0.1940 -0.9767 0.0917
vn 0.0193 0.9984 0.0534
vn -0.9972 0.0666 0.0330
vn -0.8025 -0.2186 0.5552
vn -0.9812 0.1464 0.1255
vn -0.1844 -0.9776 0.1017
vn -0.2603 -0.8892 -0.3763
vn 0.2898 -0.8835 -0.3680
vn 0.0568 -0.7942 -0.6050
vn 0.1715 0.9149 -0.3655
vn 0.4736 0.8084 -0.3494
vn 0.6176 0.7574 -0.2119
vn -0.1732 0.8627 0.4751
vn -0.1048 -0.9858 -0.1309
vn 0.1675 -0.8365 -0.5217
vn 0.3563 -0.8880 -0.2908
vn 0.1936 -0.9783 0.0741
vn -0.6651 0.6184 0.4187
vn -0.0955 -0.9888 0.1145
vn -0.0094 -0.9859 0.1669
vn 0.1847 0.9814 0.0525
vn -0.0407 0.9901 0.1341
vn 0.0884 -0.8863 0.4546
vn -0.4812 0.8743 -0.0630
vn -0.2521 0.9568 0.1450
vn -0.1902 0.9794 0.0675
vn 0.5297 0.8029 0.2735
vn -0.1541 -0.9764 0.1511
vn -0.1588 -0.9777 0.1376
vn 0.7001 0.7129 -0.0399
vn 0.5668 0.8069 -0.1666
vn 0.7545 0.6389 -0.1500
vn 0.7653 0.6417 -0.0508
vn -0.2476 -0.9477 0.2016
vn 0.1941 -0.9743 0.1145
vn 0.0111 -0.7743 -0.6327
vn -0.3155 -0.9201 -0.2320
vn 0.3152 -0.8659 0.3884
vn 0.0197 -0.9823 0.1862
vn 0.1549 -0.9358 0.3167
vn 0.2229 -0.8310 0.5096
vn -0.5288 0.8149 0.2371
vn -0.4562 0.8830 0.1105
vn 0.6199 0.6677 -0.4121
vn 0.3940 0.8782 -0.2712
vn 0.3262 0.8644 -0.3827
vn 0.6342 0.5728 -0.5193
vn 0.3838 -0.9233 -0.0172
vn 0.3134 -0.9491 0.0306
vn 0.6823 -0.7296 -0.0457
vn 0.6646 0.1609 0.7297
vn -0.1003 0.1401 0.9850
vn 0.2429 -0.8007 0.5476
vn -0.0774 -0.9883 0.1318
vn -0.8557 -0.5109 -0.0822
vn -0.8635 -0.4964 -0.0890
vn -0.9065 -0.4211 -0.0307
vn -0.8868 -0.4563 -0.0733
vn -0.3306 0.9435 0.0219
vn -0.6910 -0.3118 0.6521
vn -0.6367 -0.6373 0.4341
vn -0.5660 -0.7895 0.2372
vn -0.5997 -0.4350 0.6716
vn 0.1701 -0.2048 0.9639
vn 0.0647 -0.0827 0.9945
vn 0.2790 -0.3946 0.8755
vn 0.5063 -0.4951 0.7061
vn 0.9106 0.4110 0.0440
vn 0.3874 0.9213 0.0329
vn -0.7540 0.6323 0.1779
vn 0.2329 -0.9725 0.0007
vn -0.3686 -0.8586 -0.3563
vn -0.4478 -0.8145 -0.3689
vn -0.4766 -0.8014 -0.3613
vn -0.1231 -0.9895 0.0758
vn -0.9649 -0.2138 -0.1523
vn -0.8176 -0.4733 -0.3280
vn 0.1203 -0.9531 0.2776
vn -0.0929 -0.9953 0.0287
vn 0.8306 -0.4554 -0.3206
vn -0.0082 0.4211 -0.9070
vn -0.0431 0.5003 -0.8648
vn -0.1616 -0.0626 -0.9849
vn -0.1968 -0.0390 -0.9797
vn -0.1263 -0.9440 0.3049
vn -0.6160 0.7140 0.3328
vn -0.2900 -0.6403 0.7113
vn 0.4372 -0.5872 0.6812
vn 0.3448 0.9095 -0.2324
vn -0.1716 0.9548 -0.2428
vn 0.4871 -0.8646 -0.1231
vn 0.5014 -0.8212 -0.2725
vn 0.2499 -0.9680 0.0244
vn 0.3280 -0.7732 -0.5427
vn 0.3852 -0.6985 -0.6030
vn 0.4376 -0.8981 0.0430
vn 0.0231 0.6861 0.7272
vn -0.0252 0.7411 0.6709
vn -0.2791 0.3414 0.8975
vn -0.1341 0.2323 0.9633
vn 0.3043 -0.6347 0.7103
vn -0.2313 -0.8985 0.3730
vn -0.1886 0.9811 0.0422
vn 0.7628 0.6354 -0.1197
vn 0.4151 0.9091 0.0345
vn 0.5727 0.5314 0.6242
vn 0.9179 0.3944 -0.0432
vn -0.3919 0.3624 -0.8456
vn -0.7263 0.2664 -0.6337
vn -0.1165 0.9709 -0.2090
vn 0.2792 0.9393 -0.1996
vn 0.2163 0.9025 0.3724
vn -0.2036 0.8796 0.4299
vn 0.7826 -0.3280 0.5292
vn -0.7478 0.4993 -0.4377
vn -0.4826 0.8261 -0.2911
vn 0.4389 0.7092 0.5517
vn 0.0432 -0.9977 -0.0518
vn -0.0975 -0.8603 0.5003
vn 0.2791 -0.8658 0.4154
vn 0.9585 -0.2106 -0.1920
vn 0.3659 -0.0838 -0.9269
vn 0.4035 0.4221 -0.8118
vn 0.6187 0.2555 -0.7429
vn 0.8207 -0.0443 0.5696
vn 0.3724 0.8687 0.3267
vn -0.7310 -0.0604 0.6797
vn -0.8494 -0.3593 0.3866
vn 0.1517 -0.9820 0.1128
vn -0.0932 -0.4707 0.8774
vn 0.5060 -0.5312 0.6796
vn 0.6635 -0.1084 0.7403
vn 0.0836 -0.1083 0.9906
vn 0.1668 -0.2384 0.9567
vn 0.2414 0.5627 0.7906
vn 0.3091 0.1039 0.9453
vn -0.2733 -0.9568 0.0990
vn 0.0596 0.0069 -0.9982
vn -0.9870 0.0641 -0.1476
vn 0.4125 0.9086 0.0660
vn 0.1722 0.4983 -0.8497
vn -0.9981 0.0327 0.0524
vn -0.1923 -0.9087 0.3704
vn -0.5787 -0.7258 0.3720
vn -0.5470 0.0683 0.8343
vn -0.7615 -0.4394 0.4765
vn -0.9593 -0.2348 0.1572
vn 0.4852 0.8677 0.1079
vn 0.6265 0.4933 0.6034
vn 0.6620 0.7133 0.2301
vn 0.8629 0.3914 0.3197
vn 0.9811 0.1262 0.1468
vn 0.0992 0.7103 0.6969
vn 0.1721 0.6907 0.7024
vn 0.3072 0.8508 0.4264
vn 0.1771 0.9030 0.3915
vn 0.6946 -0.0032 0.7194
vn 0.7442 -0.2153 0.6324
vn 0.5874 -0.3320 0.7381
vn 0.5381 -0.2253 0.8122
vn -0.3716 -0.9067 0.1994
vn -0.5270 -0.8002 0.2862
vn -0.0161 -0.3423 -0.9394
vn -0.2203 -0.4229 -0.8790
vn -0.2830 -0.9237 0.2581
vn -0.3975 -0.8790 0.2635
vn 0.4071 0.9086 0.0937
vn 0.7757 -0.1151 -0.6205
vn 0.7770 0.4926 -0.3920
vn 0.9538 0.1963 0.2274
vn 0.7774 0.1388 0.6135
vn 0.4913 0.4824 0.7251
vn 0.6676 0.0654 0.7417
vn 0.7983 -0.2562 0.5451
vn 0.0671 0.9973 -0.0285
vn 0.3973 0.8601 0.3201
vn 0.2541 0.7988 0.5452
vn 0.1713 0.7871 0.5926
vn -0.7551 -0.5925 0.2807
vn -0.2296 -0.7926 0.5649
vn -0.3453 -0.2663 0.8999
vn 0.6941 0.7185 0.0438
vn 0.3879 0.8877 -0.2481
vn -0.1779 -0.9606 0.2137
vn -0.7152 0.1809 0.6751
vn -0.8305 0.3291 0.4494
vn -0.3673 -0.8798 -0.3017
vn 0.2325 -0.1596 -0.9594
vn -0.0051 -0.9494 -0.3140
vn 0.4744 -0.8238 -0.3103
vn 0.9016 -0.1380 -0.4101
vn 0.7663 -0.5709 0.2947
vn 0.3713 -0.8727 0.3172
vn 0.2324 -0.7880 -0.5701
vn 0.6358 -0.5113 -0.5782
vn -0.4611 0.8872 -0.0173
vn 0.8421 0.4245 0.3328
vn 0.4852 -0.3390 0.8060
vn -0.1772 -0.6510 0.7381
vn 0.1828 0.8017 0.5691
vn 0.5927 0.8029 0.0631
vn 0.3066 0.2682 -0.9133
vn 0.7601 0.4304 -0.4868
vn 0.6570 0.5804 -0.4811
vn 0.3590 0.3860 -0.8497
vn -0.6074 -0.7832 0.1332
vn -0.1270 -0.6248 -0.7704
vn 0.0232 -0.5132 0.8579
vn 0.1100 -0.6185 0.7781
vn 0.5151 -0.6118 0.6003
vn 0.7008 -0.1771 0.6910
vn 0.3374 -0.3230 -0.8842
vn 0.3374 -0.6779 -0.6531
vn 0.0835 -0.8184 -0.5686
vn 0.5878 -0.5875 -0.5561
vn -0.7331 0.2295 0.6402
vn -0.7127 -0.0184 0.7013
vn 0.0854 0.4029 0.9112
vn 0.2082 0.6864 0.6968
vn -0.1617 -0.9745 -0.1558
vn 0.6019 -0.4423 0.6649
vn 0.3305 -0.6402 0.6935
vn -0.4176 -0.8440 -0.3365
vn 0.0267 -0.6791 -0.7336
vn 0.0593 -0.9977 0.0313
vn -0.0572 -0.9317 0.3587
vn 0.9005 -0.4345 -0.0184
vn 0.8528 -0.5200 -0.0471
vn 0.4182 -0.9076 -0.0380
vn -0.5714 0.7724 -0.2773
vn 0.7561 -0.6264 0.1895
vn 0.7812 -0.6153 0.1056
vn 0.9747 -0.2236 0.0047
vn 0.9261 -0.3762 0.0267
vn 0.9003 -0.3674 -0.2334
vn 0.8512 -0.4927 -0.1808
vn 0.6625 -0.7306 -0.1655
vn 0.8572 -0.4772 -0.1936
vn -0.8676 -0.4345 -0.2416
vn -0.1354 -0.7472 -0.6506
vn -0.7692 -0.3362 -0.5434
vn -0.8320 -0.2432 -0.4987
vn 0.7708 -0.0107 0.6370
vn 0.8428 -0.4890 0.2247
vn 0.8769 0.0694 0.4756
vn -0.9016 -0.4290 -0.0556
vn -0.9172 -0.3977 0.0251
vn -0.9200 -0.3872 0.0607
vn -0.9167 -0.3957 -0.0548
vn -0.1837 0.9830 0.0075
vn -0.9918 0.0819 0.0978
vn -0.4617 -0.1839 -0.8678
vn -0.3106 0.0942 -0.9459
vn -0.8356 0.0486 -0.5471
vn -0.7403 -0.3098 -0.5967
vn -0.9338 0.3554 0.0414
vn 0.0947 0.4969 0.8626
vn -0.9863 0.1111 0.1220
vn -0.9422 0.2390 0.2349
vn -0.5099 -0.3276 0.7954
vn -0.7185 0.0260 0.6950
vn -0.4559 -0.7868 0.4160
vn -0.4538 -0.8003 0.3920
vn -0.1683 -0.0858 -0.9820
vn 0.6893 -0.4305 -0.5828
vn 0.7588 0.4672 0.4538
vn 0.0390 0.9280 0.3706
vn -0.5767 0.7881 0.2151
vn -0.3620 0.9055 0.2212
vn -0.8049 -0.4864 -0.3399
vn -0.3301 -0.3357 -0.8823
vn -0.2662 -0.4729 -0.8400
vn -0.6836 -0.6736 -0.2810
vn -0.1567 0.9238 0.3493
vn 0.5136 0.6823 0.5203
vn -0.0874 -0.9957 -0.0295
vn -0.2183 -0.9746 0.0494
vn 0.3900 -0.8069 -0.4436
vn 0.1626 -0.8806 -0.4451
vn 0.4536 -0.8307 -0.3227
vn 0.9770 -0.1912 0.0943
vn 0.3081 0.9461 0.1002
vn -0.4204 -0.8879 0.1871
vn -0.5395 -0.8168 0.2045
vn -0.3552 -0.8936 -0.2745
vn 0.7224 0.6558 0.2194
vn 0.8126 0.5285 0.2457
vn -0.7101 0.6483 -0.2748
vn -0.9063 0.3780 -0.1890
vn -0.9513 0.2991 -0.0750
vn -0.9902 0.0524 -0.1291
vn -0.7758 -0.2076 0.5959
vn -0.7698 -0.5660 0.2950
vn -0.9387 -0.3051 0.1607
vn -0.8972 -0.2968 0.3270
vn -0.7437 -0.6236 0.2410
vn -0.5299 -0.8468 -0.0471
vn -0.5967 -0.8014 -0.0419
vn -0.3941 -0.8845 0.2497
vn -0.1403 -0.8207 0.5539
vn -0.2572 -0.9660 0.0252
vn -0.9737 -0.1862 0.1316
vn -0.9794 -0.1411 0.1445
vn -0.6095 -0.6773 0.4120
vn 0.1566 -0.8796 -0.4493
vn 0.8462 0.3364 0.4133
vn -0.0934 0.9624 0.2552
vn -0.1368 0.9639 0.2283
vn -0.2021 0.8695 0.4507
vn -0.0384 0.9876 0.1523
vn -0.0532 -0.9535 -0.2967
vn -0.2697 0.8131 0.5158
vn -0.2223 0.7033 0.6752
vn -0.4731 0.7961 0.3774
vn -0.5381 0.8301 0.1463
vn 0.6597 -0.7274 -0.1888
vn 0.7438 -0.6184 -0.2539
vn -0.8152 -0.1818 0.5498
vn 0.1540 -0.6022 0.7833
vn -0.5326 -0.2442 0.8104
vn -0.5547 0.0784 0.8284
vn 0.2688 -0.9157 -0.2987
vn 0.2195 -0.7090 0.6701
vn -0.8368 0.4265 0.3433
vn -0.6916 0.6794 0.2453
vn 0.7581 -0.6493 -0.0612
vn 0.6696 0.2652 0.6938
vn -0.5777 -0.6804 -0.4509
vn 0.4803 0.6722 -0.5635
vn 0.0490 -0.4413 -0.8960
vn 0.8722 -0.4318 0.2297
vn 0.1879 0.8778 0.4406
vn 0.7633 -0.5030 0.4054
vn 0.3078 -0.9298 0.2020
vn 0.4892 -0.8466 0.2095
vn -0.9762 -0.2019 0.0799
vn -0.9990 0.0367 -0.0245
vn -0.9931 -0.0856 -0.0799
vn -0.1068 -0.7114 -0.6947
vn -0.3667 0.8847 0.2877
vn -0.7773 0.5164 -0.3593
vn -0.8678 0.4762 -0.1422
vn -0.7582 0.2223 -0.6129
vn 0.9031 -0.4230 -0.0734
vn 0.8413 -0.5398 -0.0294
vn -0.6699 0.0986 0.7359
vn 0.6147 -0.6744 0.4090
vn -0.3480 0.9356 -0.0594
vn 0.2200 0.9697 0.1059
vn -0.3693 0.9239 0.0999
vn -0.2583 0.9621 0.0872
vn -0.7861 -0.6144 0.0675
vn -0.9725 -0.1949 -0.1272
vn -0.2680 -0.7800 -0.5655
vn -0.9589 -0.2832 0.0162
vn 0.9730 -0.2294 -0.0257
vn -0.6845 -0.6709 -0.2853
vn -0.7507 -0.6298 -0.1997
vn 0.1230 -0.6818 -0.7212
vn -0.1600 -0.7933 -0.5875
vn -0.6961 0.1771 0.6958
vn -0.7150 -0.2333 0.6590
vn -0.8225 -0.1734 0.5416
vn -0.7057 0.0071 0.7085
vn -0.0320 0.5229 0.8518
vn 0.0036 0.4302 0.9027
vn -0.8704 -0.3949 0.2939
vn -0.2440 0.3429 0.9071
vn 0.2671 0.6928 0.6698
vn -0.2379 -0.6577 0.7147
vn 0.2720 -0.4103 0.8705
vn 0.5073 -0.8437 0.1752
vn 0.1718 -0.9615 0.2147
vn 0.3659 -0.8095 0.4591
vn 0.0027 0.9710 -0.2391
vn 0.5255 0.8082 -0.2658
vn -0.2401 0.9280 -0.2847
vn -0.6700 0.6882 0.2783
vn -0.5202 0.6872 0.5070
vn 0.5363 0.8206 -0.1972
vn 0.8175 0.5378 -0.2062
vn 0.7556 0.2366 0.6108
vn 0.2363 0.6817 0.6924
vn -0.1336 0.6321 0.7633
vn -0.0243 0.5728 0.8193
vn -0.3215 0.2898 0.9015
vn -0.4348 0.1333 0.8906
vn 0.8454 -0.4649 -0.2629
vn 0.8873 -0.1461 -0.4374
vn -0.3140 -0.6969 0.6448
vn 0.8033 -0.5693 -0.1752
vn 0.7114 -0.6238 0.3239
vn 0.8869 -0.3910 -0.2458
vn -0.9741 -0.0032 -0.2261
vn 0.0931 -0.9942 -0.0540
vn 0.8019 -0.3535 -0.4817
vn -0.4996 -0.0599 0.8642
vn -0.8907 0.0645 0.4500
vn 0.5641 -0.7330 0.3802
vn 0.7725 -0.5771 0.2648
vn -0.0367 -0.9808 0.1913
vn 0.7700 0.0021 0.6381
vn 0.0125 -0.1860 0.9825
vn 0.0241 -0.9212 -0.3883
vn -0.6647 -0.6959 -0.2718
vn -0.8129 -0.4235 -0.3997
vn 0.1825 -0.5820 -0.7924
vn -0.1808 -0.3163 -0.9313
vn -0.0702 -0.9904 -0.1188
vn -0.9757 0.2138 -0.0484
vn -0.9092 0.4111 -0.0661
vn -0.8573 0.4989 -0.1270
vn -0.8632 -0.2789 -0.4209
vn 0.8832 -0.4658 -0.0554
vn 0.8734 -0.4845 -0.0496
vn 0.9787 -0.0195 -0.2042
vn 0.9619 -0.2311 -0.1464
vn 0.9531 0.2177 -0.2103
vn -0.0164 -0.3302 -0.9438
vn -0.4520 -0.0016 0.8920
vn -0.9922 0.0565 0.1107
vn 0.8602 -0.0086 -0.5098
vn 0.2359 0.2389 -0.9419
vn 0.4530 0.7770 0.4371
vn -0.2560 0.9342 -0.2484
vn 0.1576 0.9757 -0.1520
vn -0.2476 0.9566 -0.1539
vn 0.1944 0.0099 -0.9809
vn 0.3455 -0.8110 -0.4721
vn 0.3505 -0.4895 -0.7985
vn 0.0038 -0.9072 -0.4207
vn 0.4123 -0.8958 -0.1661
vn 0.8500 -0.1115 0.5149
vn -0.1892 -0.9336 0.3042
vn -0.9875 -0.1480 -0.0536
vn -0.5857 0.7373 -0.3366
vn 0.3701 -0.9131 -0.1709
vn -0.3511 -0.9362 -0.0153
vn -0.0963 -0.6868 0.7204
vn -0.4821 -0.8305 0.2789
vn -0.5837 -0.8040 0.1131
vn 0.0673 -0.8467 -0.5278
vn 0.0536 -0.7135 0.6986
vn -0.2210 -0.4672 0.8561
vn -0.0107 -0.7005 0.7136
vn -0.8340 -0.0964 0.5433
vn -0.9805 0.1327 0.1447
vn -0.5293 0.4798 0.6997
vn 0.7960 0.3901 0.4628
vn 0.8460 -0.0692 0.5287
vn -0.2352 0.7673 0.5966
vn -0.1943 0.4753 0.8581
vn 0.9188 -0.3691 0.1399
vn 0.1142 0.7055 0.6994
vn 0.8907 -0.4243 -0.1631
vn 0.9624 -0.2419 -0.1239
vn -0.0000 -0.0000 1.0000
vn 0.7378 -0.6269 0.2505
vn 0.6957 -0.5911 0.4082
vn -0.9587 0.2341 -0.1612
vn -0.9382 0.3337 -0.0914
vn -0.9220 -0.3855 -0.0364
vn -0.9930 -0.1075 0.0487
vn 0.9633 -0.2608 -0.0631
vn 0.6342 0.4208 0.6486
vn 0.1039 -0.7426 0.6616
vn -0.1248 0.7232 0.6793
vn -0.5395 0.0558 0.8401
vn -0.6808 -0.6507 0.3363
vn -0.7196 0.6811 0.1351
vn -0.6647 0.6763 -0.3175
vn -0.7948 -0.3420 -0.5013
vn -0.2213 -0.0489 -0.9740
vn 0.3303 -0.0079 -0.9439
vn -0.4479 0.8921 -0.0590
vn 0.4118 -0.2966 0.8616
vn -0.8878 -0.3663 -0.2787
vn -0.8958 -0.4398 0.0639
vn -0.5046 -0.2737 -0.8188
vn -0.6031 -0.0997 -0.7914
vn 0.7999 -0.5838 -0.1391
vn 0.1381 -0.3929 -0.9091
vn 0.1279 0.3725 -0.9192
vn -0.0740 -0.7840 0.6164
vn -0.5988 -0.5343 -0.5966
vn 0.4320 0.3820 -0.8170
vn -0.7920 0.3210 -0.5194
vn 0.3179 0.3813 -0.8681
vn 0.3566 0.4109 -0.8390
vn 0.6963 -0.6962 -0.1745
vn 0.2509 -0.9181 -0.3066
vn 0.0086 -0.9572 -0.2893
vn -0.7578 -0.6475 -0.0804
vn -0.7862 -0.5532 -0.2756
vn 0.6546 0.6561 -0.3755
vn 0.0125 0.8756 -0.4830
vn -0.8432 -0.5210 0.1324
vn -0.0360 -0.8412 0.5395
vn -0.0165 -0.3592 0.9331
vn 0.5313 -0.2018 0.8228
vn 0.1857 -0.9671 0.1736
vn -0.1172 -0.9658 0.2312
vn -0.1510 -0.5608 0.8141
vn -0.2223 -0.9024 0.3691
vn -0.2553 0.8019 0.5401
vn -0.6837 -0.2370 -0.6902
vn -0.8651 -0.2584 0.4300
vn 0.9640 0.2637 -0.0347
vn 0.9881 0.1312 -0.0801
vn 0.9991 0.0419 0.0040
vn -0.9496 -0.3047 -0.0740
vn -0.9398 -0.3335 0.0748
vn -0.9731 -0.2196 0.0701
vn -0.9472 -0.1905 -0.2579
vn -0.8712 -0.3081 0.3821
vn -0.9864 -0.0360 0.1605
vn -0.9499 0.1715 0.2614
vn -0.0496 0.0049 0.9988
vn 0.4799 0.2196 0.8494
vn -0.9810 -0.1729 0.0881
vn 0.8938 0.3903 -0.2209
vn 0.7592 0.5748 -0.3052
vn 0.3095 0.1164 0.9438
vn 0.0292 0.8695 0.4930
vn 0.5884 0.5913 0.5515
vn 0.6145 -0.6185 0.4898
vn 0.9972 0.0356 -0.0651
vn 0.7304 -0.6196 0.2874
vn 0.7201 -0.6705 0.1785
vn -0.3665 0.9237 0.1116
vn -0.5326 -0.6828 0.5000
vn 0.9175 0.3975 0.0120
vn 0.4113 0.6766 0.6107
vn -0.6006 -0.7931 -0.1010
vn 0.4623 0.7205 -0.5168
vn -0.8658 -0.3668 0.3404
vn -0.5812 -0.4052 0.7057
vn 0.6510 0.1353 0.7470
vn 0.7560 0.3268 0.5671
vn 0.8895 0.3711 0.2664
vn 0.3642 -0.4444 0.8185
vn 0.4347 -0.5061 0.7449
vn -0.0558 -0.6476 0.7599
vn 0.0087 -0.9998 -0.0189
vn -0.4045 -0.9145 0.0042
vn 0.1637 -0.9854 0.0473
vn 0.2359 0.8425 0.4843
vn 0.6380 0.3110 0.7044
vn 0.8957 0.0151 0.4444
vn 0.6383 0.5102 -0.5765
vn 0.6476 0.2344 -0.7250
vn 0.2797 0.2089 -0.9371
vn 0.3337 0.3398 -0.8793
vn 0.1537 0.9027 0.4020
vn 0.1901 0.8619 0.4702
vn 0.7863 0.4828 0.3856
vn 0.7978 -0.0556 -0.6004
vn -0.4442 -0.7992 0.4049
vn 0.6878 0.0518 0.7240
vn -0.2446 -0.4352 0.8665
vn 0.7736 -0.2170 0.5953
vn 0.8920 -0.1728 0.4177
vn -0.3038 0.6420 0.7039
vn -0.4014 0.7912 0.4614
vn 0.0006 -0.0617 0.9981
vn 0.0343 -0.0594 0.9976
vn -0.7825 0.4051 0.4728
vn 0.5386 0.3589 0.7623
vn -0.8326 0.4298 0.3494
vn -0.5364 0.8212 0.1947
vn -0.6548 0.6831 0.3235
vn -0.6765 0.5305 0.5108
vn -0.1600 0.3930 0.9055
vn -0.6259 0.6960 0.3520
vn 0.4764 0.8773 0.0575
vn 0.8878 -0.4600 -0.0136
vn -0.3044 -0.9020 0.3063
vn -0.1900 -0.4306 0.8823
vn 0.5762 -0.7631 0.2927
vn -0.0768 -0.6216 0.7795
vn 0.6819 -0.0983 0.7249
vn 0.2005 0.9561 0.2136
vn 0.2915 0.8211 0.4907
vn -0.0222 0.9612 0.2751
vn -0.7933 -0.5134 0.3273
vn 0.1057 -0.9442 -0.3120
vn -0.3322 -0.8839 0.3293
vn -0.3589 0.9072 0.2193
vn -0.7126 0.5655 0.4152
vn -0.4583 -0.5112 0.7271
vn -0.5795 -0.4544 0.6765
vn 0.4926 0.8338 0.2494
vn 0.3288 0.9165 0.2279
vn 0.2276 0.9282 0.2945
vn 0.3807 0.8823 0.2767
vn -0.6857 0.4817 0.5457
vn 0.7297 0.0838 0.6786
vn 0.7051 0.5318 0.4690
vn -0.0222 -0.7074 -0.7064
vn 0.3620 -0.7318 -0.5774
vn 0.6611 -0.5926 -0.4602
vn -0.0486 -0.9818 -0.1837
vn 0.1670 -0.6438 0.7467
vn 0.0708 0.9772 -0.2004
vn -0.5494 0.8024 0.2332
vn -0.8820 -0.4707 0.0204
vn -0.9271 -0.3601 0.1037
vn -0.3410 -0.9080 -0.2434
vn -0.5044 -0.5499 -0.6657
vn -0.4391 -0.0338 0.8978
vn -0.3553 -0.1032 0.9291
vn -0.0420 -0.9868 0.1564
vn 0.3523 -0.9358 -0.0123
vn 0.7956 -0.4808 0.3687
vn 0.6387 -0.4958 0.5884
vn -0.0096 -0.2020 0.9793
vn 0.7034 -0.2113 0.6787
vn -0.1115 -0.9655 -0.2351
vn -0.1315 -0.9280 -0.3486
vn 0.7083 -0.6901 -0.1486
vn 0.0925 -0.7596 -0.6438
vn -0.0375 -0.7857 -0.6174
vn 0.1184 -0.9893 -0.0854
vn 0.4909 -0.8711 -0.0123
vn 0.4080 0.8864 0.2185
vn 0.0905 0.7549 0.6496
vn 0.2951 0.7001 0.6502
vn 0.5010 0.8469 0.1782
vn -0.2401 0.3577 -0.9024
vn 0.0458 0.9587 -0.2808
vn 0.5146 -0.2757 -0.8119
vn 0.7345 -0.3865 -0.5578
vn 0.9622 -0.1401 -0.2334
vn 0.8644 0.4366 0.2493
vn 0.8630 0.3133 0.3963
vn 0.9767 -0.0986 0.1906
vn 0.9747 0.1997 0.1007
vn -0.5877 -0.7173 -0.3743
vn -0.7641 -0.5353 -0.3599
vn -0.1717 -0.8630 -0.4752
vn 0.8283 0.4527 -0.3301
vn 0.6813 0.7089 -0.1825
vn 0.7309 0.6218 0.2813
vn 0.3896 0.6651 -0.6371
vn 0.7415 0.6679 -0.0646
vn -0.6485 0.6184 -0.4438
vn 0.1232 0.3419 -0.9316
vn 0.8294 -0.4793 -0.2870
vn -0.8461 0.3963 -0.3564
vn 0.0980 -0.9950 -0.0207
vn -0.4646 -0.8847 0.0385
vn -0.3556 -0.9133 0.1985
vn 0.4104 -0.6904 0.5958
vn -0.3566 -0.9111 -0.2067
vn -0.4411 0.1648 -0.8822
vn 0.6392 -0.7154 -0.2822
vn 0.8808 -0.2994 -0.3669
vn 0.8583 -0.1697 -0.4843
vn -0.1501 -0.5300 -0.8346
vn 0.6878 0.6250 -0.3693
vn -0.9931 -0.0757 -0.0898
vn -0.9056 -0.2877 -0.3118
vn 0.4383 -0.5525 0.7090
vn 0.8812 0.1580 0.4456
vn 0.9070 -0.0375 0.4194
vn -0.2512 -0.9677 -0.0207
vn -0.3740 -0.9248 -0.0693
vn -0.4730 -0.6485 0.5964
vn 0.9914 0.0210 -0.1294
vn 0.9794 0.1090 -0.1698
vn 0.8634 -0.4314 -0.2617
vn 0.8684 0.4939 0.0433
vn -0.6073 -0.7938 0.0339
vn -0.3545 -0.0434 0.9340
vn -0.6464 0.4168 0.6391
vn -0.2610 -0.9307 0.2561
vn -0.4783 -0.8488 -0.2255
vn 0.7035 0.5039 -0.5012
vn -0.9450 0.2840 -0.1624
vn 0.9383 0.2714 0.2143
vn -0.5964 -0.0215 0.8024
vn 0.0090 -0.0084 0.9999
vn 0.2063 -0.9726 0.1074
vn 0.9076 -0.2088 0.3642
vn 0.2835 -0.2901 0.9141
vn -0.1016 -0.7973 0.5949
vn 0.8799 0.0329 -0.4740
vn 0.7258 0.6645 0.1781
vn 0.2554 -0.9659 0.0420
vn 0.2850 -0.9533 -0.0998
vn 0.0963 -0.9843 -0.1480
vn 0.1782 -0.8191 0.5452
vn 0.0716 -0.6383 0.7664
vn 0.0378 -0.4801 0.8764
vn -0.3668 -0.1088 0.9239
vn 0.1878 -0.6736 -0.7148
vn 0.8678 0.4162 0.2716
vn 0.9515 -0.2924 0.0961
vn 0.9251 0.0990 -0.3666
vn 0.6216 -0.7719 -0.1333
vn 0.5689 0.8106 -0.1388
vn 0.0895 0.9942 -0.0595
vn -0.3604 0.9024 0.2361
vn -0.0390 0.1764 0.9835
vn -0.6584 0.0068 0.7526
vn 0.2370 -0.9598 0.1504
vn -0.1658 -0.9843 0.0607
vn -0.1532 -0.9881 -0.0167
vn -0.7569 -0.6493 -0.0744
vn -0.7340 -0.4207 -0.5331
vn -0.6115 -0.5362 -0.5819
vn 0.3811 -0.0576 -0.9227
vn -0.9486 -0.2965 -0.1105
vn -0.5075 0.7906 -0.3427
vn -0.2742 0.1334 -0.9524
vn 0.4536 0.4927 0.7426
vn 0.7497 0.5267 0.4007
vn 0.8796 0.2538 0.4023
vn 0.5300 0.2598 0.8072
vn -0.6840 -0.6298 -0.3681
vn 0.8992 -0.0915 0.4280
vn 0.5290 -0.0272 0.8482
vn 0.9734 0.2110 0.0892
vn -0.9277 0.3719 0.0322
vn -0.7816 -0.6122 0.1197
vn -0.8791 -0.4759 0.0255
vn -0.7527 -0.6536 -0.0794
vn 0.2512 -0.9578 -0.1395
vn 0.2976 -0.9098 -0.2894
vn 0.8145 0.4248 -0.3952
vn -0.9418 -0.0259 0.3352
vn -0.9964 -0.0458 0.0711
vn 0.5155 0.8432 0.1525
vn -0.4513 0.8773 -0.1633
vn 0.3543 0.9221 0.1557
vn -0.9829 0.0845 -0.1638
vn -0.8091 0.2669 -0.5236
vn 0.7039 0.6988 -0.1275
vn -0.7013 -0.5459 -0.4585
vn -0.6663 -0.6551 0.3562
vn -0.2204 0.9702 -0.1002
vn -0.0670 0.9959 -0.0606
vn 0.1521 -0.9879 -0.0307
vn 0.2088 -0.9778 -0.0152
vn 0.2194 -0.9738 -0.0602
vn -0.1191 -0.9781 -0.1710
vn -0.5636 -0.8224 -0.0772
vn 0.9620 -0.2444 -0.1217
vn 0.8483 0.5052 -0.1584
vn 0.2664 -0.9639 0.0031
vn 0.9667 0.2483 0.0621
vn 0.1557 -0.9821 -0.1056
vn 0.1484 -0.9878 -0.0480
vn 0.0957 -0.9938 -0.0566
vn 0.0855 -0.9926 -0.0868
vn 0.0969 -0.9772 -0.1888
vn 0.3680 0.8627 -0.3468
vn 0.2016 -0.3863 -0.9001
vn 0.4280 0.8112 -0.3984
vn 0.0312 -0.9940 -0.1047
vn 0.1906 -0.0007 -0.9817
vn 0.0475 0.9979 -0.0451
vn 0.2082 -0.9781 -0.0039
vn 0.3731 0.7420 0.5570
vn 0.4437 0.8883 -0.1186
vn 0.4305 0.7735 0.4652
vn 0.5277 0.8334 0.1639
vn 0.2955 0.7279 0.6187
vn -0.5410 -0.5019 0.6749
vn -0.6850 -0.6258 -0.3731
vn -0.8832 -0.0927 -0.4598
vn 0.9437 -0.0529 -0.3266
vn 0.7132 0.1143 -0.6916
vn 0.3924 0.8914 -0.2267
vn 0.2992 0.9501 -0.0884
vn -0.3511 0.9297 -0.1116
vn -0.4275 0.8966 -0.1154
vn -0.2679 0.9610 -0.0692
vn -0.3475 0.9350 -0.0711
vn -0.3436 0.9374 -0.0577
vn -0.2740 0.9611 -0.0339
vn -0.2707 0.9623 -0.0253
vn -0.4233 0.9012 -0.0928
vn -0.6404 0.7455 -0.1848
vn -0.5879 0.7773 -0.2242
vn 0.0649 0.9447 -0.3214
vn 0.4345 0.8974 -0.0773
vn 0.3559 0.9257 0.1282
vn 0.4542 0.8901 0.0374
vn 0.6709 0.7067 0.2246
vn 0.4788 0.8508 0.2164
vn -0.5679 0.7448 -0.3502
vn -0.8118 0.5501 -0.1959
vn 0.9570 -0.2881 -0.0325
vn 0.8455 -0.4205 0.3291
vn 0.9415 -0.0961 0.3230
vn 0.7801 0.6068 0.1526
vn 0.9288 0.2279 0.2923
vn 0.8157 0.4796 0.3235
vn -0.6615 0.7283 -0.1792
vn -0.8381 0.5171 -0.1737
vn -0.5856 0.7930 -0.1682
vn -0.5763 0.8009 -0.1625
vn -0.5762 0.7980 -0.1766
vn -0.5735 0.7988 -0.1819
vn -0.6047 0.5985 -0.5255
vn 0.4502 0.6555 -0.6063
vn -0.6330 0.7485 -0.1977
vn -0.6008 0.7674 -0.2239
vn -0.6449 0.7250 -0.2419
vn -0.7272 0.6368 -0.2562
vn -0.6057 0.7774 -0.1693
vn 0.4393 0.6709 -0.5974
vn 0.0691 -0.7958 -0.6016
vn -0.3070 -0.9449 0.1138
vn 0.5684 -0.5733 -0.5902
vn 0.8327 -0.3552 -0.4247
vn 0.3363 -0.6905 -0.6404
vn -0.6936 -0.4298 -0.5781
vn -0.5228 -0.8524 -0.0124
vn -0.5303 -0.8462 -0.0532
vn -0.0043 -0.9147 0.4042
vn -0.2736 -0.8921 0.3597
vn -0.4089 -0.9060 -0.1097
vn -0.5622 -0.8269 0.0142
vn -0.5192 -0.8238 0.2277
vn -0.2424 -0.9390 0.2438
vn -0.6037 -0.7751 0.1864
vn 0.9086 -0.0259 0.4168
vn 0.7910 -0.5221 0.3190
vn 0.5067 -0.4830 -0.7142
vn 0.4226 0.9046 -0.0556
vn 0.0567 -0.8357 0.5463
vn 0.2262 -0.5010 0.8354
vn -0.0778 -0.3682 0.9265
vn -0.1562 -0.7916 0.5908
vn 0.1580 -0.6900 0.7063
vn -0.2810 -0.5460 0.7893
vn 0.2159 -0.8645 0.4539
vn -0.1556 -0.8552 0.4944
vn 0.1212 -0.9190 -0.3753
vn 0.4463 0.8913 -0.0801
vn 0.7197 0.6215 -0.3095
vn 0.8789 0.0461 -0.4747
vn 0.9544 -0.0658 -0.2913
vn -0.3988 -0.0559 0.9153
vn -0.4203 -0.3745 0.8265
vn -0.1455 -0.9046 -0.4006
vn 0.3427 -0.4277 0.8364
vn 0.3798 -0.5255 -0.7613
vn 0.8225 -0.5400 -0.1786
vn 0.1889 0.7667 0.6136
vn 0.6036 0.5055 0.6165
vn 0.0138 -0.7596 -0.6502
vn 0.1645 -0.3050 -0.9380
vn 0.3278 -0.4024 -0.8547
vn -0.0313 -0.9739 0.2249
vn 0.1132 -0.5121 -0.8514
vn 0.7523 -0.6582 0.0290
vn 0.3369 -0.8845 0.3227
vn 0.2850 -0.3365 0.8975
vn 0.9472 -0.2931 -0.1303
vn 0.6146 -0.7811 -0.1099
vn 0.2067 0.7403 0.6397
vn 0.3079 0.4951 -0.8124
vn -0.0078 0.5352 -0.8447
vn -0.4711 -0.8414 0.2649
vn -0.2717 -0.9291 -0.2507
vn 0.3710 0.3418 -0.8635
vn -0.0270 -0.9996 -0.0057
vn 0.1168 -0.4211 -0.8995
vn -0.0018 -0.8253 -0.5647
vn 0.0903 -0.8569 -0.5075
vn 0.1589 -0.3396 -0.9270
vn 0.6098 0.7671 0.1990
vn 0.2044 0.9131 0.3527
vn -0.5093 -0.4833 0.7121
vn 0.6830 0.5601 0.4688
vn 0.9683 0.2465 0.0412
vn -0.2019 -0.1776 0.9632
vn 0.3101 0.9335 0.1799
vn 0.7128 0.6582 0.2421
vn -0.3524 -0.7949 0.4939
vn 0.1044 0.9802 0.1685
vn -0.1966 -0.9793 -0.0478
vn -0.1581 -0.9874 -0.0079
vn 0.1666 0.9576 -0.2349
vn -0.0441 -0.8745 -0.4831
vn -0.1897 -0.8545 -0.4836
vn -0.2255 -0.9717 -0.0701
vn 0.3430 0.0537 0.9378
vn 0.0833 0.0630 0.9945
vn 0.0233 -0.2821 0.9591
vn 0.1477 -0.3454 0.9267
vn 0.4863 0.8550 -0.1801
vn -0.0384 -0.0547 0.9978
vn -0.1947 -0.0154 0.9807
vn -0.1070 -0.3052 0.9462
vn -0.0880 -0.8366 0.5408
vn -0.3585 -0.8929 -0.2725
vn 0.2925 0.8953 -0.3359
vn 0.3569 0.9327 0.0514
vn 0.2971 0.4107 -0.8620
vn -0.0022 -0.8384 -0.5450
vn 0.2887 0.9078 0.3043
vn 0.1207 0.9706 0.2084
vn -0.1327 -0.7826 0.6083
vn -0.1587 -0.7452 0.6477
vn -0.3384 -0.9224 0.1864
vn -0.3532 -0.9258 0.1343
vn 0.2946 0.8688 0.3981
vn 0.3079 0.9144 -0.2630
vn 0.5284 0.8476 0.0488
vn -0.3479 -0.6445 0.6808
vn 0.2950 0.5281 0.7963
vn 0.4321 0.6302 0.6451
vn 0.1042 0.6489 0.7537
vn -0.0812 0.4912 0.8673
vn 0.8979 0.1601 0.4100
vn -0.4258 -0.0840 0.9009
vn -0.0810 0.8954 -0.4379
vn 0.6262 -0.0044 0.7796
vn 0.6382 -0.7241 0.2613
vn 0.9687 -0.0878 0.2324
vn 0.6940 0.0471 0.7185
vn 0.9059 -0.0444 -0.4211
vn 0.9534 0.2056 -0.2209
vn 0.6859 0.1802 0.7050
vn -0.8723 -0.4880 -0.0304
vn 0.1416 0.3199 0.9368
vn 0.5867 -0.0336 0.8091
vn 0.9346 -0.2701 0.2316
vn 0.8391 0.1248 -0.5294
vn -0.5607 -0.4673 -0.6836
vn 0.4075 -0.8890 0.2089
vn 0.2895 -0.8499 0.4403
vn -0.8148 -0.5058 0.2831
vn -0.9104 -0.4008 0.1022
vn -0.3098 -0.7071 -0.6356
vn -0.2147 -0.9479 -0.2355
vn -0.4729 -0.6033 -0.6422
vn 0.1839 -0.9732 0.1379
vn 0.3326 -0.9415 0.0546
vn -0.5448 -0.7195 0.4307
vn 0.3315 -0.6851 -0.6486
vn 0.5414 -0.7914 0.2839
vn 0.1479 -0.7922 0.5921
vn 0.5713 -0.8101 -0.1316
vn 0.4323 0.7762 -0.4589
vn -0.1442 -0.9356 0.3222
vn -0.5342 -0.8126 0.2329
vn 0.0650 -0.4420 -0.8946
vn 0.9762 -0.1365 -0.1686
vn 0.9966 -0.0119 -0.0817
vn 0.9943 -0.0022 -0.1062
vn 0.9340 0.1621 0.3183
vn 0.2767 0.7500 0.6007
vn 0.0757 0.8890 0.4515
vn 0.0909 0.9450 0.3143
vn -0.7248 -0.0419 0.6877
vn -0.9809 -0.1049 0.1641
vn 0.4872 0.7348 0.4719
vn -0.9876 0.1444 -0.0614
vn -0.4630 -0.7679 0.4426
vn -0.8369 -0.4196 0.3515
vn -0.0251 -0.4172 0.9085
vn -0.0696 0.2200 0.9730
vn 0.7824 -0.5742 0.2414
vn -0.4465 0.7550 -0.4802
vn 0.3749 -0.9135 0.1578
vn 0.4123 -0.8424 0.3468
vn -0.9294 -0.3689 -0.0142
vn 0.9320 -0.3525 0.0842
vn -0.1530 -0.5977 -0.7870
vn -0.5561 -0.0970 0.8255
vn 0.1919 -0.9288 0.3170
vn 0.9564 -0.1483 -0.2517
vn 0.9875 -0.1378 -0.0764
vn -0.6957 -0.5823 0.4206
vn -0.1916 0.3486 0.9175
vn -0.2259 0.3767 0.8984
vn 0.7154 -0.6939 -0.0821
vn 0.6199 -0.7486 -0.2351
vn 0.0632 -0.8183 0.5713
vn -0.0198 -0.9993 0.0322
vn -0.9699 0.2242 -0.0948
vn 0.3441 -0.9387 0.0204
vn 0.4259 -0.9008 0.0843
vn 0.6258 0.7522 -0.2062
vn -0.3909 0.9193 -0.0452
vn -0.4197 0.8589 -0.2933
vn 0.5594 0.4325 0.7072
vn 0.3608 0.9314 -0.0490
vn -0.8864 -0.4123 -0.2105
vn -0.9478 -0.3159 -0.0424
vn -0.8059 -0.4951 -0.3247
vn -0.5764 -0.7989 0.1718
vn 0.2943 -0.9437 -0.1511
vn -0.6387 -0.6505 0.4110
vn -0.2581 -0.9523 0.1630
vn 0.4237 -0.5049 -0.7520
vn -0.0827 -0.8829 0.4622
vn -0.9415 -0.1104 0.3184
vn 0.4190 0.7390 0.5276
vn -0.9812 0.1656 -0.0988
vn 0.0784 0.6403 0.7641
vn -0.1071 0.3751 0.9208
vn 0.0885 0.2305 0.9690
vn -0.7179 -0.4352 0.5434
vn -0.1267 0.6489 -0.7502
vn -0.9840 -0.1708 0.0516
vn 0.8193 -0.5636 -0.1052
vn -0.1322 0.7119 0.6897
vn -0.1330 0.7244 0.6765
vn -0.2566 0.9404 -0.2233
vn -0.5912 -0.7639 -0.2588
vn -0.2136 0.6609 0.7194
vn -0.2304 0.7130 0.6622
vn 0.3505 -0.9366 -0.0058
vn 0.9098 0.4146 0.0209
vn -0.5970 -0.6053 -0.5265
vn 0.6627 0.6120 0.4317
vn 0.8987 0.4309 0.0817
vn 0.7852 0.5464 0.2914
vn 0.6765 0.7074 0.2047
vn -0.5266 0.8391 -0.1361
vn -0.0283 -0.9690 0.2453
vn -0.3632 -0.9140 0.1808
vn -0.5946 -0.7054 -0.3858
vn -0.9256 -0.1627 0.3418
vn 0.7549 -0.6510 -0.0796
vn 0.3218 0.8496 0.4178
vn 0.0494 -0.3148 -0.9479
vn 0.8498 0.5052 0.1504
vn 0.6437 0.0679 -0.7623
vn 0.5508 -0.7096 -0.4393
vn 0.3074 -0.8853 0.3489
vn -0.9414 -0.2053 0.2677
vn -0.7095 0.0340 0.7039
vn 0.4680 -0.8811 -0.0685
vn -0.5167 0.7987 0.3084
vn -0.2008 0.9638 0.1756
vn -0.8692 -0.3360 0.3629
vn 0.8285 -0.1925 0.5259
vn 0.8974 -0.3113 0.3126
vn -0.0397 -0.7584 0.6505
vn 0.9193 0.0013 0.3937
vn 0.7515 0.5471 0.3687
vn 0.4193 0.8544 0.3070
vn 0.0591 -0.9399 0.3364
vn 0.0871 -0.4184 0.9041
vn -0.5023 0.8354 0.2232
vn 0.6504 -0.7594 -0.0172
vn 0.5946 -0.6299 0.4997
vn 0.0968 -0.8587 0.5032
vn 0.2831 -0.9589 -0.0213
vn 0.0102 -0.9974 -0.0716
vn -0.3168 -0.5489 0.7735
vn 0.6112 -0.7909 0.0299
vn 0.9808 -0.1696 0.0958
vn -0.6490 -0.0783 0.7567
vn 0.3602 -0.9282 -0.0930
vn 0.3287 -0.4024 0.8544
vn 0.7580 -0.6230 0.1932
vn 0.6605 -0.7136 -0.2333
vn 0.5069 -0.1716 0.8447
vn 0.3049 -0.9524 0.0014
vn -0.7226 -0.5526 0.4153
vn -0.5996 0.5974 0.5325
vn -0.5735 0.7180 0.3943
vn -0.6166 0.7627 0.1952
vn -0.0866 0.8912 -0.4453
vn -0.8816 -0.1968 0.4290
vn -0.9410 -0.2117 0.2642
vn 0.4842 0.8116 0.3268
vn 0.4539 -0.5575 0.6951
vn -0.1706 -0.9104 0.3768
vn 0.7229 -0.6827 -0.1070
vn -0.7349 -0.6118 0.2927
vn -0.8205 -0.1468 -0.5525
vn -0.9272 -0.3602 -0.1028
vn 0.9750 -0.2026 0.0908
vn 0.9438 -0.1612 0.2885
vn -0.9364 0.0664 0.3446
vn -0.0803 -0.9959 0.0429
vn 0.9088 -0.3940 -0.1373
vn -0.2416 0.8969 0.3704
vn -0.9259 -0.3747 0.0481
vn -0.7705 -0.6341 0.0655
vn -0.6096 -0.7888 0.0792
vn -0.9933 0.1137 0.0181
vn 0.1125 -0.8595 0.4985
vn -0.4549 -0.4541 0.7661
vn -0.6475 -0.7328 0.2092
vn -0.9515 -0.2547 0.1724
vn 0.5931 -0.7702 0.2346
vn 0.0508 0.5997 0.7986
vn -0.7767 0.5660 0.2763
vn -0.0067 -0.9998 -0.0201
vn 0.0847 -0.7741 0.6274
vn 0.0167 -0.9993 -0.0337
vn 0.7728 0.6249 -0.1111
vn 0.7027 0.6496 -0.2904
vn -0.0733 0.9776 0.1972
vn -0.2951 0.9320 0.2104
vn -0.1248 -0.9156 -0.3823
vn 0.5420 0.1705 0.8229
vn -0.1702 0.9854 0.0056
vn 0.9975 0.0131 0.0699
vn -0.6911 -0.7192 -0.0717
vn -0.1080 -0.9937 -0.0289
vn -0.0513 0.9724 -0.2275
vn -0.0798 0.9801 0.1817
vn -0.9380 0.2895 0.1907
vn -0.3211 -0.9306 -0.1759
vn 0.9599 -0.2775 0.0395
vn -0.9573 0.1056 0.2691
vn -0.9945 0.0044 0.1043
vn -0.9961 -0.0501 0.0722
vn 0.9923 -0.1183 0.0371
vn -0.0576 0.7928 0.6068
vn -0.5928 0.7614 0.2623
vn 0.5258 0.8050 0.2747
vn 0.8420 0.3751 0.3877
vn 0.9324 -0.3549 -0.0679
vn 0.9660 0.2570 -0.0286
vn 0.5512 0.2880 -0.7831
vn -0.2531 0.1852 -0.9496
vn -0.5429 0.7613 -0.3546
vn 0.5031 0.8641 0.0115
vn 0.9728 0.2274 0.0433
vn 0.9820 -0.0102 -0.1887
vn 0.9679 0.1785 -0.1772
vn 0.8692 0.0575 -0.4911
vn 0.9218 -0.2101 -0.3256
vn 0.3137 -0.9490 -0.0331
vn 0.9326 0.2657 0.2441
vn -0.9715 0.2359 -0.0251
vn -0.8194 -0.0642 -0.5697
vn 0.9433 -0.0104 0.3317
vn 0.7950 0.2988 0.5280
vn 0.8276 -0.5604 0.0333
vn 0.7374 -0.6615 -0.1364
vn 0.5600 -0.3311 0.7595
vn -0.0376 0.9465 0.3207
vn -0.0710 0.9779 0.1966
vn -0.9519 -0.3057 -0.0189
vn -0.5027 -0.7549 0.4211
vn -0.8540 -0.2424 0.4604
vn -0.5618 -0.8191 -0.1163
vn -0.9070 0.4076 0.1060
vn -0.7367 0.5748 0.3563
vn 0.0185 0.7165 -0.6973
vn 0.9070 -0.1151 0.4052
vn 0.0588 0.8150 0.5764
vn -0.6245 0.7503 0.2171
vn -0.5442 0.6711 -0.5035
vn 0.3842 0.0040 -0.9232
vn -0.5398 0.8105 0.2274
vn 0.6120 0.6159 -0.4961
vn 0.3615 0.3735 -0.8543
vn -0.9467 0.2395 0.2154
vn -0.7367 0.2573 0.6253
vn -0.9773 -0.2075 -0.0427
vn -0.9956 0.0919 0.0191
vn 0.4009 -0.5892 0.7015
vn -0.5342 -0.8423 -0.0726
vn -0.5400 0.0100 0.8416
vn -0.7333 0.0488 0.6782
vn -0.5119 -0.1024 0.8529
vn 0.8277 0.5571 0.0670
vn 0.5691 0.7181 0.4006
vn -0.4665 0.3130 0.8273
vn 0.4463 -0.8949 -0.0028
vn 0.1159 -0.9928 -0.0300
vn 0.3080 -0.9513 0.0139
vn -0.9306 -0.2021 0.3052
vn -0.4378 -0.1081 0.8925
vn -0.9283 0.1243 -0.3504
vn -0.3114 -0.0902 0.9460
vn -0.5838 -0.7400 0.3339
vn -0.3583 -0.6093 0.7074
vn -0.5219 -0.2223 0.8235
vn -0.3834 0.9228 -0.0373
vn -0.6919 -0.2015 0.6933
vn -0.9879 0.0411 0.1498
vn -0.8027 -0.4991 -0.3266
vn -0.1906 -0.9805 -0.0487
vn -0.5359 -0.3815 0.7532
vn -0.8269 -0.3817 0.4129
vn -0.9488 -0.0596 0.3102
vn -0.1236 0.2986 0.9463
vn 0.3037 0.0574 -0.9510
vn 0.2260 0.7655 -0.6024
vn -0.7166 -0.6295 0.3005
vn -0.9899 0.1340 -0.0468
vn -0.6853 -0.6144 0.3909
vn -0.2278 -0.9726 -0.0459
vn -0.8304 -0.5566 -0.0234
vn -0.7479 -0.2422 -0.6181
vn 0.6301 -0.7762 0.0225
vn -0.3603 -0.5386 0.7617
vn -0.4065 -0.1828 0.8952
vn 0.8495 0.0129 0.5274
vn -0.9363 -0.0971 0.3374
vn -0.4566 -0.3535 0.8164
vn -0.7959 0.2611 -0.5462
vn 0.4363 0.8724 -0.2205
vn 0.8835 -0.0535 0.4653
vn 0.5829 0.3427 0.7368
vn 0.6902 -0.4360 0.5775
vn -0.9653 -0.2506 -0.0731
vn 0.4492 -0.8914 0.0602
vn 0.9962 0.0659 0.0563
vn -0.3102 -0.0983 0.9456
vn -0.6740 -0.7372 -0.0477
vn -0.4764 0.8516 0.2186
vn -0.4158 0.4777 -0.7739
vn -0.4715 0.8735 0.1211
vn -0.5480 -0.4279 0.7187
vn 0.3215 0.2809 -0.9043
vn 0.1312 -0.9907 0.0353
vn 0.2769 0.0936 -0.9563
vn 0.4596 0.1070 -0.8816
vn -0.2089 0.9120 0.3529
vn -0.4389 0.0295 0.8981
vn -0.9831 -0.1693 -0.0700
vn -0.2032 0.9790 0.0181
vn 0.8398 -0.3066 -0.4480
vn -0.9956 -0.0812 -0.0462
vn 0.9972 0.0728 0.0188
vn -0.5860 -0.8096 -0.0326
vn -0.7881 -0.6145 -0.0363
vn -0.8466 -0.5300 -0.0485
vn -0.6641 -0.7445 -0.0686
vn 0.2237 0.9742 0.0302
vn 0.1727 0.9843 0.0376
vn -0.3020 -0.9518 -0.0529
vn 0.4283 -0.2331 -0.8730
vn 0.9148 0.2924 -0.2788
vn 0.8091 -0.4272 -0.4035
vn -0.1888 -0.9147 -0.3574
vn 0.3494 -0.2730 -0.8963
vn -0.3024 -0.0270 -0.9528
vn 0.6751 0.7363 0.0451
vn 0.1428 -0.9852 -0.0942
vn -0.0536 -0.9921 -0.1131
vn 0.3159 0.7974 -0.5142
vn 0.2803 0.7552 -0.5925
vn 0.5047 -0.8481 -0.1613
vn 0.8434 -0.5043 -0.1854
vn 0.7016 -0.7091 -0.0694
vn 0.4662 -0.5239 -0.7129
vn -0.2749 -0.4346 -0.8576
vn -0.9214 -0.0897 -0.3780
vn -0.6609 0.3607 -0.6581
vn 0.4866 0.2630 -0.8331
vn 0.2759 0.9460 -0.1700
vn 0.1054 0.9838 -0.1447
vn 0.4632 0.6680 -0.5825
vn 0.1079 0.9505 -0.2915
vn -0.9527 -0.2983 -0.0586
vn 0.8499 0.5144 -0.1144
vn 0.1620 0.9323 -0.3235
vn 0.2537 0.2360 -0.9381
vn 0.2436 -0.0511 0.9685
vn 0.3569 0.3525 -0.8651
vn 0.5340 -0.8395 -0.1002
vn 0.7482 -0.6599 -0.0686
vn -0.7055 0.1348 0.6958
vn -0.6315 0.6317 0.4496
vn -0.3858 0.9224 0.0155
vn -0.2104 0.9776 0.0019
vn 0.5032 -0.7918 -0.3463
vn 0.7236 -0.6679 -0.1742
vn 0.8358 -0.5117 -0.1990
vn -0.2859 -0.3022 -0.9094
vn 0.6946 0.4066 -0.5934
vn 0.9177 0.3651 -0.1568
vn -0.4517 0.8794 -0.1505
vn -0.1463 0.8200 -0.5533
vn -0.4281 0.7992 -0.4219
vn 0.0355 -0.7264 -0.6864
vn 0.0037 -0.8693 -0.4943
vn 0.4169 0.2237 -0.8810
vn 0.5099 -0.8484 -0.1419
vn -0.9726 -0.2130 -0.0931
vn -0.9681 -0.2364 -0.0834
vn 0.2260 -0.9698 -0.0915
vn 0.4966 -0.8622 -0.1001
vn 0.8652 -0.0975 0.4918
vn 0.3509 -0.4401 -0.8265
vn 0.9415 0.0607 -0.3314
vn 0.3756 -0.9213 -0.1008
vn 0.4259 0.9007 -0.0857
vn 0.5887 0.3547 -0.7264
vn 0.5432 -0.8320 -0.1127
vn 0.4264 0.8867 -0.1790
vn 0.3661 -0.9089 -0.1998
vn 0.4611 -0.8049 -0.3736
vn 0.6736 0.7372 -0.0533
vn -0.0511 0.9920 -0.1153
vn -0.6437 -0.0098 -0.7652
vn -0.9213 0.2417 -0.3046
vn -0.5694 -0.5872 -0.5753
vn 0.1027 0.9944 -0.0234
vn 0.5724 0.8179 -0.0587
vn -0.1252 -0.7907 0.5993
vn -0.9189 0.2715 -0.2863
vn -0.2770 -0.8676 -0.4129
vn -0.8088 -0.2477 -0.5335
vn -0.6095 0.7597 0.2266
vn -0.4112 -0.8085 -0.4210
vn 0.2078 -0.4671 -0.8595
vn -0.0681 -0.8503 -0.5219
vn -0.4753 0.8762 -0.0798
vn -0.1956 0.9806 0.0079
vn -0.1279 0.9874 0.0935
vn -0.9903 0.0787 0.1141
vn -0.0109 0.9945 0.1037
vn 0.7248 0.6712 -0.1553
vn 0.1953 0.9733 0.1204
vn 0.9837 0.0441 -0.1741
vn 0.8836 0.4658 -0.0467
vn -0.8364 -0.1331 -0.5318
vn 0.6554 0.7553 0.0007
vn 0.3579 -0.4348 0.8264
vn -0.9947 0.0930 0.0438
vn 0.9718 0.2184 0.0890
vn 0.4749 -0.3916 -0.7881
vn 0.5673 0.1940 -0.8003
vn -0.0250 -0.9958 -0.0880
vn 0.3547 -0.4891 -0.7969
vn -0.5737 -0.7131 -0.4030
vn 0.5164 -0.6194 -0.5913
vn 0.6263 0.4992 -0.5987
vn 0.1576 0.9499 -0.2700
vn 0.6554 0.7121 -0.2519
vn 0.3902 0.8649 -0.3157
vn -0.9204 0.3895 -0.0326
vn -0.6107 0.7808 -0.1322
vn -0.0588 0.8333 -0.5497
vn -0.0397 0.5699 -0.8207
vn -0.4577 0.4775 -0.7500
vn -0.8649 0.1564 -0.4769
vn -0.2338 -0.5556 0.7979
vn -0.7469 -0.3600 -0.5591
vn -0.2900 -0.6388 -0.7126
vn -0.7284 -0.1233 -0.6740
vn 0.1599 -0.8240 -0.5436
vn 0.3976 -0.5140 0.7601
vn 0.1611 -0.7275 0.6669
vn -0.1005 -0.8309 -0.5473
vn 0.4732 -0.6065 -0.6390
vn 0.1683 0.5905 0.7893
vn 0.2193 0.7697 0.5996
vn 0.2737 0.9604 -0.0518
vn -0.9798 -0.1769 -0.0934
vn -0.9963 -0.0145 -0.0847
vn -0.3273 0.3587 -0.8742
vn -0.4335 -0.0471 -0.8999
vn -0.1197 -0.9246 -0.3617
vn 0.4291 0.8905 -0.1510
vn -0.1959 0.8580 -0.4748
vn -0.1786 0.8455 -0.5032
vn 0.5655 0.7786 -0.2720
vn 0.6959 -0.0536 0.7162
vn 0.7133 -0.0321 -0.7001
vn 0.9806 -0.1830 0.0697
vn 0.9987 -0.0484 0.0188
vn 0.9842 -0.1656 0.0631
vn -0.5846 -0.8052 -0.0996
vn 0.3119 0.6711 0.6725
vn 0.6138 0.1200 0.7803
vn 0.7627 0.1491 0.6293
vn 0.9912 -0.1273 0.0375
vn 0.9941 -0.1053 0.0250
vn 0.9949 -0.0984 0.0211
vn 0.7479 0.1791 0.6392
vn 0.0763 -0.3801 0.9218
vn -0.4480 -0.2872 0.8467
vn -0.5916 0.7208 -0.3612
vn -0.3728 -0.9209 -0.1137
vn 0.6788 -0.3076 -0.6668
vn -0.1626 0.3517 -0.9219
vn 0.5894 -0.1073 -0.8007
vn 0.1155 -0.8789 -0.4629
vn 0.4236 0.6719 -0.6076
vn -0.2505 0.6141 -0.7484
vn -0.3923 0.7594 -0.5190
vn 0.2381 0.6732 -0.7001
vn -0.5014 0.3908 -0.7719
vn 0.9813 0.1919 -0.0175
vn -0.3072 0.9505 -0.0478
vn 0.9995 -0.0300 0.0118
vn 0.9971 -0.0754 0.0081
vn 0.5149 -0.4375 -0.7372
vt 0.133342 0.556538
vt 0.175052 0.526164
vt 0.173967 0.527373
vt 0.133161 0.557212
vt 0.227720 0.625000
vt 0.176360 0.625000
vt 0.375501 0.602038
vt 0.378063 0.571115
vt 0.381663 0.569861
vt 0.376080 0.599408
vt 0.565292 0.449270
vt 0.592227 0.458190
vt 0.593975 0.509177
vt 0.566535 0.502588
vt 0.563703 0.613142
vt 0.525341 0.615787
vt 0.525335 0.624999
vt 0.566949 0.624988
vt 0.618733 0.565405
vt 0.610613 0.540474
vt 0.611047 0.540350
vt 0.619017 0.564112
vt 0.579243 0.501294
vt 0.605575 0.508940
vt 0.625000 0.500000
vt 0.591951 0.500000
vt 0.125000 0.562500
vt 0.125000 0.562523
vt 0.175052 0.526164
vt 0.175269 0.525923
vt 0.552540 0.507443
vt 0.567669 0.503285
vt 0.611571 0.507068
vt 0.619617 0.516251
vt 0.623047 0.219389
vt 0.874770 0.508528
vt 0.874701 0.490569
vt 0.614360 0.228244
vt 0.728019 0.384177
vt 0.858335 0.502024
vt 0.857706 0.482747
vt 0.583914 0.249951
vt 0.509400 0.500000
vt 0.494945 0.500564
vt 0.488227 0.501128
vt 0.515476 0.500000
vt 0.382298 0.210058
vt 0.407194 0.230995
vt 0.409115 0.240174
vt 0.387782 0.216423
vt 0.579331 0.231251
vt 0.526107 0.207827
vt 0.577041 0.206631
vt 0.415476 0.505670
vt 0.406236 0.461169
vt 0.432999 0.461277
vt 0.460978 0.502256
vt 0.125000 0.603701
vt 0.125000 0.583761
vt 0.125000 0.587054
vt 0.125000 0.606814
vt 0.133708 0.595730
vt 0.177248 0.594815
vt 0.125000 0.625000
vt 0.375085 0.601017
vt 0.375000 0.597649
vt 0.378662 0.568981
vt 0.375000 0.577994
vt 0.545224 0.231957
vt 0.551606 0.226452
vt 0.570339 0.240373
vt 0.551784 0.241567
vt 0.331334 0.174957
vt 0.125000 0.606814
vt 0.125000 0.620929
vt 0.125000 0.630971
vt 0.125000 0.599495
vt 0.125000 0.616498
vt 0.125000 0.618232
vt 0.625000 0.593750
vt 0.624079 0.594166
vt 0.625000 0.625000
vt 0.622090 0.531561
vt 0.625000 0.563122
vt 0.625000 0.559840
vt 0.623909 0.529920
vt 0.580623 0.500025
vt 0.619181 0.500000
vt 0.615544 0.500000
vt 0.585102 0.500000
vt 0.594267 0.533269
vt 0.617862 0.562419
vt 0.611458 0.555237
vt 0.611257 0.539022
vt 0.136176 0.565594
vt 0.174004 0.533791
vt 0.414614 0.505257
vt 0.477447 0.500004
vt 0.477678 0.500025
vt 0.420831 0.505502
vt 0.517401 0.249994
vt 0.517024 0.249998
vt 0.508533 0.249999
vt 0.508721 0.249997
vt 0.726745 0.592689
vt 0.724301 0.561298
vt 0.771275 0.560301
vt 0.619900 0.539416
vt 0.623692 0.535242
vt 0.624757 0.563941
vt 0.623242 0.567375
vt 0.506534 0.183133
vt 0.509047 0.180197
vt 0.547734 0.169480
vt 0.547853 0.173905
vt 0.392179 0.538339
vt 0.398878 0.534728
vt 0.374963 0.562283
vt 0.374828 0.561547
vt 0.373729 0.555427
vt 0.374760 0.556822
vt 0.462899 0.575666
vt 0.463656 0.575212
vt 0.451217 0.596297
vt 0.450518 0.596890
vt 0.503324 0.500000
vt 0.502180 0.500000
vt 0.500831 0.500000
vt 0.501385 0.500000
vt 0.584926 0.500004
vt 0.588527 0.500000
vt 0.615375 0.505371
vt 0.615544 0.500000
vt 0.500831 0.500000
vt 0.500231 0.500000
vt 0.500139 0.500000
vt 0.374767 0.566968
vt 0.374579 0.556618
vt 0.374335 0.560178
vt 0.375000 0.571559
vt 0.489722 0.500000
vt 0.489606 0.500000
vt 0.375000 0.614891
vt 0.375000 0.616383
vt 0.375000 0.599196
vt 0.375000 0.594673
vt 0.375000 0.594038
vt 0.375000 0.593749
vt 0.375000 0.614581
vt 0.375000 0.614677
vt 0.521641 0.305476
vt 0.539906 0.303061
vt 0.539145 0.336223
vt 0.517991 0.337516
vt 0.625000 0.625000
vt 0.623161 0.594581
vt 0.680087 0.438670
vt 0.715782 0.520263
vt 0.713273 0.506944
vt 0.591780 0.345649
vt 0.125000 0.588339
vt 0.373179 0.199473
vt 0.362024 0.186234
vt 0.509424 0.269876
vt 0.496972 0.290863
vt 0.480198 0.296561
vt 0.499113 0.273274
vt 0.375000 0.614582
vt 0.375000 0.614583
vt 0.375000 0.593750
vt 0.375000 0.593749
vt 0.371526 0.187161
vt 0.125000 0.574151
vt 0.575445 0.500618
vt 0.622817 0.500000
vt 0.622416 0.506313
vt 0.437500 0.500000
vt 0.385417 0.505208
vt 0.385417 0.505208
vt 0.613276 0.141462
vt 0.613145 0.143725
vt 0.612246 0.159242
vt 0.612509 0.154717
vt 0.858735 0.592428
vt 0.859763 0.558859
vt 0.872406 0.560161
vt 0.724588 0.393827
vt 0.840346 0.511694
vt 0.840906 0.496978
vt 0.590212 0.266353
vt 0.617851 0.516182
vt 0.621425 0.515685
vt 0.620272 0.500000
vt 0.370164 0.534993
vt 0.374158 0.531818
vt 0.736987 0.382793
vt 0.873315 0.493459
vt 0.874506 0.468516
vt 0.599137 0.239098
vt 0.000000 0.000000
vt 0.219076 0.489184
vt 0.404618 0.329585
vt 0.404572 0.330421
vt 0.375000 0.562500
vt 0.375000 0.567901
vt 0.375000 0.571581
vt 0.375000 0.598291
vt 0.367684 0.596620
vt 0.375000 0.599698
vt 0.374900 0.576842
vt 0.492786 0.500000
vt 0.490325 0.500000
vt 0.438571 0.500000
vt 0.443926 0.500000
vt 0.489583 0.500000
vt 0.437500 0.500000
vt 0.437500 0.500000
vt 0.500000 0.500000
vt 0.432851 0.503858
vt 0.500000 0.500000
vt 0.452286 0.309949
vt 0.500000 0.289478
vt 0.375000 0.557292
vt 0.375000 0.531250
vt 0.375000 0.557292
vt 0.375000 0.500000
vt 0.385417 0.505208
vt 0.365701 0.507715
vt 0.374993 0.562460
vt 0.374986 0.562420
vt 0.374997 0.562482
vt 0.374998 0.562491
vt 0.438267 0.500090
vt 0.489768 0.500000
vt 0.431388 0.547114
vt 0.453378 0.531789
vt 0.454157 0.532577
vt 0.428783 0.544705
vt 0.505599 0.500000
vt 0.506523 0.500223
vt 0.522518 0.500037
vt 0.387983 0.567466
vt 0.377834 0.598405
vt 0.377229 0.597437
vt 0.384813 0.568434
vt 0.331778 0.404869
vt 0.415715 0.327511
vt 0.394221 0.337828
vt 0.218069 0.496522
vt 0.385239 0.531250
vt 0.386684 0.531250
vt 0.376947 0.562500
vt 0.338769 0.399752
vt 0.426894 0.321070
vt 0.403323 0.331315
vt 0.225388 0.489490
vt 0.373511 0.550434
vt 0.372487 0.538492
vt 0.501662 0.500000
vt 0.225537 0.489347
vt 0.404572 0.330421
vt 0.175256 0.525937
vt 0.175269 0.525923
vt 0.374866 0.563622
vt 0.374976 0.572484
vt 0.133378 0.556404
vt 0.452283 0.249973
vt 0.493454 0.249996
vt 0.493455 0.250000
vt 0.452286 0.250000
vt 0.508443 0.250000
vt 0.516886 0.250000
vt 0.514072 0.253290
vt 0.508444 0.250000
vt 0.516885 0.250000
vt 0.133376 0.556412
vt 0.808228 0.591628
vt 0.772144 0.592235
vt 0.806959 0.625000
vt 0.389786 0.218750
vt 0.389786 0.218750
vt 0.410051 0.244747
vt 0.410060 0.244792
vt 0.216621 0.495430
vt 0.175269 0.525923
vt 0.175269 0.525923
vt 0.217069 0.495441
vt 0.171233 0.530419
vt 0.132705 0.558910
vt 0.503896 0.271462
vt 0.485038 0.292777
vt 0.490742 0.290624
vt 0.506977 0.270294
vt 0.431064 0.246771
vt 0.431167 0.247360
vt 0.409901 0.244008
vt 0.509792 0.249697
vt 0.513990 0.248207
vt 0.518624 0.252975
vt 0.518029 0.249987
vt 0.125000 0.564305
vt 0.125000 0.565549
vt 0.125000 0.563007
vt 0.125000 0.562800
vt 0.125585 0.545266
vt 0.126254 0.545887
vt 0.125150 0.560507
vt 0.125105 0.559358
vt 0.839485 0.591315
vt 0.808228 0.591628
vt 0.808868 0.559004
vt 0.841169 0.558040
vt 0.375000 0.568039
vt 0.374999 0.563421
vt 0.375154 0.557446
vt 0.375921 0.558215
vt 0.438571 0.500000
vt 0.443926 0.500000
vt 0.394779 0.505208
vt 0.386977 0.505208
vt 0.718148 0.404582
vt 0.805741 0.514934
vt 0.804489 0.500494
vt 0.596510 0.282754
vt 0.547682 0.250054
vt 0.547698 0.261492
vt 0.541090 0.261266
vt 0.541917 0.249974
vt 0.375000 0.595488
vt 0.377504 0.562983
vt 0.378191 0.565398
vt 0.839499 0.625000
vt 0.242531 0.529918
vt 0.283797 0.531567
vt 0.375000 0.593749
vt 0.377227 0.562500
vt 0.489963 0.455156
vt 0.461656 0.459172
vt 0.467097 0.395825
vt 0.492838 0.391202
vt 0.126154 0.527579
vt 0.125932 0.525527
vt 0.126055 0.508073
vt 0.126674 0.507443
vt 0.624586 0.581855
vt 0.622555 0.571128
vt 0.622641 0.567613
vt 0.624407 0.576735
vt 0.329209 0.595651
vt 0.329906 0.565967
vt 0.330277 0.534940
vt 0.331566 0.503634
vt 0.369974 0.509083
vt 0.372021 0.529287
vt 0.356402 0.515431
vt 0.374404 0.561169
vt 0.381171 0.185291
vt 0.371715 0.186702
vt 0.347909 0.161233
vt 0.355483 0.160024
vt 0.590582 0.201483
vt 0.577041 0.206631
vt 0.741436 0.379005
vt 0.563781 0.164999
vt 0.580750 0.161203
vt 0.563783 0.164999
vt 0.430995 0.336712
vt 0.437209 0.317194
vt 0.462963 0.323768
vt 0.515694 0.387229
vt 0.497458 0.340982
vt 0.125000 0.562500
vt 0.125000 0.562535
vt 0.125000 0.562529
vt 0.540628 0.276285
vt 0.525504 0.279636
vt 0.375000 0.567901
vt 0.375000 0.596450
vt 0.204544 0.532082
vt 0.208974 0.505259
vt 0.396633 0.350966
vt 0.375921 0.531250
vt 0.380527 0.531250
vt 0.374999 0.570260
vt 0.374998 0.572480
vt 0.374989 0.564119
vt 0.374994 0.563770
vt 0.510621 0.500000
vt 0.519982 0.500000
vt 0.504470 0.500000
vt 0.496684 0.500000
vt 0.375000 0.584000
vt 0.375000 0.601862
vt 0.375000 0.599681
vt 0.374994 0.581856
vt 0.480489 0.501128
vt 0.428201 0.507715
vt 0.421839 0.506692
vt 0.401543 0.215291
vt 0.412468 0.210069
vt 0.375000 0.584182
vt 0.375000 0.603049
vt 0.374961 0.579533
vt 0.386915 0.182211
vt 0.398637 0.172171
vt 0.425087 0.191467
vt 0.423821 0.202546
vt 0.375000 0.577940
vt 0.375000 0.599471
vt 0.338612 0.427194
vt 0.424296 0.360580
vt 0.415526 0.404304
vt 0.403212 0.405031
vt 0.589847 0.544919
vt 0.580510 0.528662
vt 0.570580 0.525157
vt 0.577979 0.539085
vt 0.461284 0.224277
vt 0.471998 0.214598
vt 0.518883 0.235508
vt 0.511796 0.242945
vt 0.441334 0.214572
vt 0.448543 0.203032
vt 0.464517 0.222571
vt 0.352692 0.181460
vt 0.488853 0.224659
vt 0.475928 0.206964
vt 0.753316 0.361578
vt 0.591126 0.201572
vt 0.605211 0.196513
vt 0.631734 0.210534
vt 0.283870 0.370360
vt 0.434770 0.269666
vt 0.421090 0.273888
vt 0.332178 0.163228
vt 0.125097 0.559639
vt 0.125150 0.560506
vt 0.375000 0.557481
vt 0.375000 0.562500
vt 0.125000 0.562517
vt 0.493004 0.289770
vt 0.508443 0.269739
vt 0.508199 0.269831
vt 0.546950 0.303723
vt 0.546102 0.337325
vt 0.565036 0.341677
vt 0.566042 0.307744
vt 0.508443 0.269739
vt 0.493455 0.289600
vt 0.375000 0.187500
vt 0.338912 0.399648
vt 0.428429 0.320185
vt 0.125583 0.545336
vt 0.126254 0.545887
vt 0.125000 0.562500
vt 0.484682 0.540613
vt 0.479426 0.549771
vt 0.479037 0.549446
vt 0.484200 0.540560
vt 0.375000 0.538075
vt 0.374973 0.535824
vt 0.163263 0.523591
vt 0.161389 0.513393
vt 0.189981 0.486596
vt 0.404942 0.323735
vt 0.294510 0.377682
vt 0.418639 0.296105
vt 0.405853 0.305233
vt 0.154251 0.485697
vt 0.125000 0.573780
vt 0.125000 0.566136
vt 0.375028 0.532098
vt 0.394940 0.499752
vt 0.399816 0.501914
vt 0.381933 0.503829
vt 0.375000 0.499503
vt 0.280845 0.529884
vt 0.125067 0.559972
vt 0.375000 0.501150
vt 0.394459 0.500575
vt 0.435205 0.179882
vt 0.503517 0.186656
vt 0.467768 0.191842
vt 0.606223 0.527538
vt 0.622258 0.575233
vt 0.622555 0.571128
vt 0.619973 0.559895
vt 0.385714 0.505759
vt 0.512664 0.250000
vt 0.516182 0.250000
vt 0.512333 0.252303
vt 0.505735 0.250028
vt 0.500000 0.250000
vt 0.564717 0.390740
vt 0.565036 0.341677
vt 0.403101 0.568602
vt 0.396608 0.595449
vt 0.409976 0.596467
vt 0.414797 0.570742
vt 0.580750 0.161203
vt 0.607343 0.153589
vt 0.546662 0.500005
vt 0.537761 0.500041
vt 0.398190 0.166997
vt 0.398190 0.166997
vt 0.389763 0.154792
vt 0.392572 0.158860
vt 0.549575 0.500034
vt 0.541690 0.500324
vt 0.528642 0.500241
vt 0.522587 0.500696
vt 0.471449 0.500464
vt 0.474684 0.500099
vt 0.394145 0.532989
vt 0.422757 0.500000
vt 0.515725 0.199016
vt 0.505342 0.190206
vt 0.553593 0.191378
vt 0.565317 0.199005
vt 0.599098 0.572952
vt 0.602775 0.564676
vt 0.602775 0.564676
vt 0.430187 0.527705
vt 0.393073 0.552147
vt 0.396167 0.538865
vt 0.430581 0.526532
vt 0.613276 0.141462
vt 0.613788 0.132626
vt 0.613276 0.141462
vt 0.547461 0.276725
vt 0.547220 0.306413
vt 0.547711 0.168595
vt 0.509550 0.179610
vt 0.509550 0.179610
vt 0.435537 0.179710
vt 0.474317 0.190087
vt 0.463187 0.192782
vt 0.406617 0.179202
vt 0.563784 0.164999
vt 0.563783 0.164999
vt 0.580802 0.162063
vt 0.563821 0.165872
vt 0.397513 0.166016
vt 0.389116 0.153855
vt 0.564010 0.170236
vt 0.581063 0.166363
vt 0.581134 0.171597
vt 0.564160 0.175489
vt 0.375000 0.615161
vt 0.611984 0.163766
vt 0.563952 0.180819
vt 0.548550 0.184310
vt 0.548064 0.179180
vt 0.396835 0.165035
vt 0.398009 0.165029
vt 0.388435 0.152870
vt 0.388469 0.152918
vt 0.434878 0.179398
vt 0.479771 0.188171
vt 0.470109 0.191531
vt 0.406617 0.179202
vt 0.613014 0.145987
vt 0.608809 0.169184
vt 0.388402 0.152822
vt 0.397758 0.163410
vt 0.434214 0.180656
vt 0.434374 0.179124
vt 0.407666 0.174622
vt 0.408249 0.177942
vt 0.465359 0.189990
vt 0.457201 0.191788
vt 0.405202 0.177152
vt 0.433141 0.179999
vt 0.565191 0.148077
vt 0.549534 0.150095
vt 0.551301 0.133134
vt 0.566556 0.131931
vt 0.564521 0.163292
vt 0.581711 0.145937
vt 0.580910 0.158659
vt 0.498423 0.138439
vt 0.497602 0.138431
vt 0.433913 0.162741
vt 0.607343 0.153589
vt 0.613276 0.141462
vt 0.563784 0.165000
vt 0.547711 0.168595
vt 0.548991 0.167689
vt 0.613276 0.141462
vt 0.509550 0.179610
vt 0.514908 0.152986
vt 0.582673 0.130671
vt 0.614044 0.128208
vt 0.608015 0.142208
vt 0.524451 0.135782
vt 0.613276 0.141462
vt 0.604769 0.152941
vt 0.611427 0.148696
vt 0.609839 0.151404
vt 0.479670 0.155560
vt 0.398190 0.166997
vt 0.392572 0.158860
vt 0.389763 0.154792
vt 0.435457 0.179510
vt 0.479733 0.188328
vt 0.398077 0.166834
vt 0.563785 0.164998
vt 0.480748 0.188423
vt 0.470109 0.191531
vt 0.479534 0.185450
vt 0.434880 0.179395
vt 0.479377 0.188117
vt 0.387383 0.531250
vt 0.377064 0.562500
vt 0.563782 0.164999
vt 0.434856 0.179406
vt 0.479602 0.188120
vt 0.375000 0.562500
vt 0.375000 0.580550
vt 0.543605 0.500000
vt 0.527836 0.500000
vt 0.514203 0.500000
vt 0.530883 0.500000
vt 0.381375 0.154378
vt 0.395794 0.179065
vt 0.363057 0.158814
vt 0.399276 0.505786
vt 0.374068 0.549492
vt 0.401134 0.528603
vt 0.281040 0.368422
vt 0.422488 0.250582
vt 0.407484 0.250663
vt 0.126133 0.486527
vt 0.485351 0.316062
vt 0.534814 0.499893
vt 0.669401 0.562840
vt 0.660078 0.535342
vt 0.718290 0.533582
vt 0.504728 0.310034
vt 0.512457 0.284904
vt 0.242531 0.529918
vt 0.252928 0.493809
vt 0.474664 0.346398
vt 0.440879 0.400295
vt 0.450697 0.352698
vt 0.375000 0.571559
vt 0.366591 0.541218
vt 0.567531 0.500000
vt 0.568262 0.499841
vt 0.375000 0.625000
vt 0.456378 0.228515
vt 0.498876 0.243717
vt 0.520018 0.246320
vt 0.530254 0.244034
vt 0.531518 0.250876
vt 0.524274 0.252028
vt 0.470035 0.500000
vt 0.410884 0.505208
vt 0.407990 0.505208
vt 0.461490 0.500000
vt 0.489930 0.517639
vt 0.523785 0.499358
vt 0.485895 0.500445
vt 0.388363 0.531250
vt 0.536909 0.498659
vt 0.545996 0.499777
vt 0.435248 0.179440
vt 0.479760 0.188186
vt 0.529024 0.263357
vt 0.519564 0.266524
vt 0.230951 0.499534
vt 0.399045 0.364104
vt 0.548999 0.498000
vt 0.524953 0.497317
vt 0.539095 0.496000
vt 0.514551 0.448924
vt 0.538619 0.385284
vt 0.538775 0.444499
vt 0.129015 0.557322
vt 0.125706 0.559319
vt 0.129236 0.543416
vt 0.136969 0.536262
vt 0.279347 0.564425
vt 0.330303 0.625000
vt 0.277329 0.594998
vt 0.654850 0.464846
vt 0.653621 0.522134
vt 0.647164 0.508926
vt 0.591409 0.396109
vt 0.730412 0.625000
vt 0.673719 0.625000
vt 0.672960 0.593516
vt 0.351343 0.451075
vt 0.393056 0.460960
vt 0.127182 0.486713
vt 0.408967 0.250985
vt 0.129951 0.507970
vt 0.435253 0.179491
vt 0.480027 0.188185
vt 0.502111 0.284543
vt 0.501407 0.286188
vt 0.424238 0.252403
vt 0.282337 0.368607
vt 0.134498 0.524294
vt 0.127706 0.528492
vt 0.143862 0.505015
vt 0.157830 0.503860
vt 0.141943 0.520234
vt 0.501407 0.286188
vt 0.508443 0.269739
vt 0.407410 0.278109
vt 0.128232 0.486899
vt 0.226143 0.125000
vt 0.452286 0.250000
vt 0.202286 0.125000
vt 0.502111 0.284543
vt 0.412524 0.327009
vt 0.412526 0.326986
vt 0.404580 0.330282
vt 0.404572 0.330421
vt 0.274373 0.625000
vt 0.501407 0.286188
vt 0.231901 0.563703
vt 0.182390 0.564236
vt 0.228513 0.594700
vt 0.416501 0.325303
vt 0.132301 0.556377
vt 0.404587 0.330142
vt 0.375000 0.187500
vt 0.125000 0.563104
vt 0.125000 0.562732
vt 0.390898 0.405759
vt 0.330277 0.534940
vt 0.452286 0.309949
vt 0.488072 0.294596
vt 0.492048 0.292890
vt 0.452286 0.309949
vt 0.432405 0.318479
vt 0.492048 0.292890
vt 0.434393 0.317626
vt 0.432406 0.318467
vt 0.452286 0.309949
vt 0.452286 0.309949
vt 0.225538 0.489347
vt 0.225537 0.489347
vt 0.434393 0.317626
vt 0.412524 0.327009
vt 0.137567 0.553356
vt 0.175269 0.525923
vt 0.492050 0.292843
vt 0.452302 0.309671
vt 0.428437 0.320046
vt 0.212970 0.498491
vt 0.217159 0.495443
vt 0.175269 0.525923
vt 0.212970 0.498491
vt 0.133378 0.556404
vt 0.175269 0.525924
vt 0.497825 0.519946
vt 0.490643 0.531972
vt 0.489886 0.531481
vt 0.496476 0.519174
vt 0.410060 0.244792
vt 0.404572 0.250000
vt 0.508443 0.269739
vt 0.493455 0.289600
vt 0.428429 0.320185
vt 0.112769 0.244674
vt 0.133378 0.556404
vt 0.516896 0.250000
vt 0.168807 0.525761
vt 0.174192 0.525896
vt 0.133199 0.556399
vt 0.439508 0.253821
vt 0.437492 0.250501
vt 0.363188 0.512257
vt 0.389637 0.218577
vt 0.508458 0.250000
vt 0.445488 0.313216
vt 0.450466 0.310824
vt 0.443037 0.250156
vt 0.435947 0.250317
vt 0.406002 0.250340
vt 0.125359 0.489610
vt 0.469008 0.252554
vt 0.461429 0.263341
vt 0.515479 0.253290
vt 0.516886 0.250000
vt 0.225537 0.489347
vt 0.217159 0.495443
vt 0.404665 0.328749
vt 0.222307 0.489266
vt 0.212615 0.489022
vt 0.516886 0.250000
vt 0.125002 0.562430
vt 0.502111 0.284543
vt 0.404850 0.325406
vt 0.199692 0.488697
vt 0.404757 0.327078
vt 0.404711 0.327913
vt 0.515479 0.253290
vt 0.139180 0.514654
vt 0.134498 0.524294
vt 0.128828 0.518231
vt 0.125993 0.516800
vt 0.126414 0.517511
vt 0.126154 0.527579
vt 0.516885 0.250000
vt 0.404572 0.330421
vt 0.404587 0.330142
vt 0.452302 0.309671
vt 0.488072 0.294596
vt 0.412524 0.327009
vt 0.416501 0.325303
vt 0.488072 0.294596
vt 0.492048 0.292890
vt 0.225538 0.489347
vt 0.492048 0.292890
vt 0.129015 0.557322
vt 0.132301 0.556377
vt 0.156418 0.539640
vt 0.154324 0.541163
vt 0.137567 0.553356
vt 0.217159 0.495443
vt 0.494422 0.288537
vt 0.492063 0.292611
vt 0.154324 0.541164
vt 0.404757 0.327078
vt 0.219076 0.489184
vt 0.215845 0.489103
vt 0.206153 0.488859
vt 0.508443 0.269739
vt 0.515479 0.253290
vt 0.515478 0.253290
vt 0.452379 0.308278
vt 0.412526 0.326986
vt 0.205852 0.495159
vt 0.223922 0.489306
vt 0.215275 0.495396
vt 0.150554 0.541069
vt 0.153695 0.541148
vt 0.216621 0.495430
vt 0.374877 0.532088
vt 0.156418 0.539639
vt 0.175269 0.525923
vt 0.404664 0.328749
vt 0.125706 0.559319
vt 0.225537 0.489347
vt 0.225537 0.489347
vt 0.217159 0.495443
vt 0.125480 0.527833
vt 0.125509 0.539329
vt 0.373477 0.498935
vt 0.475693 0.250149
vt 0.487972 0.250169
vt 0.465911 0.250338
vt 0.460457 0.250273
vt 0.516182 0.250000
vt 0.516710 0.250000
vt 0.405287 0.250170
vt 0.124586 0.492693
vt 0.125451 0.516337
vt 0.436622 0.499796
vt 0.440407 0.297625
vt 0.471226 0.281028
vt 0.450445 0.305388
vt 0.485286 0.265481
vt 0.504583 0.269029
vt 0.492314 0.252740
vt 0.405398 0.314484
vt 0.180271 0.484495
vt 0.431424 0.286977
vt 0.163263 0.523591
vt 0.136969 0.536262
vt 0.385417 0.505208
vt 0.394145 0.532989
vt 0.375000 0.565978
vt 0.375000 0.569456
vt 0.805086 0.513989
vt 0.677984 0.436410
vt 0.500000 0.289478
vt 0.483276 0.541071
vt 0.478582 0.549151
vt 0.376010 0.503246
vt 0.444151 0.500000
vt 0.375236 0.625000
vt 0.374998 0.562491
vt 0.375000 0.562500
vt 0.375000 0.562500
vt 0.375000 0.562500
vt 0.465972 0.500372
vt 0.409357 0.500049
vt 0.404572 0.250000
vt 0.150135 0.544212
vt 0.154323 0.541164
vt 0.154323 0.541164
vt 0.154324 0.541164
vt 0.420503 0.625000
vt 0.418050 0.612839
vt 0.418504 0.612923
vt 0.421059 0.625000
vt 0.411458 0.502604
vt 0.411458 0.502604
vt 0.453396 0.275158
vt 0.493448 0.249922
vt 0.493412 0.249532
vt 0.215275 0.495396
vt 0.149887 0.512047
vt 0.157830 0.503860
vt 0.149179 0.524828
vt 0.375000 0.531250
vt 0.141943 0.520234
vt 0.133378 0.556404
vt 0.416068 0.599175
vt 0.404695 0.612277
vt 0.419139 0.613491
vt 0.205852 0.495159
vt 0.375000 0.599471
vt 0.375000 0.616508
vt 0.494422 0.288537
vt 0.492063 0.292611
vt 0.431173 0.247396
vt 0.450445 0.305388
vt 0.452379 0.308278
vt 0.428568 0.317678
vt 0.325069 0.397042
vt 0.125000 0.565619
vt 0.374741 0.187475
vt 0.614044 0.128208
vt 0.431173 0.247396
vt 0.452228 0.249533
vt 0.338912 0.399648
vt 0.428429 0.320185
vt 0.175269 0.525923
vt 0.432405 0.318479
vt 0.125425 0.516821
vt 0.125495 0.539714
vt 0.375000 0.616048
vt 0.375000 0.616157
vt 0.621035 0.564292
vt 0.622073 0.563621
vt 0.124793 0.527597
vt 0.375000 0.599681
vt 0.545914 0.445784
vt 0.546483 0.497774
vt 0.375000 0.580618
vt 0.568903 0.531998
vt 0.570159 0.527905
vt 0.570580 0.525157
vt 0.284198 0.369883
vt 0.420974 0.250329
vt 0.545699 0.386957
vt 0.388671 0.597579
vt 0.390452 0.565774
vt 0.390324 0.566268
vt 0.381796 0.594326
vt 0.453396 0.275158
vt 0.471226 0.281028
vt 0.431424 0.286977
vt 0.422902 0.306054
vt 0.305848 0.385736
vt 0.625000 0.597387
vt 0.624765 0.586975
vt 0.621682 0.583013
vt 0.315194 0.392110
vt 0.485286 0.265481
vt 0.514775 0.254935
vt 0.616253 0.533992
vt 0.607505 0.536735
vt 0.062293 0.246347
vt 0.443037 0.250156
vt 0.424162 0.250163
vt 0.545565 0.335506
vt 0.556847 0.500005
vt 0.405958 0.505208
vt 0.458652 0.520624
vt 0.614067 0.624997
vt 0.624682 0.625000
vt 0.623888 0.610625
vt 0.620528 0.603541
vt 0.514513 0.506819
vt 0.510811 0.498635
vt 0.287160 0.497846
vt 0.379875 0.460751
vt 0.559876 0.500000
vt 0.623888 0.610625
vt 0.623179 0.625000
vt 0.616868 0.602357
vt 0.768393 0.531692
vt 0.806992 0.529375
vt 0.390027 0.531540
vt 0.374349 0.155933
vt 0.398637 0.172171
vt 0.434423 0.219292
vt 0.418150 0.206573
vt 0.429213 0.236246
vt 0.426464 0.224454
vt 0.492883 0.559545
vt 0.487453 0.570502
vt 0.476011 0.562565
vt 0.481970 0.551912
vt 0.544302 0.234257
vt 0.544459 0.241833
vt 0.494155 0.246742
vt 0.451385 0.233618
vt 0.617844 0.516152
vt 0.620272 0.533202
vt 0.620601 0.515385
vt 0.371715 0.186702
vt 0.381171 0.185291
vt 0.581134 0.171597
vt 0.581063 0.166363
vt 0.600561 0.522584
vt 0.605575 0.508940
vt 0.610774 0.521123
vt 0.435179 0.162761
vt 0.505365 0.170189
vt 0.472073 0.172134
vt 0.549534 0.150095
vt 0.565194 0.148071
vt 0.436038 0.179760
vt 0.480136 0.188166
vt 0.580750 0.161203
vt 0.393533 0.557064
vt 0.414964 0.539472
vt 0.430581 0.526532
vt 0.412743 0.536807
vt 0.630146 0.156226
vt 0.605635 0.174601
vt 0.624174 0.181285
vt 0.611427 0.148696
vt 0.526107 0.207827
vt 0.553593 0.191378
vt 0.504430 0.188431
vt 0.445237 0.188888
vt 0.580234 0.177129
vt 0.625314 0.495781
vt 0.660078 0.535342
vt 0.718290 0.533582
vt 0.715452 0.519710
vt 0.488168 0.530349
vt 0.494491 0.517366
vt 0.494693 0.517694
vt 0.487470 0.532290
vt 0.623347 0.514551
vt 0.375000 0.616097
vt 0.375000 0.522250
vt 0.375000 0.521171
vt 0.405692 0.624078
vt 0.361192 0.621501
vt 0.379133 0.610753
vt 0.479566 0.188070
vt 0.434813 0.179416
vt 0.125000 0.609655
vt 0.346222 0.184692
vt 0.352692 0.181460
vt 0.434277 0.190665
vt 0.460888 0.206708
vt 0.404479 0.330487
vt 0.515479 0.253290
vt 0.125000 0.562500
vt 0.375000 0.575262
vt 0.374404 0.561169
vt 0.392301 0.511573
vt 0.396930 0.517990
vt 0.392513 0.509475
vt 0.384324 0.512715
vt 0.398675 0.516346
vt 0.413814 0.343839
vt 0.323092 0.411227
vt 0.564009 0.170236
vt 0.547853 0.173905
vt 0.548064 0.179180
vt 0.564154 0.175491
vt 0.380417 0.596901
vt 0.377772 0.625000
vt 0.376061 0.625000
vt 0.375000 0.617140
vt 0.406250 0.500000
vt 0.599987 0.502423
vt 0.597756 0.502805
vt 0.598408 0.501796
vt 0.598752 0.502174
vt 0.566042 0.307744
vt 0.566503 0.279902
vt 0.839786 0.526411
vt 0.450155 0.500000
vt 0.493321 0.248548
vt 0.125000 0.568101
vt 0.451941 0.247217
vt 0.451231 0.241498
vt 0.430528 0.243695
vt 0.125000 0.571957
vt 0.427375 0.523608
vt 0.455590 0.500000
vt 0.606109 0.528455
vt 0.623692 0.535242
vt 0.622988 0.520400
vt 0.461573 0.512288
vt 0.478512 0.509238
vt 0.435880 0.521692
vt 0.423352 0.521806
vt 0.874954 0.561608
vt 0.872124 0.518403
vt 0.874838 0.526487
vt 0.858963 0.521302
vt 0.858735 0.592428
vt 0.857249 0.625000
vt 0.469392 0.519038
vt 0.487529 0.516931
vt 0.475965 0.516354
vt 0.443274 0.523579
vt 0.622636 0.532226
vt 0.375000 0.576917
vt 0.375000 0.601122
vt 0.375000 0.616976
vt 0.564431 0.164537
vt 0.623037 0.520357
vt 0.376229 0.563608
vt 0.125000 0.577190
vt 0.468132 0.625000
vt 0.473677 0.613268
vt 0.480463 0.613585
vt 0.473668 0.625000
vt 0.622073 0.563621
vt 0.556923 0.498957
vt 0.564263 0.263294
vt 0.389033 0.536770
vt 0.490971 0.207380
vt 0.563332 0.250274
vt 0.534602 0.550198
vt 0.531014 0.550314
vt 0.538189 0.536460
vt 0.541689 0.536599
vt 0.527906 0.575403
vt 0.484609 0.614452
vt 0.510036 0.589161
vt 0.447291 0.532691
vt 0.429141 0.533255
vt 0.507383 0.563630
vt 0.514740 0.551272
vt 0.523313 0.563357
vt 0.400370 0.605759
vt 0.388539 0.602181
vt 0.387334 0.625000
vt 0.399878 0.625000
vt 0.421614 0.625000
vt 0.482691 0.599146
vt 0.463309 0.613810
vt 0.470174 0.598993
vt 0.414980 0.545294
vt 0.427888 0.546476
vt 0.418814 0.570537
vt 0.407723 0.565586
vt 0.462600 0.625000
vt 0.411458 0.502604
vt 0.607433 0.531171
vt 0.618059 0.566220
vt 0.493429 0.289610
vt 0.493455 0.289600
vt 0.600021 0.502048
vt 0.598586 0.501158
vt 0.600439 0.509598
vt 0.601469 0.514410
vt 0.551328 0.536803
vt 0.555468 0.524769
vt 0.566706 0.529410
vt 0.563449 0.540999
vt 0.417968 0.517060
vt 0.395634 0.539582
vt 0.386874 0.531615
vt 0.598169 0.501590
vt 0.600248 0.508274
vt 0.599984 0.507791
vt 0.600827 0.509729
vt 0.597345 0.500000
vt 0.620163 0.559901
vt 0.619496 0.590580
vt 0.614279 0.557959
vt 0.621558 0.596813
vt 0.539145 0.336223
vt 0.521641 0.305476
vt 0.387310 0.573520
vt 0.390949 0.581351
vt 0.384022 0.600147
vt 0.567965 0.539854
vt 0.570571 0.525123
vt 0.568958 0.531821
vt 0.579318 0.527053
vt 0.609425 0.568389
vt 0.619127 0.582325
vt 0.624312 0.596411
vt 0.618661 0.576101
vt 0.592908 0.518109
vt 0.577652 0.514345
vt 0.542333 0.506039
vt 0.612580 0.546254
vt 0.611544 0.544851
vt 0.617532 0.563600
vt 0.623709 0.585478
vt 0.446329 0.521059
vt 0.403841 0.538739
vt 0.402304 0.540184
vt 0.598575 0.500503
vt 0.599680 0.502196
vt 0.622077 0.559207
vt 0.598368 0.500000
vt 0.602338 0.606233
vt 0.590639 0.578574
vt 0.585070 0.578329
vt 0.589322 0.569489
vt 0.622339 0.564996
vt 0.625000 0.568576
vt 0.391812 0.564310
vt 0.408238 0.540750
vt 0.429687 0.528144
vt 0.621473 0.566793
vt 0.624276 0.573422
vt 0.599719 0.507308
vt 0.603278 0.518207
vt 0.604275 0.521957
vt 0.603932 0.521305
vt 0.590721 0.624957
vt 0.602972 0.580499
vt 0.486391 0.510713
vt 0.625000 0.571875
vt 0.599050 0.500484
vt 0.507047 0.507901
vt 0.509603 0.504415
vt 0.421244 0.571773
vt 0.416599 0.596623
vt 0.414120 0.595044
vt 0.449996 0.613941
vt 0.454774 0.596737
vt 0.602333 0.513360
vt 0.618104 0.554803
vt 0.604965 0.521176
vt 0.624214 0.597093
vt 0.614786 0.539828
vt 0.622517 0.575698
vt 0.616310 0.541553
vt 0.618619 0.559064
vt 0.613890 0.546004
vt 0.624596 0.597042
vt 0.623113 0.580475
vt 0.580836 0.572107
vt 0.503802 0.585361
vt 0.582313 0.566415
vt 0.622886 0.579578
vt 0.622540 0.575237
vt 0.599281 0.501463
vt 0.613723 0.543057
vt 0.621608 0.574968
vt 0.601365 0.503751
vt 0.585968 0.608643
vt 0.497958 0.548787
vt 0.503191 0.538007
vt 0.521698 0.538531
vt 0.604456 0.519049
vt 0.612434 0.543038
vt 0.604252 0.519694
vt 0.418050 0.612839
vt 0.414838 0.611500
vt 0.420461 0.625000
vt 0.551427 0.241440
vt 0.547682 0.250054
vt 0.570339 0.240373
vt 0.479753 0.550072
vt 0.473506 0.560663
vt 0.473050 0.560468
vt 0.618201 0.559856
vt 0.596937 0.505107
vt 0.466827 0.576522
vt 0.590036 0.578874
vt 0.582983 0.582387
vt 0.582983 0.582387
vt 0.590338 0.578724
vt 0.622083 0.570988
vt 0.619080 0.562247
vt 0.510812 0.616436
vt 0.588390 0.608665
vt 0.329209 0.595651
vt 0.579641 0.551201
vt 0.622862 0.601984
vt 0.581549 0.508978
vt 0.594239 0.510022
vt 0.499874 0.574581
vt 0.582536 0.562758
vt 0.581712 0.572356
vt 0.537150 0.508440
vt 0.529012 0.505040
vt 0.550626 0.503089
vt 0.560540 0.509116
vt 0.580636 0.521048
vt 0.602431 0.518981
vt 0.535374 0.501328
vt 0.569459 0.508061
vt 0.554778 0.501963
vt 0.568733 0.533894
vt 0.569977 0.524768
vt 0.577173 0.525124
vt 0.768072 0.504010
vt 0.594145 0.314201
vt 0.421670 0.571926
vt 0.430920 0.546987
vt 0.455329 0.519534
vt 0.418712 0.532973
vt 0.560399 0.515436
vt 0.146139 0.540456
vt 0.480454 0.582519
vt 0.592134 0.522517
vt 0.498563 0.618074
vt 0.491965 0.599383
vt 0.472223 0.628108
vt 0.471364 0.559241
vt 0.472106 0.559883
vt 0.478582 0.549151
vt 0.477977 0.548537
vt 0.562429 0.501810
vt 0.492318 0.585173
vt 0.624994 0.610765
vt 0.484609 0.614452
vt 0.489477 0.500107
vt 0.436725 0.500643
vt 0.504765 0.529135
vt 0.466617 0.517146
vt 0.495429 0.513988
vt 0.516374 0.503590
vt 0.520956 0.505834
vt 0.502827 0.586391
vt 0.504906 0.586884
vt 0.460356 0.508730
vt 0.397074 0.562997
vt 0.393743 0.546180
vt 0.543925 0.521811
vt 0.570471 0.524738
vt 0.585055 0.532898
vt 0.550550 0.504590
vt 0.521369 0.504645
vt 0.516329 0.507235
vt 0.401952 0.547619
vt 0.625000 0.595278
vt 0.625000 0.566405
vt 0.624515 0.563019
vt 0.625000 0.594061
vt 0.493631 0.533820
vt 0.498969 0.520513
vt 0.503421 0.517261
vt 0.872276 0.593594
vt 0.874987 0.593539
vt 0.874954 0.561608
vt 0.453985 0.590947
vt 0.454806 0.590388
vt 0.463656 0.575212
vt 0.462899 0.575666
vt 0.462680 0.517127
vt 0.546774 0.522643
vt 0.549047 0.512754
vt 0.503896 0.271462
vt 0.485038 0.292777
vt 0.517601 0.575218
vt 0.528106 0.562695
vt 0.540585 0.561044
vt 0.564344 0.558904
vt 0.375000 0.615883
vt 0.449996 0.613941
vt 0.449654 0.625000
vt 0.463309 0.613810
vt 0.568040 0.615067
vt 0.486584 0.515752
vt 0.449587 0.625000
vt 0.446898 0.614017
vt 0.543925 0.521811
vt 0.611829 0.540812
vt 0.604021 0.624982
vt 0.568903 0.531998
vt 0.590338 0.578724
vt 0.402436 0.588009
vt 0.624827 0.624832
vt 0.624437 0.610988
vt 0.600725 0.605675
vt 0.538826 0.500000
vt 0.527151 0.500000
vt 0.519982 0.500000
vt 0.606048 0.528490
vt 0.598408 0.501796
vt 0.446898 0.614017
vt 0.440879 0.400295
vt 0.406236 0.461169
vt 0.400370 0.605759
vt 0.584756 0.562800
vt 0.567207 0.546193
vt 0.567197 0.546277
vt 0.566507 0.552042
vt 0.524708 0.528770
vt 0.496833 0.511645
vt 0.531968 0.510954
vt 0.473677 0.613268
vt 0.567187 0.546360
vt 0.584947 0.562202
vt 0.428315 0.320251
vt 0.375000 0.601493
vt 0.527965 0.508112
vt 0.492920 0.511354
vt 0.522563 0.506329
vt 0.379212 0.601205
vt 0.382724 0.596362
vt 0.380170 0.625000
vt 0.653440 0.521772
vt 0.225537 0.489347
vt 0.217159 0.495443
vt 0.621864 0.600926
vt 0.603375 0.517795
vt 0.625000 0.562500
vt 0.625000 0.531250
vt 0.622636 0.532226
vt 0.625000 0.564452
vt 0.509240 0.505915
vt 0.545430 0.501684
vt 0.550017 0.502181
vt 0.487338 0.542609
vt 0.513432 0.575283
vt 0.461656 0.459172
vt 0.485042 0.540908
vt 0.608509 0.550828
vt 0.589047 0.579489
vt 0.498380 0.600023
vt 0.602952 0.514867
vt 0.621745 0.559935
vt 0.591107 0.558585
vt 0.608272 0.551433
vt 0.508444 0.250000
vt 0.508448 0.250000
vt 0.581583 0.554297
vt 0.563786 0.164998
vt 0.564440 0.164534
vt 0.580750 0.161203
vt 0.514070 0.253291
vt 0.386055 0.500000
vt 0.380527 0.531250
vt 0.513552 0.596142
vt 0.544407 0.549886
vt 0.558903 0.500000
vt 0.373729 0.555427
vt 0.370164 0.534993
vt 0.478473 0.515800
vt 0.473641 0.521708
vt 0.452614 0.532620
vt 0.410080 0.501623
vt 0.411990 0.502924
vt 0.223538 0.491267
vt 0.399905 0.333760
vt 0.488754 0.513444
vt 0.482319 0.514965
vt 0.477369 0.514440
vt 0.487173 0.513820
vt 0.618635 0.561466
vt 0.619127 0.582325
vt 0.580376 0.528482
vt 0.570182 0.527775
vt 0.375000 0.576917
vt 0.508533 0.249999
vt 0.612255 0.541307
vt 0.583499 0.533501
vt 0.608139 0.551646
vt 0.568931 0.531909
vt 0.590170 0.545205
vt 0.577638 0.545024
vt 0.422045 0.572189
vt 0.615287 0.520095
vt 0.580510 0.528662
vt 0.583755 0.533916
vt 0.391812 0.564310
vt 0.480203 0.188216
vt 0.435254 0.179498
vt 0.567261 0.546110
vt 0.584851 0.562501
vt 0.581712 0.572355
vt 0.612741 0.540045
vt 0.612498 0.540676
vt 0.583243 0.533086
vt 0.566525 0.551907
vt 0.446404 0.518410
vt 0.442742 0.522579
vt 0.404918 0.539552
vt 0.401115 0.538822
vt 0.383380 0.625000
vt 0.380951 0.602700
vt 0.480511 0.613808
vt 0.491965 0.599383
vt 0.482288 0.599392
vt 0.508429 0.269744
vt 0.493004 0.289770
vt 0.465911 0.250338
vt 0.488307 0.529961
vt 0.492731 0.518902
vt 0.492731 0.518902
vt 0.488307 0.529961
vt 0.567952 0.540194
vt 0.566489 0.552177
vt 0.452151 0.310014
vt 0.581287 0.573344
vt 0.483001 0.540239
vt 0.487240 0.533649
vt 0.569021 0.531796
vt 0.546018 0.511693
vt 0.608967 0.549657
vt 0.582963 0.582638
vt 0.599032 0.573210
vt 0.460501 0.574570
vt 0.461079 0.575202
vt 0.449254 0.594851
vt 0.448969 0.593073
vt 0.516710 0.250000
vt 0.489042 0.531770
vt 0.468911 0.551936
vt 0.480468 0.541066
vt 0.475218 0.550029
vt 0.464957 0.561663
vt 0.375000 0.520643
vt 0.390323 0.566268
vt 0.381796 0.594326
vt 0.444737 0.625000
vt 0.442482 0.608535
vt 0.443712 0.610970
vt 0.446219 0.625000
vt 0.492314 0.252740
vt 0.469008 0.252554
vt 0.413918 0.500000
vt 0.417699 0.500000
vt 0.444981 0.499956
vt 0.125011 0.523876
vt 0.478371 0.515830
vt 0.478268 0.515861
vt 0.451547 0.528804
vt 0.424289 0.545114
vt 0.472106 0.559883
vt 0.472550 0.560230
vt 0.485418 0.532154
vt 0.489276 0.521522
vt 0.417047 0.596825
vt 0.446294 0.614323
vt 0.445634 0.614492
vt 0.449815 0.597371
vt 0.480264 0.515419
vt 0.445007 0.613538
vt 0.447702 0.625000
vt 0.808868 0.559004
vt 0.839786 0.526411
vt 0.449555 0.596730
vt 0.413145 0.542078
vt 0.563786 0.164998
vt 0.563782 0.164999
vt 0.451548 0.588389
vt 0.451996 0.587805
vt 0.460385 0.574444
vt 0.460721 0.573874
vt 0.389786 0.218750
vt 0.461697 0.575873
vt 0.462118 0.576072
vt 0.514908 0.152986
vt 0.401115 0.538822
vt 0.446404 0.518410
vt 0.471364 0.559241
vt 0.449805 0.589965
vt 0.440131 0.607381
vt 0.443946 0.588598
vt 0.453970 0.577241
vt 0.396540 0.562455
vt 0.494895 0.518023
vt 0.495128 0.518402
vt 0.448912 0.592717
vt 0.442236 0.608048
vt 0.442236 0.608048
vt 0.387612 0.581366
vt 0.416106 0.568488
vt 0.354787 0.604472
vt 0.345641 0.609864
vt 0.345641 0.609864
vt 0.377898 0.610883
vt 0.347988 0.609327
vt 0.326342 0.615905
vt 0.326342 0.615905
vt 0.347988 0.609327
vt 0.443553 0.600940
vt 0.316692 0.618925
vt 0.490035 0.514025
vt 0.490035 0.514025
vt 0.442236 0.608048
vt 0.443202 0.619127
vt 0.485272 0.514271
vt 0.387612 0.581366
vt 0.473469 0.523502
vt 0.484373 0.514511
vt 0.485395 0.495790
vt 0.490336 0.513068
vt 0.490035 0.514025
vt 0.456243 0.534143
vt 0.485395 0.495790
vt 0.486071 0.516985
vt 0.468233 0.532039
vt 0.448838 0.625000
vt 0.460385 0.574444
vt 0.482928 0.539013
vt 0.477335 0.547836
vt 0.470539 0.558528
vt 0.470082 0.558929
vt 0.508443 0.269739
vt 0.470539 0.558528
vt 0.516182 0.250000
vt 0.448088 0.625000
vt 0.391462 0.536930
vt 0.558903 0.500000
vt 0.536909 0.498659
vt 0.548865 0.500000
vt 0.548550 0.184310
vt 0.125993 0.516800
vt 0.482928 0.539013
vt 0.482940 0.539218
vt 0.338912 0.399648
vt 0.428429 0.320185
vt 0.156418 0.539640
vt 0.461166 0.572199
vt 0.174004 0.533791
vt 0.171233 0.530419
vt 0.477977 0.548537
vt 0.449083 0.523709
vt 0.425088 0.191467
vt 0.470676 0.558647
vt 0.475995 0.521546
vt 0.502111 0.284543
vt 0.477442 0.547953
vt 0.477335 0.547836
vt 0.472080 0.543618
vt 0.473541 0.534930
vt 0.481382 0.505115
vt 0.450391 0.519435
vt 0.462963 0.323768
vt 0.450697 0.352698
vt 0.442236 0.608048
vt 0.443202 0.619127
vt 0.563785 0.164999
vt 0.563784 0.164999
vt 0.443037 0.250156
vt 0.516886 0.250000
vt 0.456265 0.194033
vt 0.398009 0.165029
vt 0.447265 0.577809
vt 0.447604 0.569287
vt 0.440929 0.578282
vt 0.442849 0.587223
vt 0.497458 0.340982
vt 0.504728 0.310034
vt 0.445375 0.562381
vt 0.436301 0.561593
vt 0.425496 0.568880
vt 0.437603 0.569664
vt 0.316692 0.618925
vt 0.157830 0.503860
vt 0.161389 0.513393
vt 0.515478 0.253290
vt 0.426732 0.543621
vt 0.225537 0.489347
vt 0.406847 0.575044
vt 0.368517 0.589174
vt 0.420877 0.558820
vt 0.624972 0.515223
vt 0.456888 0.522320
vt 0.443958 0.555568
vt 0.444468 0.546207
vt 0.420423 0.567140
vt 0.453070 0.549700
vt 0.436301 0.561593
vt 0.459654 0.551029
vt 0.514775 0.254935
vt 0.515479 0.253290
vt 0.445375 0.562381
vt 0.459714 0.558284
vt 0.492838 0.391202
vt 0.489963 0.455156
vt 0.447604 0.569287
vt 0.457574 0.566396
vt 0.447265 0.577809
vt 0.375000 0.593749
vt 0.398368 0.500000
vt 0.399627 0.500000
vt 0.461490 0.500000
vt 0.479563 0.188122
vt 0.434986 0.179424
vt 0.487458 0.154616
vt 0.461738 0.172689
vt 0.475694 0.174713
vt 0.486109 0.515331
vt 0.619080 0.562247
vt 0.150135 0.544212
vt 0.412532 0.326870
vt 0.563785 0.164999
vt 0.563787 0.164998
vt 0.506523 0.500223
vt 0.396608 0.595449
vt 0.409976 0.596467
vt 0.446850 0.519293
vt 0.411670 0.362342
vt 0.519564 0.266524
vt 0.125000 0.566136
vt 0.535888 0.501520
vt 0.575445 0.500618
vt 0.542015 0.500328
vt 0.374915 0.518267
vt 0.374993 0.520027
vt 0.374973 0.535824
vt 0.125000 0.563643
vt 0.125000 0.565034
vt 0.375000 0.616961
vt 0.375000 0.617568
vt 0.407285 0.567021
vt 0.477335 0.547836
vt 0.470539 0.558528
vt 0.477335 0.547836
vt 0.396349 0.500138
vt 0.489720 0.499989
vt 0.874897 0.512621
vt 0.410060 0.244792
vt 0.452286 0.250000
vt 0.395634 0.539582
vt 0.125000 0.562806
vt 0.173967 0.527373
vt 0.567342 0.500005
vt 0.557812 0.498775
vt 0.565292 0.449270
vt 0.127182 0.486713
vt 0.579243 0.501294
vt 0.589262 0.500216
vt 0.125000 0.595017
vt 0.125000 0.599495
vt 0.622258 0.575233
vt 0.733262 0.378909
vt 0.402304 0.540184
vt 0.724680 0.393554
vt 0.858963 0.521302
vt 0.873092 0.492568
vt 0.407194 0.230995
vt 0.503137 0.500016
vt 0.500404 0.500094
vt 0.421839 0.506692
vt 0.392725 0.507376
vt 0.393056 0.460960
vt 0.513213 0.226434
vt 0.544460 0.241833
vt 0.316447 0.165222
vt 0.771275 0.560301
vt 0.724301 0.561297
vt 0.768393 0.531692
vt 0.726745 0.592689
vt 0.375000 0.577994
vt 0.625000 0.562977
vt 0.625000 0.559840
vt 0.374888 0.561841
vt 0.489606 0.500000
vt 0.177248 0.594815
vt 0.612508 0.154717
vt 0.125000 0.562517
vt 0.512457 0.284904
vt 0.509424 0.269876
vt 0.496972 0.290863
vt 0.624079 0.594166
vt 0.653286 0.463114
vt 0.767712 0.517046
vt 0.502180 0.500000
vt 0.859763 0.558859
vt 0.649108 0.192824
vt 0.874992 0.593179
vt 0.488947 0.500643
vt 0.375000 0.500000
vt 0.374998 0.562491
vt 0.515476 0.500000
vt 0.494945 0.500564
vt 0.506357 0.500094
vt 0.496684 0.500000
vt 0.605211 0.196513
vt 0.583619 0.184087
vt 0.150135 0.544212
vt 0.150135 0.544212
vt 0.385239 0.531250
vt 0.875000 0.624671
vt 0.397110 0.500000
vt 0.505599 0.500000
vt 0.375000 0.584000
vt 0.375000 0.572569
vt 0.518624 0.252975
vt 0.490742 0.290624
vt 0.374866 0.563622
vt 0.506977 0.270294
vt 0.564263 0.263294
vt 0.514072 0.253290
vt 0.625000 0.566405
vt 0.337002 0.401046
vt 0.375000 0.570809
vt 0.375000 0.568039
vt 0.368901 0.482401
vt 0.125000 0.564305
vt 0.125000 0.563007
vt 0.387383 0.531250
vt 0.140665 0.551102
vt 0.152578 0.542434
vt 0.138266 0.552847
vt 0.698356 0.419489
vt 0.840151 0.511103
vt 0.330973 0.418123
vt 0.430995 0.336712
vt 0.547329 0.261812
vt 0.483276 0.541071
vt 0.479037 0.549446
vt 0.279347 0.564424
vt 0.392513 0.509475
vt 0.424296 0.360580
vt 0.413814 0.343839
vt 0.338612 0.427194
vt 0.405909 0.178177
vt 0.540628 0.276285
vt 0.525503 0.279636
vt 0.374995 0.562482
vt 0.375000 0.573579
vt 0.412468 0.210069
vt 0.518883 0.235508
vt 0.374993 0.557527
vt 0.401543 0.215291
vt 0.874982 0.562014
vt 0.632921 0.128739
vt 0.650453 0.161047
vt 0.428429 0.320185
vt 0.590235 0.579711
vt 0.338912 0.399648
vt 0.451547 0.528804
vt 0.404942 0.323735
vt 0.428342 0.288643
vt 0.434770 0.269666
vt 0.126057 0.506044
vt 0.125425 0.516821
vt 0.453396 0.275158
vt 0.515479 0.253290
vt 0.374999 0.558056
vt 0.414880 0.500000
vt 0.394940 0.499752
vt 0.490317 0.499999
vt 0.452228 0.249533
vt 0.554660 0.500000
vt 0.479243 0.500000
vt 0.477678 0.500025
vt 0.537761 0.500041
vt 0.620593 0.515344
vt 0.479715 0.188136
vt 0.435533 0.179532
vt 0.387983 0.567466
vt 0.622090 0.531561
vt 0.528642 0.500241
vt 0.488085 0.530880
vt 0.487470 0.532290
vt 0.420831 0.505502
vt 0.547748 0.277654
vt 0.547711 0.168595
vt 0.434353 0.179872
vt 0.480074 0.188147
vt 0.563964 0.180817
vt 0.434789 0.179393
vt 0.479411 0.188087
vt 0.435907 0.181567
vt 0.468164 0.191673
vt 0.568204 0.187831
vt 0.375000 0.593750
vt 0.435916 0.179739
vt 0.479730 0.188053
vt 0.541090 0.261266
vt 0.470035 0.500000
vt 0.435048 0.179447
vt 0.479715 0.188130
vt 0.530254 0.244034
vt 0.467097 0.395825
vt 0.546481 0.496942
vt 0.451385 0.233618
vt 0.538619 0.385284
vt 0.388363 0.531250
vt 0.401726 0.500000
vt 0.403825 0.500000
vt 0.390027 0.531540
vt 0.538775 0.444499
vt 0.515792 0.252559
vt 0.515010 0.254386
vt 0.405398 0.314484
vt 0.128232 0.486899
vt 0.502111 0.284543
vt 0.368901 0.482401
vt 0.564717 0.390740
vt 0.475693 0.250149
vt 0.435385 0.179439
vt 0.479854 0.188216
vt 0.439508 0.253821
vt 0.407410 0.278109
vt 0.126133 0.486527
vt 0.500000 0.289478
vt 0.150716 0.543788
vt 0.173407 0.527278
vt 0.202286 0.165211
vt 0.226143 0.154975
vt 0.452471 0.306606
vt 0.452379 0.308278
vt 0.500000 0.289478
vt 0.174338 0.526601
vt 0.149844 0.544423
vt 0.137535 0.553380
vt 0.149902 0.544381
vt 0.150091 0.544243
vt 0.874838 0.526487
vt 0.434770 0.269666
vt 0.126054 0.508074
vt 0.493455 0.289600
vt 0.409901 0.244008
vt 0.465911 0.250338
vt 0.137531 0.553382
vt 0.137581 0.553346
vt 0.150076 0.544254
vt 0.493455 0.250000
vt 0.173407 0.527278
vt 0.132241 0.557231
vt 0.125873 0.561865
vt 0.125585 0.545266
vt 0.137693 0.553265
vt 0.137555 0.553365
vt 0.131279 0.557931
vt 0.131280 0.557931
vt 0.137538 0.553377
vt 0.175269 0.525923
vt 0.125063 0.562454
vt 0.131283 0.557928
vt 0.131423 0.557827
vt 0.131281 0.557930
vt 0.190192 0.515065
vt 0.132680 0.556912
vt 0.190214 0.515049
vt 0.174338 0.526601
vt 0.191305 0.514255
vt 0.125002 0.562430
vt 0.138062 0.552996
vt 0.139460 0.551979
vt 0.130858 0.558238
vt 0.131462 0.557798
vt 0.131315 0.557905
vt 0.146785 0.546649
vt 0.158840 0.537877
vt 0.126894 0.561122
vt 0.126879 0.561133
vt 0.125521 0.562121
vt 0.125004 0.562497
vt 0.125502 0.562135
vt 0.125109 0.562420
vt 0.514775 0.254935
vt 0.515479 0.253290
vt 0.225537 0.489347
vt 0.154324 0.541163
vt 0.156418 0.539639
vt 0.452286 0.309949
vt 0.412526 0.326986
vt 0.205852 0.495159
vt 0.146904 0.544130
vt 0.217069 0.495441
vt 0.224999 0.489334
vt 0.225537 0.489347
vt 0.217159 0.495443
vt 0.175269 0.525923
vt 0.125451 0.516337
vt 0.129951 0.507970
vt 0.405050 0.499366
vt 0.492314 0.252740
vt 0.163263 0.523591
vt 0.136969 0.536262
vt 0.469008 0.252554
vt 0.622540 0.575237
vt 0.619017 0.564112
vt 0.618733 0.565405
vt 0.622886 0.579578
vt 0.375041 0.519368
vt 0.375000 0.499503
vt 0.250000 0.562500
vt 0.417968 0.517060
vt 0.460356 0.508730
vt 0.377229 0.597437
vt 0.376080 0.599408
vt 0.444981 0.499956
vt 0.508721 0.249997
vt 0.149887 0.512047
vt 0.144132 0.543046
vt 0.381796 0.594326
vt 0.125359 0.489610
vt 0.443037 0.250156
vt 0.168807 0.525761
vt 0.485286 0.265481
vt 0.125000 0.563104
vt 0.132797 0.540191
vt 0.129236 0.543416
vt 0.133473 0.524333
vt 0.126674 0.507443
vt 0.125676 0.546642
vt 0.582838 0.584186
vt 0.602972 0.580499
vt 0.452286 0.309949
vt 0.500000 0.250000
vt 0.440407 0.297625
vt 0.127292 0.508841
vt 0.559876 0.500000
vt 0.567172 0.500000
vt 0.126351 0.530784
vt 0.562653 0.500000
vt 0.549350 0.500035
vt 0.545625 0.386841
vt 0.416332 0.588970
vt 0.420973 0.571883
vt 0.407221 0.564033
vt 0.403679 0.581269
vt 0.672960 0.593516
vt 0.228513 0.594700
vt 0.412743 0.536807
vt 0.503421 0.517261
vt 0.469269 0.190476
vt 0.437442 0.179636
vt 0.456378 0.228515
vt 0.547711 0.168595
vt 0.375000 0.500275
vt 0.625000 0.614687
vt 0.581130 0.572190
vt 0.591714 0.585380
vt 0.375000 0.605312
vt 0.875000 0.625000
vt 0.422697 0.323488
vt 0.875001 0.624343
vt 0.552540 0.507443
vt 0.624848 0.593994
vt 0.625000 0.594775
vt 0.374997 0.562482
vt 0.617510 0.520791
vt 0.623335 0.514541
vt 0.446329 0.521059
vt 0.489438 0.207196
vt 0.478447 0.207009
vt 0.554805 0.231468
vt 0.858323 0.501511
vt 0.714806 0.401215
vt 0.485452 0.514246
vt 0.490491 0.532206
vt 0.492901 0.534218
vt 0.423352 0.521806
vt 0.492700 0.584425
vt 0.619694 0.527530
vt 0.592175 0.522538
vt 0.576259 0.501576
vt 0.601444 0.514386
vt 0.622862 0.601984
vt 0.582205 0.590916
vt 0.610914 0.521466
vt 0.600740 0.522956
vt 0.526101 0.604265
vt 0.510572 0.625000
vt 0.451217 0.596297
vt 0.613699 0.542931
vt 0.545975 0.582134
vt 0.513552 0.596142
vt 0.549875 0.571103
vt 0.598169 0.501590
vt 0.610613 0.540474
vt 0.603278 0.518207
vt 0.576953 0.588567
vt 0.565705 0.597877
vt 0.482928 0.539013
vt 0.488307 0.529961
vt 0.470174 0.598993
vt 0.598533 0.575170
vt 0.611047 0.540350
vt 0.604252 0.519695
vt 0.603375 0.517795
vt 0.560399 0.515436
vt 0.473506 0.560663
vt 0.466827 0.576522
vt 0.476011 0.562565
vt 0.601465 0.502907
vt 0.521852 0.504771
vt 0.528502 0.505094
vt 0.624595 0.597438
vt 0.623104 0.580475
vt 0.482788 0.582448
vt 0.501098 0.538682
vt 0.768233 0.517851
vt 0.700569 0.421788
vt 0.539284 0.508080
vt 0.520956 0.505834
vt 0.527965 0.508112
vt 0.584998 0.505919
vt 0.560874 0.507002
vt 0.616310 0.541553
vt 0.772144 0.592235
vt 0.391994 0.576743
vt 0.509240 0.505915
vt 0.581475 0.509018
vt 0.580071 0.501489
vt 0.414502 0.561448
vt 0.516385 0.507290
vt 0.515166 0.503547
vt 0.603117 0.564885
vt 0.457969 0.591337
vt 0.455329 0.519534
vt 0.562270 0.577015
vt 0.520856 0.506359
vt 0.487240 0.533649
vt 0.489042 0.531770
vt 0.624429 0.610712
vt 0.616868 0.602357
vt 0.487338 0.542609
vt 0.479753 0.550072
vt 0.414120 0.595044
vt 0.496522 0.512224
vt 0.594267 0.533269
vt 0.561186 0.518152
vt 0.540585 0.561044
vt 0.487984 0.571958
vt 0.483822 0.592006
vt 0.463863 0.517090
vt 0.568931 0.531909
vt 0.589945 0.570397
vt 0.573693 0.535752
vt 0.492712 0.560515
vt 0.496730 0.550055
vt 0.512552 0.606285
vt 0.411670 0.362342
vt 0.420982 0.572791
vt 0.401952 0.547619
vt 0.472946 0.595256
vt 0.416599 0.596623
vt 0.479426 0.549771
vt 0.625000 0.593056
vt 0.473050 0.560468
vt 0.485272 0.514271
vt 0.608058 0.551854
vt 0.603098 0.563798
vt 0.608509 0.550828
vt 0.570136 0.528035
vt 0.626153 0.496766
vt 0.590810 0.559012
vt 0.570135 0.527532
vt 0.774420 0.625000
vt 0.567965 0.539854
vt 0.549387 0.518425
vt 0.452861 0.592074
vt 0.461697 0.575873
vt 0.452559 0.591564
vt 0.429436 0.560350
vt 0.417668 0.590120
vt 0.443712 0.610970
vt 0.445007 0.613537
vt 0.449555 0.596730
vt 0.449254 0.594851
vt 0.418504 0.612923
vt 0.417047 0.596825
vt 0.483013 0.538879
vt 0.405863 0.500322
vt 0.414538 0.571223
vt 0.420501 0.542979
vt 0.125039 0.541924
vt 0.448912 0.592717
vt 0.448155 0.593762
vt 0.418285 0.586442
vt 0.411090 0.589967
vt 0.427920 0.544318
vt 0.457547 0.571841
vt 0.453970 0.577241
vt 0.401115 0.538822
vt 0.390324 0.566268
vt 0.401115 0.538822
vt 0.445634 0.614492
vt 0.483001 0.540239
vt 0.428783 0.544705
vt 0.448912 0.592717
vt 0.386338 0.587343
vt 0.384265 0.594513
vt 0.384093 0.586767
vt 0.477432 0.547683
vt 0.471270 0.557403
vt 0.492731 0.518902
vt 0.384113 0.586751
vt 0.388457 0.590702
vt 0.403101 0.568602
vt 0.413145 0.542078
vt 0.449815 0.597371
vt 0.398741 0.587270
vt 0.451516 0.588451
vt 0.451992 0.587810
vt 0.392453 0.566657
vt 0.403120 0.539364
vt 0.451984 0.587823
vt 0.464957 0.561663
vt 0.468911 0.551936
vt 0.384040 0.586944
vt 0.472080 0.543619
vt 0.473541 0.534930
vt 0.452269 0.589841
vt 0.453386 0.532599
vt 0.489886 0.531481
vt 0.420729 0.559546
vt 0.484373 0.514511
vt 0.448392 0.542514
vt 0.545918 0.447099
vt 0.468233 0.532039
vt 0.457133 0.544876
vt 0.453070 0.549700
vt 0.462680 0.547352
vt 0.459654 0.551029
vt 0.462466 0.555808
vt 0.459714 0.558284
vt 0.460006 0.563687
vt 0.457574 0.566396
vt 0.455164 0.192850
vt 0.475955 0.206576
vt 0.418232 0.590377
vt 0.414586 0.583125
vt 0.412504 0.542081
vt 0.421534 0.572043
vt 0.619717 0.527548
vt 0.617479 0.520766
vt 0.509792 0.249697
vt 0.582410 0.531638
vt 0.161389 0.513393
vt 0.488895 0.586745
vt 0.874940 0.537318
vt 0.874768 0.508043
vt 0.724401 0.380745
vt 0.402884 0.505208
vt 0.432319 0.148763
vt 0.483311 0.155713
vt 0.474160 0.189927
vt 0.433209 0.180277
vt 0.625000 0.593056
vt 0.514771 0.552061
vt 0.546018 0.511693
vt 0.439508 0.253821
s 1
f 1316/1/1 1329/2/2 1299/3/3 1296/4/4
f 61/5/5 311/6/6 598/6/7 624/5/8
f 1083/7/9 1183/8/10 1184/9/11 1100/10/12
f 1075/11/13 281/12/14 1/13/15 292/14/16
f 2705/15/17 2704/16/18 1151/17/19 1087/18/20
f 1119/19/21 1115/20/22 1398/21/23 1396/22/24
f 1074/23/25 285/24/26 5/25/27 294/26/28
f 2009/27/29 2849/28/30 2862/29/31 2600/30/32
f 1161/31/33 817/32/34 276/33/35 1077/34/36
f 3547/35/37 3550/36/38 291/37/39 8/38/40
f 3456/39/41 3551/40/42 373/41/43 6/42/44
f 386/43/45 1043/44/46 397/45/47 67/46/48
f 1314/47/49 1306/48/50 1287/49/51 1293/50/52
f 296/51/53 1070/52/54 402/53/55 8/38/40
f 278/54/56 1069/55/57 383/56/58 62/57/59
f 1951/58/60 1710/59/61 1975/60/62 2633/61/63
f 302/62/64 1064/63/65 311/6/6 15/64/66
f 816/65/67 450/66/68 110/67/69 1179/68/70
f 3240/69/71 296/70/53 1071/71/72 3241/72/73
f 305/73/74 1067/74/75 307/75/76 21/76/77
f 304/58/78 1066/77/79 309/78/80 20/79/81
f 32/80/82 1065/81/83 16/82/84
f 1003/83/85 448/84/86 109/85/87 451/86/88
f 2561/87/89 2095/88/90 1700/89/91 1959/90/92
f 1076/91/93 1367/92/94 1364/93/95 1175/94/96
f 30/95/97 379/96/98 596/96/99 1011/95/100
f 23/97/101 316/98/102 1002/99/103 446/100/104
f 1302/101/105 1297/102/106 1289/103/107 1310/104/108
f 17/105/109 1239/106/110 26/107/111
f 1173/108/112 1174/109/113 32/110/82 1084/111/114
f 999/112/115 463/113/116 116/114/117 308/115/118
f 1185/116/119 1179/68/70 110/67/69 454/117/120
f 109/85/87 32/110/82 1174/109/113 451/86/88
f 337/118/121 1063/119/122 284/120/123 41/121/124
f 1655/122/125 1411/123/126 1406/124/127 1654/125/128
f 48/126/129 355/127/130 1060/128/131 345/129/132
f 317/130/133 1062/131/134 314/132/135 24/133/136
f 1061/134/137 345/129/132 38/135/138 332/136/139
f 1021/137/140 351/138/141 46/139/142 394/140/143
f 1060/128/131 299/141/144 40/142/145 333/136/146
f 64/143/147 363/144/148 65/145/149 389/146/150
f 1960/147/151 2594/148/152 313/149/153 22/150/154
f 1027/151/155 371/152/156 11/153/157 517/154/158
f 16/155/84 1065/81/83 303/156/159
f 3404/157/160 3506/158/161 1236/159/162 3/160/163
f 34/161/164 322/162/165 1314/47/49 1300/163/166
f 1059/164/167 515/165/168 53/166/169 365/167/170
f 146/168/171 509/169/172 971/170/173 524/171/174
f 1295/172/175 1300/173/166 1314/47/49 1293/50/52
f 817/32/34 453/174/176 107/175/177 276/176/35
f 1342/177/178 334/177/179 39/178/180 1336/179/181
f 461/180/182 1058/181/183 465/182/184 114/183/185
f 17/184/109 328/185/186 29/186/187
f 3551/187/42 3510/188/188 58/189/189 373/190/43
f 3374/191/190 3375/192/191 1955/193/192 1700/89/91
f 41/121/124 284/120/123 1053/194/193 331/195/194
f 3550/196/38 3456/197/41 6/198/44 291/199/39
f 958/200/195 601/201/196 158/202/197 567/203/198
f 1275/204/199 1269/204/200 96/204/201 434/204/202
f 27/205/203 395/206/204 1057/207/205 319/208/206
f 399/209/207 1057/207/205 395/206/204 70/210/208
f 1056/177/209 338/178/210 39/178/180 334/177/179
f 1996/211/211 1727/212/212 2004/213/213 2597/214/214
f 812/215/215 1049/177/216 431/177/217 94/215/218
f 1334/215/219 1340/216/220 330/217/221 37/218/222
f 1008/204/223 434/204/202 96/204/201 342/204/224
f 1055/219/225 344/220/226 37/218/222 330/217/221
f 647/200/227 197/221/228 665/200/229 153/222/230
f 1333/223/231 1345/224/232 335/224/233 43/225/234
f 335/224/233 1054/224/235 340/225/236 43/225/234
f 1335/178/237 1347/224/238 331/195/194 36/226/239
f 1268/227/240 1277/217/241 431/177/217 93/178/242
f 1053/194/193 348/228/243 36/226/239 331/195/194
f 3507/229/244 343/230/245 42/231/246 3508/232/247
f 427/233/248 1051/217/249 814/215/250 91/234/251
f 1664/235/252 1663/236/253 1523/237/254 1512/238/255
f 429/220/256 1050/220/257 435/220/258 92/220/259
f 386/43/45 1044/239/260 355/127/130 48/126/129
f 3425/204/261 1276/204/262 433/204/263 3459/204/264
f 1049/177/216 341/178/265 93/178/242 431/177/217
f 3459/204/264 3458/204/266 342/204/224 96/204/201
f 397/45/47 1047/240/267 513/241/268 67/46/48
f 1140/242/269 1142/243/270 1191/244/271 1199/245/272
f 3396/246/273 3410/247/274 60/248/275 1303/249/276
f 65/250/149 1046/251/277 385/252/278
f 3387/253/279 3479/254/280 1298/255/281 1323/256/282
f 1045/257/283 395/206/204 27/205/203 282/258/284
f 47/218/285 356/259/286 1061/134/137 344/220/226
f 355/127/130 1044/239/260 346/211/287 49/212/288
f 356/259/286 1043/44/46 386/43/45 48/126/129
f 73/260/289 644/261/290 1039/262/291 407/263/292
f 357/264/293 1042/265/294 394/140/143 46/139/142
f 897/266/295 654/263/296 407/263/292 79/266/297
f 1041/267/298 649/268/299 78/269/300 404/270/301
f 653/271/302 405/271/303 77/272/304 898/273/305
f 1040/274/306 411/275/307 77/272/304 405/271/303
f 407/263/292 1039/262/291 359/276/308 79/266/297
f 2598/277/309 1961/278/310 17/279/109
f 408/280/311 1038/281/312 361/282/313 75/283/314
f 191/284/315 163/285/316 579/286/317 923/287/318
f 1299/3/3 1304/288/319 1301/289/320 1296/4/4
f 1311/290/321 1305/291/322 1285/292/323 1290/293/324
f 3489/294/325 3490/295/326 361/282/313 1317/296/327
f 367/297/328 1037/298/329 512/299/330 7/300/331
f 1294/301/332 1286/302/333 1319/303/334 1327/304/335
f 819/305/336 809/306/337 275/307/338 753/308/339
f 375/309/340 1036/310/341 374/311/342 59/312/343
f 1025/313/344 350/314/345 52/315/346 349/316/347
f 354/317/348 1035/318/349 347/319/350 50/320/351
f 3510/321/188 3460/322/352 289/323/353 58/324/189
f 3216/325/354 3242/326/355 301/327/356 13/328/357
f 1004/329/358 318/147/359 35/330/360 449/331/361
f 2598/277/309 17/332/109 2021/309/362
f 380/333/363 1248/334/364 205/334/365 586/333/366
f 1032/335/367 518/336/368 35/330/360 318/147/359
f 1304/288/319 379/96/98 30/95/97 1301/289/320
f 523/337/369 964/338/370 1249/339/371 1241/340/372
f 206/341/373 954/342/374 417/343/375 1359/344/376
f 311/6/6 1064/63/65 543/63/377 598/6/7
f 2913/345/378 2922/346/379 2762/347/380 2763/348/381
f 319/208/206 1030/349/382 535/350/383 27/205/203
f 1029/351/384 533/352/385 2/353/386 282/258/284
f 1045/257/283 339/354/387 51/355/388 400/356/389
f 973/357/390 401/358/391 72/359/392 525/360/393
f 3351/361/394 2053/362/395 1692/38/396 3358/363/397
f 3323/364/398 977/365/399 476/365/400 3352/366/401
f 1028/367/402 378/368/403 53/166/169 384/369/404
f 1250/370/405 1241/340/372 150/371/406 517/154/158
f 902/372/407 656/372/408 409/372/409 80/372/410
f 1015/373/411 410/372/412 80/372/410 413/374/413
f 57/375/414 371/152/156 1027/151/155 372/376/415
f 1703/377/416 1962/378/417 2619/207/418 2044/206/419
f 1031/379/420 379/96/98 60/380/275 362/381/421
f 352/382/422 1026/383/423 349/316/347 52/315/346
f 3436/384/424 283/385/425 45/386/426 3443/387/427
f 390/388/428 1024/389/429 65/390/149 66/391/430
f 329/392/431 1022/393/432 393/394/433 68/395/434
f 47/218/285 398/396/435 1043/44/46 356/259/286
f 353/397/436 1023/398/437 398/396/435 47/218/285
f 9/399/438 401/358/391 973/357/390 531/400/439
f 28/401/440 320/402/441 1022/393/432 329/392/431
f 1314/47/49 322/162/165 9/399/438 1306/48/50
f 400/356/389 1021/137/140 391/403/442 70/210/208
f 511/404/443 974/405/444 369/406/445 142/407/446
f 2041/408/447 2582/409/448 929/409/449 948/408/450
f 3503/410/451 279/411/452 1246/412/453 3435/413/454
f 2941/414/455 2936/415/456 2939/416/457 2943/417/458
f 532/418/459 1019/419/460 370/420/461 147/421/462
f 3463/422/463 3462/423/464 1019/419/460 532/424/459
f 1018/425/465 401/358/391 9/399/438 322/162/165
f 14/426/466 370/420/461 1019/419/460 514/427/467
f 3547/428/37 3548/429/468 17/430/109 290/431/469
f 3454/432/470 153/433/230 3492/434/471
f 21/76/77 306/435/472 1018/425/465 305/73/74
f 569/436/473 671/437/474 662/372/475 1363/372/476
f 1275/204/199 434/204/202 95/438/477 1271/439/478
f 409/372/409 1017/440/479 413/374/413 80/372/410
f 645/200/480 198/27/481 669/200/482 960/27/483
f 1320/441/484 414/222/485 1016/442/486 1326/443/487
f 1270/220/488 1467/220/489 1475/220/490 1278/220/491
f 3200/444/492 3281/445/493 1941/446/494 2595/447/495
f 406/448/496 1016/442/486 414/222/485 76/449/497
f 410/372/412 1015/373/411 646/27/498 81/450/499
f 1329/2/2 1323/256/282 1298/255/281 1299/3/3
f 3413/451/500 3424/452/501 644/261/290 73/260/289
f 812/215/215 1006/220/502 1257/220/503 1255/215/504
f 671/437/474 569/436/473 189/453/505 192/454/506
f 1363/372/476 669/27/482 1013/200/507 569/436/473
f 181/372/508 551/372/509 918/372/510 617/372/511
f 168/372/512 550/372/513 916/455/514 662/372/475
f 1658/456/515 1657/457/516 1519/458/517 1520/459/518
f 1271/439/478 1488/460/519 1484/461/520 1468/439/521
f 421/372/522 1363/372/476 662/372/475 916/455/514
f 637/462/523 187/463/524 195/464/525 674/465/526
f 3492/466/471 3414/467/527 957/468/528 639/469/529
f 1313/470/530 1300/173/166 1295/172/175 1292/471/531
f 2093/27/532 2958/204/533 2952/204/534 1777/27/535
f 95/438/477 428/472/536 1488/460/519 1271/439/478
f 3407/473/537 3429/474/538 1480/475/539 1283/476/540
f 1479/220/541 1282/220/542 1278/220/491 1475/220/490
f 3483/477/543 1482/478/544 44/479/545 3399/480/546
f 1277/217/241 1474/217/547 1477/215/548 1280/215/549
f 1008/204/223 436/223/550 95/438/477 434/204/202
f 813/225/551 1007/224/552 1258/224/553 1254/223/554
f 432/224/555 1007/224/552 813/225/551 97/225/556
f 3243/481/557 999/112/115 471/482/558 3244/483/559
f 430/220/560 1006/220/502 812/215/215 94/215/218
f 1343/204/561 1333/223/231 43/225/234 336/204/562
f 1114/484/563 1104/485/564 1404/486/565 1399/487/566
f 428/472/536 1005/224/567 815/227/568 82/488/569
f 826/489/570 678/490/571 273/491/572 679/492/573
f 1470/220/574 440/220/575 99/493/576 1467/220/489
f 1245/494/577 293/495/578 3/160/163 1236/159/162
f 1639/496/579 1644/497/580 1538/498/581 1525/499/582
f 1478/223/583 1281/223/584 1276/204/262 1473/204/585
f 959/27/586 650/200/587 200/27/588 663/200/589
f 1275/204/199 1472/204/590 1466/204/591 1269/204/200
f 2136/500/592 1798/501/593 2133/501/594 2557/365/595
f 447/88/596 1001/87/597 317/130/133 24/133/136
f 1274/224/598 1471/224/599 1465/227/600 1268/227/240
f 316/98/102 25/502/601 315/503/602 1002/99/103
f 983/504/603 459/505/604 112/506/605 495/507/606
f 1273/220/607 1470/220/574 1467/220/489 1270/220/488
f 3217/508/608 3245/509/609 108/510/610 315/503/602
f 1004/329/358 449/331/361 110/67/69 450/66/68
f 1160/511/611 1162/512/612 452/513/613 108/510/610
f 1002/99/103 315/503/602 108/510/610 452/513/613
f 453/174/176 1001/87/597 447/88/596 107/175/177
f 454/117/120 1000/514/614 446/100/104 106/515/615
f 3422/516/616 456/517/617 17/518/109 3548/519/468
f 1462/520/618 1453/521/619 1444/522/620 1445/520/621
f 3296/523/622 3265/524/623 2652/525/624 2739/526/625
f 2541/527/626 481/528/627 135/528/628 2135/529/629
f 3222/530/630 3196/531/631 371/152/156 57/375/414
f 126/532/632 462/532/633 998/533/634 479/534/635
f 3212/535/636 3243/536/557 455/537/637 113/538/638
f 3352/366/401 3345/539/639 462/532/633 126/532/632
f 391/403/442 1021/137/140 394/140/143 68/395/434
f 3347/540/640 981/365/641 460/541/642 3346/542/643
f 996/543/644 466/544/645 112/506/605 459/505/604
f 3346/542/643 3343/545/646 308/115/118 116/114/117
f 3343/545/646 995/546/647 469/547/648 3338/548/649
f 1004/329/358 445/549/650 22/150/154 318/147/359
f 995/546/647 465/182/184 119/550/651 469/547/648
f 3350/551/652 464/552/653 118/553/654 3338/548/649
f 470/554/655 993/555/656 468/556/657 121/557/658
f 3250/558/659 3197/559/660 458/560/661 123/561/662
f 472/562/663 17/563/109 119/550/651
f 55/564/664 468/556/657 993/555/656 368/565/665
f 3198/566/666 3247/567/667 56/568/668 327/569/669
f 3198/570/666 327/571/669 111/572/670 3244/573/559
f 3339/574/671 487/575/672 132/576/673 3332/577/674
f 3340/578/675 3339/574/671 987/579/676 485/580/677
f 3248/581/678 117/582/679 2126/505/680 3285/583/681
f 114/183/185 480/584/682 982/585/683 461/180/182
f 3340/578/675 3334/586/684 478/587/685 131/588/686
f 123/561/662 458/560/661 988/504/687 475/504/688
f 989/589/689 493/501/690 124/501/691 477/589/692
f 475/504/688 988/504/687 482/507/693 122/507/694
f 131/588/686 488/590/695 986/591/696 487/575/672
f 987/579/676 483/592/697 130/593/698 486/594/699
f 2122/585/700 2548/585/701 494/528/702 125/528/703
f 986/591/696 457/595/704 132/576/673 487/575/672
f 486/594/699 985/596/705 502/501/706 129/597/707
f 2551/598/708 2052/599/709 17/593/109
f 484/600/710 984/601/711 491/602/712 117/603/679
f 3249/604/713 3212/605/636 113/560/638 473/561/714
f 988/504/687 458/561/661 127/560/715 496/504/716
f 983/504/603 495/507/606 136/507/717 496/504/716
f 989/589/689 497/589/718 134/501/719 493/501/690
f 499/534/720 133/532/721 492/532/722 980/533/723
f 982/585/683 480/584/682 134/501/719 497/589/718
f 495/507/606 112/506/605 2106/606/724 2542/505/725
f 989/589/689 494/528/702 135/528/628 497/589/718
f 3348/607/726 3347/540/640 492/532/722 133/532/721
f 3279/608/727 474/560/728 128/609/729 3225/610/730
f 3197/611/660 3246/612/731 127/560/715 458/561/661
f 985/596/705 506/589/732 139/501/733 502/501/706
f 979/504/734 504/507/735 141/507/736 505/504/737
f 983/504/603 496/504/716 127/561/715 473/560/714
f 506/589/732 978/589/738 489/501/739 139/501/733
f 1046/251/277 528/613/740 151/614/741 385/252/278
f 3349/615/742 3323/364/398 501/532/743 138/532/744
f 3246/616/731 3249/617/713 473/560/714 127/561/715
f 1052/618/745 340/225/236 52/315/346 350/314/345
f 2142/585/746 2537/585/747 490/528/748 140/528/749
f 3436/384/424 3500/619/750 28/401/440 283/385/425
f 975/620/751 520/621/752 65/622/149 521/623/753
f 510/624/754 974/405/444 511/625/443 144/626/755
f 3502/627/756 348/228/243 51/628/388 3501/629/757
f 368/565/665 974/405/444 510/624/754 55/564/664
f 3445/630/758 3465/631/759 419/632/760 956/633/761
f 531/400/439 973/357/390 511/404/443 142/407/446
f 515/165/168 972/634/762 384/369/404 53/166/169
f 1024/389/429 513/241/268 143/635/763 521/623/753
f 1239/106/110 324/636/764 962/637/765 1251/638/766
f 522/639/767 972/634/762 515/165/168 148/640/768
f 2027/641/769 1688/642/770 2012/381/771 2593/379/772
f 382/643/773 1249/339/371 1240/644/774 63/645/775
f 524/171/174 971/170/173 385/252/278 151/614/741
f 2043/646/776 1724/139/777 2001/647/778 2583/137/779
f 3251/648/780 3253/649/781 294/26/28 1062/131/134
f 1100/10/12 1099/650/782 1080/650/783 1083/7/9
f 970/651/784 532/418/459 147/421/462 364/652/785
f 526/653/786 969/654/787 287/655/788 145/656/789
f 968/657/790 316/98/102 23/97/101 519/658/791
f 968/657/790 519/658/791 152/659/792 527/660/793
f 518/336/368 1032/335/367 524/171/174 151/614/741
f 149/661/794 529/662/795 1047/240/267 381/663/796
f 967/664/797 518/336/368 151/614/741 528/613/740
f 1184/9/11 1199/245/272 1191/244/271 1100/10/12
f 64/143/147 389/146/150 971/170/173 509/169/172
f 1047/240/267 529/662/795 143/635/763 513/241/268
f 966/665/798 286/666/799 143/635/763 529/662/795
f 3211/667/800 976/533/801 479/534/635 3250/668/659
f 57/375/414 372/376/415 965/669/802 301/327/356
f 530/670/803 965/669/802 372/376/415 148/640/768
f 362/671/421 4/672/804 380/333/363 1031/379/420
f 298/673/805 966/665/798 516/674/806 10/675/807
f 963/676/808 1250/370/405 1237/677/809 300/678/810
f 672/679/811 635/680/812 188/681/813 193/682/814
f 1244/683/815 1248/334/364 1029/351/384 535/350/383
f 1030/349/382 534/684/816 565/684/817 558/349/818
f 978/589/738 490/528/748 125/528/703 477/589/692
f 535/350/383 1030/349/382 1247/685/819 1244/683/815
f 3506/686/161 3461/687/820 281/688/14 1236/689/162
f 17/105/109 1238/690/821 16/691/84 961/692/822
f 595/222/823 894/222/824 423/222/825 1356/222/826
f 3435/693/454 1246/412/453 1069/55/57 3423/694/827
f 1359/344/376 419/695/760 953/696/828 636/697/829
f 3204/698/830 3211/699/800 500/560/831 137/561/832
f 701/372/833 874/372/834 706/372/835 225/455/836
f 947/700/837 153/701/230 1356/222/826 630/701/838
f 412/200/839 201/281/840 670/200/841 1013/27/507
f 3454/702/470 953/696/828 419/695/760 3465/703/759
f 207/704/842 949/705/843 636/697/829 1360/706/844
f 208/707/845 950/708/846 207/704/842 1360/706/844
f 625/709/847 930/709/848 153/710/230
f 639/711/529 1360/706/844 636/697/829 953/712/828
f 206/341/373 1359/344/376 636/697/829 949/705/843
f 1349/372/849 536/372/850 908/372/851 620/372/852
f 419/632/760 1359/344/376 417/343/375 956/633/761
f 911/709/853 422/448/854 184/710/855 630/701/838
f 566/709/856 1358/448/857 422/448/854 911/709/853
f 3451/713/858 204/714/859 153/200/230 3496/715/860
f 379/96/98 1031/379/420 556/379/861 596/96/99
f 946/716/862 629/442/863 1358/448/857 566/709/856
f 1064/63/65 302/62/64 600/62/864 543/63/377
f 611/717/865 928/718/866 588/719/867 83/720/868
f 631/448/869 153/701/230 947/700/837
f 1031/379/420 380/333/363 586/333/366 556/379/861
f 616/372/870 917/372/871 574/372/872 1349/372/849
f 942/455/873 621/372/874 1353/372/875 564/372/876
f 656/372/408 200/27/588 650/200/587 897/266/295
f 630/701/838 1356/222/826 423/222/825 911/709/853
f 302/62/64 30/95/97 1011/95/100 600/62/864
f 1243/721/877 61/5/5 624/5/8 424/721/878
f 599/722/879 154/448/880 153/448/230 930/709/848
f 619/372/881 920/372/882 572/372/883 1351/372/884
f 616/372/870 1349/372/849 620/372/852 941/455/885
f 565/684/817 424/721/878 415/685/886 558/349/818
f 618/723/887 586/333/366 205/334/365 420/683/888
f 543/63/377 600/62/864 1011/95/100 597/724/889
f 1350/372/890 616/372/870 941/455/885 621/372/874
f 624/5/8 594/725/891 415/685/886 424/721/878
f 426/372/892 181/372/508 564/372/876 909/372/893
f 153/272/230 631/448/869 184/710/855
f 594/725/891 618/723/887 420/683/888 415/685/886
f 617/372/511 918/372/510 573/372/894 1350/372/890
f 943/455/895 619/372/881 1351/372/884 622/372/896
f 621/372/874 941/455/885 620/372/852 1353/372/875
f 425/372/897 909/372/893 564/372/876 1353/372/875
f 557/222/898 930/709/848 625/709/847 183/222/899
f 571/372/900 920/372/882 619/372/881 1352/372/901
f 590/222/902 893/222/903 539/222/904 85/222/905
f 620/372/852 908/372/851 425/372/897 1353/372/875
f 944/455/906 577/372/907 1352/372/901 623/372/908
f 942/455/873 617/372/511 1350/372/890 621/372/874
f 623/372/908 1352/372/901 619/372/881 943/455/895
f 83/720/868 614/717/909 939/726/910 611/717/865
f 900/261/911 654/263/296 202/30/912 360/200/913
f 568/372/914 672/679/811 584/727/915 170/372/916
f 622/372/896 1351/372/884 426/372/892 909/372/893
f 538/720/917 178/720/918 562/717/919 907/717/920
f 576/372/921 165/372/922 573/372/894 918/372/510
f 572/372/883 888/372/923 426/372/892 1351/372/884
f 165/372/922 575/372/924 917/372/871 573/372/894
f 573/372/894 917/372/871 616/372/870 1350/372/890
f 1247/685/819 1030/349/382 558/349/818 415/685/886
f 555/203/925 178/720/918 538/720/917 892/728/926
f 196/372/927 166/372/928 572/372/883 920/372/882
f 574/372/872 889/372/929 536/372/850 1349/372/849
f 646/729/498 1015/373/411 1325/730/930 1322/731/931
f 2777/732/932 2782/334/933 2591/733/934 2162/352/935
f 613/734/936 937/735/937 612/736/938 1348/737/939
f 3494/738/940 907/717/920 562/717/919 3466/738/941
f 937/735/937 609/739/942 85/222/905 612/736/938
f 612/736/938 906/736/943 537/737/944 1348/737/939
f 3388/738/945 611/717/865 939/726/910 3499/740/946
f 3452/741/947 928/718/866 611/717/865 3388/738/945
f 927/736/948 587/742/949 74/743/950 593/736/951
f 663/27/589 200/200/588 645/27/480 960/27/483
f 605/744/952 904/745/953 540/30/954 86/30/955
f 83/720/868 538/720/917 907/717/920 614/717/909
f 3467/738/956 3453/746/957 938/726/958 610/747/959
f 588/719/867 892/728/926 538/720/917 83/720/868
f 934/748/960 606/749/961 86/30/955 560/266/962
f 609/739/942 925/750/963 590/222/902 85/222/905
f 589/751/964 925/750/963 609/739/942 84/742/965
f 906/736/943 539/222/904 177/222/966 561/739/967
f 3467/738/956 3397/752/968 589/751/964 84/742/965
f 85/222/905 539/222/904 906/736/943 612/736/938
f 936/753/969 585/754/970 87/755/971 608/755/972
f 606/749/961 933/756/973 605/744/952 86/30/955
f 556/379/861 597/724/889 1011/95/100 596/96/99
f 560/266/962 86/30/955 540/30/954 905/757/974
f 905/757/974 541/372/975 175/372/976 560/266/962
f 202/200/912 650/27/587 959/27/586 664/758/977
f 203/200/978 651/275/979 153/271/230
f 653/271/302 898/273/305 651/275/979 203/200/978
f 648/200/980 203/271/978 153/493/230
f 654/263/296 897/266/295 650/27/587 202/200/912
f 1413/759/981 1419/760/982 1659/761/983 1660/762/984
f 655/281/985 899/763/986 358/764/987 201/200/840
f 656/372/408 902/372/407 645/27/480 200/200/588
f 657/765/988 903/766/989 647/222/227 199/200/990
f 658/372/991 901/27/992 412/729/839 198/200/481
f 3469/767/993 900/261/911 360/745/913 3446/768/994
f 604/266/995 924/769/996 580/372/997 88/372/998
f 1318/770/999 1326/443/487 1016/442/486 411/275/307
f 659/743/1000 903/766/989 76/449/497 403/734/1001
f 584/727/915 161/771/1002 581/772/1003 922/773/1004
f 682/774/1005 213/696/1006 794/695/1007 885/775/1008
f 1017/440/479 1327/304/335 1319/303/334 413/374/413
f 339/776/387 1045/257/283 282/258/284 2/353/386
f 1327/304/335 1017/440/479 359/276/308 1316/1/1
f 1038/281/312 1328/777/1009 1317/296/327 361/282/313
f 541/372/975 890/372/1010 553/372/1011 175/372/976
f 1040/274/306 1330/778/1012 1318/770/999 411/275/307
f 1327/304/335 1316/1/1 1296/4/4 1294/301/332
f 1305/291/322 1309/779/1013 1288/780/1014 1285/292/323
f 825/781/1015 795/782/1016 210/783/1017 811/784/1018
f 608/755/972 87/755/971 604/266/995 935/748/1019
f 215/785/1020 798/786/1021 886/433/1022 682/774/1005
f 579/286/317 924/769/996 604/266/995 87/755/971
f 757/787/1023 218/788/1024 691/442/1025 827/448/1026
f 923/287/318 579/286/317 87/755/971 585/754/970
f 852/372/1027 680/769/1028 103/439/1029 752/372/1030
f 607/266/1031 88/372/998 541/372/975 905/757/974
f 580/372/997 890/372/1010 541/372/975 88/372/998
f 90/789/1032 605/744/952 933/756/973 602/790/1033
f 89/755/1034 602/790/1033 933/756/973 606/749/961
f 601/791/196 171/792/1035 547/201/1036 912/793/1037
f 221/272/1038 694/275/1039 882/448/1040 693/448/1041
f 237/787/1042 725/272/1043 878/794/1044 698/787/1045
f 676/372/1046 887/795/1047 753/308/339 275/307/338
f 697/722/1048 879/442/1049 693/448/1041 220/796/1050
f 236/709/1051 697/722/1048 828/222/1052 765/222/1053
f 632/797/1054 674/798/526 592/799/1055 172/800/1056
f 682/774/1005 886/433/1022 683/711/1057 213/712/1006
f 882/448/1040 694/275/1039 256/801/1058 791/448/1059
f 795/782/1016 885/775/1008 794/632/1007 210/633/1017
f 100/226/1060 688/222/1061 860/222/1062 704/701/1063
f 618/723/887 597/724/889 556/379/861 586/333/366
f 3391/802/1064 800/803/1065 217/705/1066 3470/804/1067
f 3472/805/1068 3471/806/1069 801/807/1070 212/342/1071
f 693/448/1041 882/448/1040 756/709/1072 220/796/1050
f 218/788/1024 722/808/1073 881/442/1074 691/442/1025
f 695/701/1075 880/222/1076 692/701/1077 219/716/1078
f 748/372/1079 873/372/1080 706/372/835 249/372/1081
f 698/787/1045 878/794/1044 694/275/1039 221/272/1038
f 224/455/1082 701/372/833 877/372/1083 758/372/1084
f 745/372/1085 876/372/1086 699/372/1087 222/455/1088
f 870/809/1089 734/719/1090 266/810/1091 784/720/1092
f 733/811/1093 241/750/1094 713/739/1095 869/742/1096
f 703/372/1097 875/372/1098 700/372/1099 223/455/1100
f 713/739/1095 229/812/1101 709/734/1102 869/742/1096
f 705/372/1103 874/372/834 701/372/833 224/455/1082
f 706/372/835 873/372/1080 702/372/1104 225/455/836
f 709/734/1102 872/743/1105 760/813/1106 228/814/1107
f 226/815/1108 707/743/1109 833/737/1110 761/736/1111
f 729/816/1112 871/743/1113 707/743/1109 226/815/1108
f 867/30/1114 716/749/1115 233/756/1116 717/817/1117
f 711/717/1118 870/809/1089 708/747/1119 227/814/1120
f 868/222/1121 732/222/1122 265/222/1123 783/222/1124
f 713/739/1095 868/222/1121 710/818/1125 229/812/1101
f 274/819/1126 738/820/1127 844/372/1128 754/372/1129
f 3444/821/1130 3486/822/1131 762/757/1132 232/823/1133
f 737/824/1134 866/755/1135 714/755/1136 230/753/1137
f 271/825/1138 689/222/1139 858/222/1140 731/826/1141
f 718/266/1142 865/372/1143 715/266/1144 231/748/1145
f 3474/827/1146 864/263/1147 716/749/1115 3444/821/1130
f 863/789/1148 717/817/1117 233/756/1116 720/790/1149
f 792/372/1150 887/795/1047 676/372/1046 250/455/1151
f 724/801/1152 862/272/1153 725/272/1043 237/787/1042
f 723/709/1154 861/448/1155 726/448/1156 236/709/1051
f 254/828/1157 775/829/1158 854/830/1159 690/831/1160
f 859/765/1161 704/701/1063 234/701/1162 728/832/1163
f 272/798/1164 730/799/1165 842/800/1166 690/797/1160
f 860/222/1062 727/222/1167 234/701/1162 704/701/1063
f 1477/215/548 1474/217/547 441/217/1168 101/272/1169
f 803/833/1170 859/765/1161 728/832/1163 235/834/1171
f 733/811/1093 857/835/1172 731/826/1141 241/750/1094
f 858/222/1140 732/222/1122 241/750/1094 731/826/1141
f 861/448/1155 724/801/1152 237/787/1042 726/448/1156
f 730/799/1165 857/835/1172 733/811/1093 240/261/1173
f 755/261/1174 856/202/1175 734/719/1090 238/836/1176
f 248/372/1177 771/372/1178 846/372/1179 746/372/1180
f 736/736/1181 855/742/1182 735/742/1183 239/736/1184
f 739/837/1185 854/830/1159 740/838/1186 245/839/1187
f 252/372/1188 752/372/1030 845/372/1189 773/372/1190
f 3389/840/1191 853/771/1192 741/772/1193 3408/841/1194
f 866/755/1135 737/824/1134 243/287/1195 743/286/1196
f 852/372/1027 742/372/1197 242/769/1198 680/769/1028
f 810/842/1199 851/285/1200 743/286/1196 243/287/1195
f 749/372/1201 849/372/1202 747/372/1203 249/372/1081
f 850/372/1204 748/372/1079 249/372/1081 747/372/1203
f 740/838/1186 854/830/1159 775/829/1158 267/745/1205
f 1483/843/1206 887/795/1047 792/372/1150 102/27/1207
f 746/372/1180 849/372/1202 749/372/1201 248/372/1177
f 804/372/1208 848/372/1209 750/372/1210 246/372/1211
f 744/372/1212 847/372/1213 751/372/1214 247/372/1215
f 772/372/1216 846/372/1179 771/372/1178 270/372/1217
f 773/372/1190 845/372/1189 770/372/1218 269/372/1219
f 721/791/1220 843/792/1221 775/829/1158 254/793/1157
f 844/372/1128 769/372/1222 268/372/1223 774/372/1224
f 3473/844/1225 3390/827/1226 836/845/1227 714/755/1136
f 843/792/1221 768/745/1228 267/745/1205 775/829/1158
f 856/202/1175 776/846/1229 266/810/1091 734/719/1090
f 736/736/1181 239/736/1184 766/222/1230 841/222/1231
f 842/800/1166 767/261/1232 266/810/1091 776/846/1229
f 858/222/1140 777/222/1233 265/222/1123 732/222/1122
f 864/263/1147 741/772/1193 245/839/1187 720/790/1149
f 841/222/1231 766/222/1230 265/222/1123 777/222/1233
f 841/222/1231 688/222/1061 100/226/1060 736/736/1181
f 778/222/1234 840/222/1235 765/222/1053 264/222/1236
f 833/737/1110 707/743/1109 227/814/1120 708/747/1119
f 747/372/1203 849/372/1202 687/847/1237 274/819/1126
f 758/372/1084 831/372/1238 705/372/1103 224/455/1082
f 779/272/1239 839/794/1240 764/794/1241 263/272/1242
f 780/848/1243 838/849/1244 763/850/1245 262/260/1246
f 868/222/1121 783/222/1124 260/736/1247 710/818/1125
f 781/372/1248 837/372/1249 762/757/1132 261/266/1250
f 3484/822/1251 3390/827/1226 715/266/1144 261/266/1250
f 835/222/1252 761/736/1111 260/736/1247 783/222/1124
f 3482/851/1253 3472/805/1068 212/342/1071 696/852/1254
f 834/720/1255 760/813/1106 259/717/1256 784/720/1092
f 1482/853/544 696/852/1254 819/305/336 753/308/339
f 785/737/1257 833/737/1110 708/747/1119 259/717/1256
f 1470/220/574 1477/215/548 101/272/1169 440/271/575
f 786/372/1258 832/372/1259 759/372/1260 258/372/1261
f 700/372/1099 875/372/1098 787/372/1262 257/372/1263
f 827/448/1026 691/442/1025 219/716/1078 692/701/1077
f 677/854/1264 818/855/1265 802/856/1266 211/857/1267
f 831/372/1238 758/372/1084 257/372/1263 787/372/1262
f 263/272/1242 789/272/1268 878/794/1044 725/272/1043
f 830/372/1269 700/372/1099 257/372/1263 788/372/1270
f 789/272/1268 829/794/1271 757/787/1023 256/801/1058
f 1340/216/220 1334/215/219 1253/215/1272 1263/216/1273
f 790/222/1274 828/222/1052 756/709/1072 255/701/1275
f 791/448/1059 827/448/1026 692/701/1077 255/701/1275
f 826/489/570 793/858/1276 251/859/1277 678/490/571
f 862/272/1153 724/801/1152 273/491/572 678/490/571
f 439/220/1278 825/781/1015 811/860/1018 98/861/1279
f 210/783/1017 796/343/1280 824/862/1281 811/784/1018
f 245/839/1187 741/772/1193 853/771/1192 739/837/1185
f 3483/477/543 1481/863/1282 824/862/1281 3482/851/1253
f 823/864/1283 806/865/1284 271/825/1138 681/866/1285
f 271/825/1138 806/865/1284 822/867/1286 684/868/1287
f 822/867/1286 807/869/1288 273/491/572 684/868/1287
f 40/142/145 334/177/179 1342/177/178 1332/215/1289
f 805/870/1290 209/871/1291 797/872/1292 823/864/1283
f 685/873/1293 821/463/1294 805/464/1290 272/465/1164
f 1339/225/1295 1264/225/1296 1259/204/1297 1344/204/1298
f 1473/204/585 443/439/1299 104/203/1300 1478/223/583
f 820/681/1301 808/874/1302 274/819/1126 687/847/1237
f 820/681/1301 687/847/1237 275/307/338 809/306/337
f 818/855/1265 677/854/1264 99/220/576 679/492/573
f 1256/224/1303 1252/875/1304 815/227/568 1005/224/567
f 342/204/224 1266/204/1305 1259/204/1297 1008/204/223
f 2102/117/1306 2560/876/1307 2097/877/1308 1783/878/1309
f 337/118/121 41/121/124 1339/225/1295 1344/204/1298
f 3362/879/1310 1937/323/1311 1687/160/1312 3324/880/1313
f 436/223/550 1008/204/223 1259/204/1297 1264/225/1296
f 3480/204/1314 1266/204/1305 342/204/224 3458/204/266
f 1336/179/181 1345/224/232 1258/224/553 1267/179/1315
f 2197/222/1316 1759/222/1317 2889/881/1318
f 1261/177/1319 1267/179/1315 341/178/265 1049/177/216
f 1050/220/257 814/215/250 1253/215/1272 1262/220/1320
f 1527/882/1321 1520/459/518 1519/458/517 1528/883/1322
f 1487/884/1323 1488/460/519 428/472/536 82/488/569
f 1273/220/607 430/220/560 94/215/218 1280/215/549
f 1281/223/584 1274/224/598 432/224/555 97/225/556
f 1270/220/488 1278/220/491 429/220/256 92/220/259
f 1282/220/542 1486/885/1324 427/233/248 91/234/251
f 1099/650/782 1100/10/12 1191/244/271 1192/886/1325
f 3421/887/1326 2000/888/1327 2614/889/1328 3437/890/1329
f 1162/891/612 1180/892/1330 106/515/615 452/513/613
f 1341/220/1331 1262/220/1320 1253/215/1272 1334/215/219
f 1479/220/541 1475/220/490 439/220/1278 98/893/1279
f 439/714/1278 1475/220/490 1467/220/489 99/493/576
f 3416/894/1332 103/27/1029 680/769/1028 3398/895/1333
f 100/222/1060 441/448/1168 1474/217/547 1465/227/600
f 3481/204/1334 3416/894/1332 443/758/1299 1473/204/585
f 3400/896/1335 242/769/1198 718/266/1142 3485/897/1336
f 1416/898/1337 1422/899/1338 1667/900/1339 1668/901/1340
f 444/27/1341 102/888/1207 804/372/1208 847/372/1213
f 1472/204/590 1468/439/521 102/27/1207 444/27/1341
f 1346/220/1342 1257/220/503 1265/220/1343 1338/220/1344
f 1274/224/598 1268/227/240 93/178/242 432/224/555
f 1267/179/1315 1258/224/553 1007/224/552 341/178/265
f 3442/902/1345 3476/903/1346 1252/875/1304 1335/178/237
f 1338/220/1344 1265/220/1343 1262/220/1320 1341/220/1331
f 333/136/146 40/142/145 1332/215/1289 1346/220/1342
f 1336/179/181 1267/179/1315 1261/177/1319 1342/177/178
f 3508/232/247 42/231/246 1337/204/1347 3434/204/1348
f 1332/215/1289 1342/177/178 1261/177/1319 1255/215/504
f 3434/204/1348 1337/204/1347 1266/204/1305 3480/204/1314
f 1048/204/1349 813/225/551 1254/223/554 1260/204/1350
f 1297/102/106 1318/770/999 1330/778/1012 1289/103/107
f 1337/204/1347 1344/204/1298 1259/204/1297 1266/204/1305
f 1258/224/553 1345/224/232 1333/223/231 1254/223/554
f 823/864/1283 797/872/1292 214/904/1351 806/865/1284
f 1257/220/503 1346/220/1342 1332/215/1289 1255/215/504
f 1265/220/1343 1257/220/503 1006/220/502 435/220/258
f 996/543/644 470/554/655 121/557/658 466/544/645
f 649/268/299 1321/905/1352 1330/778/1012 1040/274/306
f 1284/906/1353 1289/103/107 1330/778/1012 1321/905/1352
f 215/785/1020 802/856/1266 818/855/1265 807/869/1288
f 3478/902/1354 815/227/568 1252/875/1304 3476/903/1346
f 859/765/1161 441/448/1168 100/222/1060 704/701/1063
f 582/838/1355 90/789/1032 602/790/1033 921/907/1356
f 819/305/336 801/807/1070 217/705/1066 809/306/337
f 3409/908/1357 799/909/1358 821/463/1294 3475/910/1359
f 821/463/1294 799/909/1358 209/871/1291 805/870/1290
f 215/785/1020 807/869/1288 822/867/1286 798/786/1021
f 1264/225/1296 1256/224/1303 1005/224/567 436/223/550
f 805/464/1290 823/864/1283 681/866/1285 272/798/1164
f 879/442/1049 697/722/1048 236/709/1051 726/448/1156
f 1471/224/599 442/911/1360 100/222/1060 1465/227/600
f 216/912/1361 808/874/1302 820/681/1301 800/803/1065
f 811/860/1018 824/862/1281 1481/863/1282 98/218/1279
f 795/782/1016 825/781/1015 677/854/1264 211/857/1267
f 886/433/1022 797/872/1292 209/468/1291 683/469/1057
f 99/493/576 440/220/575 826/489/570 679/492/573
f 826/489/570 440/271/575 101/220/1169 793/858/1276
f 777/222/1233 858/222/1140 689/222/1139 253/222/1362
f 847/372/1213 804/372/1208 246/372/1211 751/372/1214
f 256/801/1058 757/787/1023 827/448/1026 791/448/1059
f 867/30/1114 717/817/1117 262/260/1246 782/30/1363
f 877/372/1083 702/372/1104 258/372/1261 788/372/1270
f 264/222/1236 765/222/1053 828/222/1052 790/222/1274
f 263/272/1242 764/794/1241 829/794/1271 789/272/1268
f 235/834/1171 722/808/1073 829/794/1271 764/794/1241
f 222/455/1088 699/372/1087 830/372/1269 759/372/1260
f 848/372/1209 792/372/1150 250/455/1151 772/372/1216
f 749/372/1201 249/372/1081 706/372/835 874/372/834
f 835/222/1252 766/222/1230 239/736/1184 729/816/1112
f 262/260/1246 763/850/1245 836/845/1227 782/30/1363
f 230/753/1137 714/755/1136 836/845/1227 763/850/1245
f 240/261/1173 767/261/1232 842/800/1166 730/799/1165
f 769/372/1222 244/773/1364 719/913/1365 837/372/1249
f 852/372/1027 752/372/1030 252/372/1188 774/372/1224
f 793/858/1276 101/220/1169 803/833/1170 839/794/1240
f 768/745/1228 243/287/1195 737/824/1134 838/849/1244
f 872/743/1105 710/818/1125 260/736/1247 785/737/1257
f 236/709/1051 765/222/1053 840/222/1235 723/709/1154
f 723/709/1154 840/222/1235 689/222/1139 271/825/1138
f 835/222/1252 729/816/1112 226/815/1108 761/736/1111
f 253/222/1362 688/222/1061 841/222/1231 777/222/1233
f 1511/914/1366 1538/498/581 1489/915/1367 1524/916/1368
f 690/831/1160 842/800/1166 776/846/1229 254/828/1157
f 768/745/1228 843/792/1221 810/842/1199 243/287/1195
f 810/842/1199 843/792/1221 721/201/1220 104/439/1300
f 754/372/1129 844/372/1128 774/372/1224 252/372/1188
f 221/272/1038 693/448/1041 879/442/1049 698/787/1045
f 847/372/1213 744/372/1212 103/27/1029 444/439/1341
f 752/372/1030 103/439/1029 744/372/1212 845/372/1189
f 250/455/1151 676/372/1046 846/372/1179 772/372/1216
f 252/372/1188 773/372/1190 850/372/1204 754/372/1129
f 746/372/1180 846/372/1179 676/372/1046 275/307/338
f 848/372/1209 804/372/1208 102/888/1207 792/372/1150
f 161/771/1002 583/917/1369 921/907/1356 581/772/1003
f 274/819/1126 754/372/1129 850/372/1204 747/372/1203
f 769/372/1222 844/372/1128 738/820/1127 244/773/1364
f 272/465/1164 739/837/1185 853/771/1192 685/873/1293
f 272/465/1164 690/797/1160 854/830/1159 739/837/1185
f 100/222/1060 442/911/1360 855/742/1182 736/736/1181
f 735/742/1183 238/836/1176 711/717/1118 871/743/1113
f 755/261/1174 855/742/1182 442/221/1360 104/260/1300
f 748/372/1079 850/372/1204 773/372/1190 269/372/1219
f 731/826/1141 857/835/1172 681/866/1285 271/825/1138
f 830/372/1269 788/372/1270 258/372/1261 759/372/1260
f 834/720/1255 767/261/1232 240/261/1173 712/747/1370
f 264/222/1236 727/222/1167 860/222/1062 778/222/1234
f 778/222/1234 860/222/1062 688/222/1061 253/222/1362
f 263/272/1242 725/272/1043 862/272/1153 779/272/1239
f 863/789/1148 780/848/1243 262/260/1246 717/817/1117
f 779/272/1239 862/272/1153 678/490/571 251/859/1277
f 238/836/1176 735/742/1183 855/742/1182 755/261/1174
f 740/838/1186 863/789/1148 720/790/1149 245/839/1187
f 839/794/1240 803/833/1170 235/834/1171 764/794/1241
f 863/789/1148 740/838/1186 267/745/1205 780/848/1243
f 248/372/1177 705/372/1103 831/372/1238 771/372/1178
f 240/261/1173 733/811/1093 869/742/1096 712/747/1370
f 238/836/1176 734/719/1090 870/809/1089 711/717/1118
f 735/742/1183 871/743/1113 729/816/1112 239/736/1184
f 153/222/230 913/222/1371 544/222/1372 155/222/1373
f 269/372/1219 786/372/1258 873/372/1080 748/372/1079
f 248/372/1177 749/372/1201 874/372/834 705/372/1103
f 832/372/1259 745/372/1085 222/455/1088 759/372/1260
f 246/372/1211 750/372/1210 875/372/1098 703/372/1097
f 270/372/1217 787/372/1262 875/372/1098 750/372/1210
f 751/372/1214 876/372/1086 745/372/1085 247/372/1215
f 256/801/1058 694/275/1039 878/794/1044 789/272/1268
f 698/787/1045 879/442/1049 726/448/1156 237/787/1042
f 691/442/1025 881/442/1074 695/701/1075 219/716/1078
f 264/222/1236 790/222/1274 880/222/1076 727/222/1167
f 819/305/336 696/852/1254 212/342/1071 801/807/1070
f 794/632/1007 883/344/1374 796/343/1280 210/633/1017
f 877/372/1083 701/372/833 225/455/836 702/372/1104
f 75/283/314 899/763/986 655/281/985 408/280/311
f 213/712/1006 683/711/1057 884/706/1375 686/697/1376
f 834/720/1255 712/747/1370 228/814/1107 760/813/1106
f 583/917/1369 160/830/1377 582/838/1355 921/907/1356
f 211/857/1267 802/856/1266 885/775/1008 795/782/1016
f 214/904/1351 797/872/1292 886/433/1022 798/786/1021
f 577/372/907 919/372/1378 571/372/900 1352/372/901
f 581/772/1003 921/907/1356 602/790/1033 89/755/1034
f 543/63/377 594/725/891 624/5/8 598/6/7
f 174/849/1379 559/850/1380 904/745/953 542/848/1381
f 603/266/1382 922/773/1004 581/772/1003 89/755/1034
f 153/714/230 204/200/859 648/493/980
f 582/838/1355 891/260/1383 542/848/1381 90/789/1032
f 594/725/891 543/63/377 597/724/889 618/723/887
f 1354/403/1384 1362/395/1385 627/395/1386 640/403/1387
f 955/209/1388 952/918/1389 667/918/1390 666/209/1391
f 931/209/1392 1355/919/1393 634/919/1394 915/209/1395
f 360/200/913 202/30/912 664/200/977 958/203/195
f 651/200/979 199/448/990 153/272/230
f 1362/395/1385 1010/394/1396 660/394/1397 627/395/1386
f 952/918/1389 1354/403/1384 640/403/1387 667/918/1390
f 675/920/1398 638/868/1399 154/448/880 599/722/879
f 633/222/1400 913/222/1371 545/222/1401 156/222/1402
f 155/222/1373 544/222/1372 894/222/824 595/222/823
f 1355/919/1403 955/209/1388 666/209/1391 634/919/1394
f 958/203/195 664/200/977 163/285/316 191/284/315
f 198/27/481 645/200/480 902/372/407 658/372/991
f 675/920/1398 633/222/1400 156/222/1402 591/921/1404
f 199/200/990 647/222/227 153/448/230
f 3451/713/858 3495/922/1405 652/270/1406 204/714/859
f 167/372/1407 196/372/927 920/372/882 571/372/900
f 929/409/449 931/209/1392 915/209/1395 392/409/1408
f 156/222/1402 545/222/1401 893/222/903 590/222/902
f 641/923/1409 675/920/1398 591/921/1404 157/924/1410
f 159/743/1411 587/742/949 927/736/948 153/816/230
f 3487/925/1412 3468/926/1413 641/923/1409 157/924/1410
f 172/800/1056 555/203/925 892/728/926 546/846/1414
f 158/202/197 546/846/1414 892/728/926 588/719/867
f 1295/927/175 1293/50/52 1328/777/1009 1322/928/931
f 120/929/1415 472/562/663 1058/181/183 467/593/1416
f 1295/927/175 1322/928/931 1325/730/930 1292/471/531
f 642/266/1417 959/200/586 570/372/1418 162/372/1419
f 1293/50/52 1287/49/51 1317/296/327 1328/777/1009
f 3495/922/1405 899/763/986 75/283/314 3488/930/1420
f 896/269/1421 78/269/300 405/271/303 653/271/302
f 201/281/840 412/200/839 901/27/992 655/281/985
f 407/263/292 654/263/296 900/260/911 73/261/289
f 1326/443/487 1290/293/324 1285/292/323 1320/441/484
f 649/268/299 1041/267/298 1331/931/1422 1321/905/1352
f 408/280/311 655/281/985 901/450/992 81/27/499
f 897/266/295 79/266/297 409/372/409 656/372/408
f 898/273/305 77/272/304 406/448/496 657/765/988
f 3453/746/957 613/734/936 1348/737/939 3466/738/941
f 193/682/814 187/463/524 637/462/523 672/679/811
f 570/372/1418 914/372/1423 548/372/1424 162/372/1419
f 378/368/403 1309/779/1013 1305/291/322 53/166/169
f 658/372/991 902/372/407 80/372/410 410/372/412
f 657/765/988 406/448/496 76/449/497 903/766/989
f 413/374/413 1319/303/334 1325/730/930 1015/373/411
f 648/493/980 204/200/859 652/270/1406 896/269/1421
f 601/791/196 912/793/1037 546/846/1414 158/202/197
f 3415/932/1425 958/260/195 567/203/198 3493/933/1426
f 672/679/811 568/372/914 164/372/1427 575/372/924
f 153/222/230 665/200/229 159/743/1411
f 664/758/977 959/27/586 642/266/1417 163/285/316
f 568/372/914 914/372/1423 549/372/1428 164/372/1427
f 160/830/1377 547/201/1036 891/260/1383 582/838/1355
f 632/831/1054 912/828/1037 547/201/1036 160/830/1377
f 583/917/1369 674/465/526 632/797/1054 160/830/1377
f 637/462/523 674/465/526 583/917/1369 161/771/1002
f 174/849/1379 554/260/1429 923/287/318 585/754/970
f 672/679/811 637/462/523 161/771/1002 584/727/915
f 1250/370/405 517/154/158 11/153/157 1237/677/809
f 162/372/1419 548/372/1424 890/372/1010 580/372/997
f 169/372/1430 570/372/1418 959/200/586 578/372/1431
f 887/795/1047 1483/843/1206 1482/853/544 753/308/339
f 905/757/974 540/30/954 176/934/1432 607/266/1031
f 914/372/1423 568/372/914 170/372/916 548/372/1424
f 163/285/316 642/266/1417 924/769/996 579/286/317
f 421/372/522 916/455/514 550/372/513 166/372/928
f 888/372/923 550/372/513 168/372/512 551/372/509
f 889/372/929 549/372/1428 169/372/1430 552/372/1433
f 3494/738/940 537/737/944 179/734/1434 3433/935/1435
f 164/372/1427 549/372/1428 889/372/929 574/372/872
f 3487/925/1412 157/924/1410 589/751/964 3397/752/968
f 670/200/841 185/936/1436 626/937/1437 1013/27/507
f 635/680/812 672/679/811 575/372/924 165/372/922
f 671/437/474 635/680/812 165/372/922 576/372/921
f 167/372/1407 663/27/589 960/200/483 196/372/927
f 196/372/927 960/200/483 421/372/522 166/372/928
f 647/200/227 903/766/989 659/743/1000 197/221/228
f 578/372/1431 959/27/586 663/200/589 167/372/1407
f 918/372/510 551/372/509 168/372/512 576/372/921
f 662/372/475 671/437/474 576/372/921 168/372/512
f 169/372/1430 578/372/1431 919/372/1378 552/372/1433
f 170/372/916 584/727/915 922/773/1004 553/372/1011
f 923/287/318 554/260/1429 171/792/1035 191/284/315
f 633/222/1400 675/920/1398 599/722/879 173/222/1438
f 926/261/1439 555/203/925 172/800/1056 592/799/1055
f 936/753/969 608/755/972 176/934/1432 559/850/1380
f 667/918/1390 640/403/1387 627/395/1386 660/394/1397
f 913/222/1371 633/222/1400 173/222/1438 544/222/1372
f 930/709/848 557/222/898 173/222/1438 599/722/879
f 946/716/862 625/709/847 153/710/230 629/442/863
f 3488/930/1420 75/283/314 361/282/313 3490/295/326
f 628/938/1440 643/939/1441 667/918/1390 660/394/1397
f 122/507/694 504/507/735 979/504/734 475/504/688
f 936/753/969 559/850/1380 174/849/1379 585/754/970
f 904/745/953 559/850/1380 176/934/1432 540/30/954
f 891/260/1383 554/260/1429 174/849/1379 542/848/1381
f 175/372/976 603/266/1382 934/748/960 560/266/962
f 178/720/918 555/203/925 926/261/1439 610/747/959
f 182/372/1442 563/372/1443 944/455/906 623/372/908
f 561/739/967 940/815/1444 615/743/1445 179/734/1434
f 176/934/1432 608/755/972 935/748/1019 607/266/1031
f 896/269/1421 653/271/302 203/271/978 648/200/980
f 16/156/84 1708/940/1446 1973/941/1447
f 545/222/1401 153/222/230 893/222/903
f 561/739/967 177/222/966 593/736/951 940/815/1444
f 178/720/918 610/747/959 938/726/958 562/717/919
f 552/372/1433 919/372/1378 577/372/907 180/372/1448
f 906/736/943 561/739/967 179/734/1434 537/737/944
f 3433/935/1435 3499/740/946 939/726/910 614/717/909
f 634/919/1394 666/209/1391 667/918/1390 643/939/1441
f 889/372/929 552/372/1433 180/372/1448 536/372/850
f 944/455/906 563/372/1443 180/372/1448 577/372/907
f 201/200/840 358/764/987 1012/200/1449 670/942/841
f 942/455/873 564/372/876 181/372/508 617/372/511
f 943/455/895 622/372/896 182/372/1442 623/372/908
f 547/201/1036 171/792/1035 554/260/1429 891/260/1383
f 908/372/851 563/372/1443 182/372/1442 425/372/897
f 187/463/524 208/707/845 957/871/528 195/870/525
f 895/943/1450 392/409/1408 643/939/1441 628/938/1440
f 183/222/899 625/709/847 946/716/862 566/709/856
f 894/222/824 557/222/898 183/222/899 423/222/825
f 3223/944/1451 3232/945/1452 10/675/807 300/678/810
f 184/710/855 631/448/869 947/700/837 630/701/838
f 673/408/1453 392/409/1408 895/943/1450 668/946/1454
f 1086/947/1455 1459/948/1456 1452/949/1457
f 392/409/1408 915/209/1395 634/919/1394 643/939/1441
f 189/453/505 626/937/1437 954/342/374 206/341/373
f 393/394/433 69/938/1458 1357/938/1459 1010/394/1396
f 1020/918/1460 391/403/442 1354/403/1384 952/918/1389
f 2047/209/1461 71/919/1462 1355/919/1393 931/209/1392
f 3401/950/1463 3445/951/758 956/783/761 190/784/1464
f 3223/944/1451 300/678/810 1237/677/809 3213/952/1465
f 391/403/442 68/395/434 1362/395/1385 1354/403/1384
f 1505/953/1466 1504/954/1467 1604/955/1468 1606/956/1469
f 954/342/374 626/937/1437 185/936/1436 417/343/375
f 1012/200/1449 190/860/1464 185/936/1436 670/942/841
f 153/957/230 194/958/1470 186/864/1471 416/959/1472
f 3393/960/1473 3414/961/527 416/959/1472 186/864/1471
f 1107/962/1474 1132/963/1475 1104/485/564 1116/964/1476
f 169/372/1430 549/372/1428 914/372/1423 570/372/1418
f 3468/926/1413 3393/965/1473 186/864/1471 641/923/1409
f 671/437/474 192/454/506 188/681/813 635/680/812
f 675/920/1398 194/958/1470 153/966/230 638/868/1399
f 193/682/814 950/708/846 208/707/845 187/463/524
f 188/681/813 207/704/842 950/708/846 193/682/814
f 2891/442/1477 2223/808/1478 2511/967/1479 2224/448/1480
f 32/968/82 321/969/1481 31/940/1482
f 189/453/505 206/341/373 949/705/843 192/454/506
f 1013/200/507 626/937/1437 189/453/505 569/436/473
f 1745/946/1483 2041/408/447 948/408/450 951/946/1484
f 3496/970/860 153/971/230 3401/972/1463
f 3493/933/1426 567/203/198 928/718/866 3452/741/947
f 89/755/1034 606/749/961 934/748/960 603/266/1382
f 3408/841/1194 741/772/1193 864/263/1147 3474/827/1146
f 215/785/1020 682/774/1005 885/775/1008 802/856/1266
f 383/56/58 1240/644/774 1249/339/371 964/338/370
f 3196/531/631 3233/973/1485 11/153/157 371/152/156
f 3217/508/608 315/503/602 25/502/601 3237/974/1486
f 31/940/1482 324/636/764 961/692/822 303/156/159
f 3213/952/1465 3233/973/1485 293/495/578 1245/494/577
f 16/82/84 303/156/159 961/692/822
f 1046/251/277 65/975/149 152/659/792 528/613/740
f 321/969/1481 962/637/765 324/636/764 31/940/1482
f 62/57/59 383/56/58 964/338/370 381/976/796
f 1081/977/1487 1135/978/1488 2719/979/1489 2646/980/1490
f 10/675/807 516/674/806 963/676/808 300/678/810
f 512/299/330 1037/298/329 526/653/786 145/656/789
f 380/333/363 4/642/804 1242/732/1491 1248/334/364
f 516/981/806 149/982/794 523/337/369 963/676/808
f 1248/334/364 1242/983/1491 533/984/385 1029/351/384
f 381/663/796 964/338/370 523/337/369 149/661/794
f 13/328/357 301/327/356 965/669/802 287/655/788
f 69/938/1458 2042/943/1492 945/943/1493 1357/938/1459
f 975/620/751 312/985/1494 25/502/601 520/621/752
f 1171/986/1495 1135/978/1488 1081/987/1487 1085/988/1496
f 3251/648/780 3237/974/1486 25/502/601 312/985/1494
f 26/107/111 280/989/1497 1034/990/1498 374/311/342
f 35/330/360 323/991/1499 1000/514/614 449/331/361
f 323/991/1499 967/664/797 519/658/791 23/97/101
f 153/701/230 595/222/823 1356/222/826
f 510/624/754 144/992/755 2145/404/1500 2533/993/1501
f 2879/220/1502 1983/136/1503 1716/135/1504 2871/220/1505
f 520/621/752 25/502/601 316/98/102 968/657/790
f 3498/994/1506 531/400/439 142/995/446 3463/422/463
f 3491/996/1507 1306/48/50 9/399/438 3430/997/1508
f 1374/998/1509 1166/999/1510 1227/1000/1511 1380/1001/1512
f 147/421/462 370/420/461 969/654/787 526/653/786
f 14/1002/466 297/1003/1513 969/654/787 370/420/461
f 1876/814/1514 2297/747/1515 2457/743/1516 2293/742/1517
f 54/1004/1518 366/1005/1519 970/651/784 364/652/785
f 3342/1006/1520 32/1007/82 1003/83/85 3353/1008/1521
f 3430/997/1508 9/399/438 531/400/439 3498/994/1506
f 524/171/174 1032/335/367 313/149/153 146/168/171
f 27/205/203 535/350/383 1029/351/384 282/258/284
f 63/645/775 384/369/404 972/634/762 382/643/773
f 751/372/1214 246/372/1211 703/372/1097 876/372/1086
f 525/360/393 72/359/392 2050/1009/1522 2532/1010/1523
f 2114/1011/1524 1789/550/1525 2112/182/1526 2555/1012/1527
f 477/589/692 125/528/703 494/528/702 989/589/689
f 117/582/679 491/602/712 2543/504/1528 2126/505/680
f 496/504/716 136/507/717 482/507/693 988/504/687
f 501/532/743 126/532/632 479/534/635 976/533/801
f 489/501/739 124/501/691 476/365/400 977/365/399
f 491/602/712 141/507/736 2141/505/1529 2543/504/1528
f 500/560/831 979/504/734 505/504/737 137/561/832
f 123/560/662 475/504/688 979/504/734 500/561/831
f 492/532/722 116/114/117 463/113/116 980/533/723
f 114/183/185 460/541/642 981/365/641 480/584/682
f 135/528/628 481/528/627 982/585/683 497/589/718
f 3345/539/639 997/365/1530 498/365/1531 3348/607/726
f 115/593/1532 461/180/182 982/585/683 481/528/627
f 3326/1013/1533 1685/13/1534 1933/1014/1535 3377/1015/1536
f 473/561/714 113/560/638 459/505/604 983/504/603
f 128/538/729 474/560/728 984/601/711 484/505/710
f 2544/529/1537 2142/585/746 140/528/749 503/528/1538
f 137/560/832 505/504/737 984/601/711 474/561/728
f 3224/1016/1539 986/591/696 488/1017/695 3225/1018/730
f 129/597/707 485/580/677 987/579/676 486/594/699
f 3332/577/674 132/576/673 2129/1019/1540 3371/1020/1541
f 3268/1021/1542 2144/533/1543 2550/534/1544 3228/1022/1545
f 2548/585/701 2135/529/629 135/528/628 494/528/702
f 3349/615/742 3334/586/684 990/1023/1546 507/365/1547
f 1091/1024/1548 1200/1025/1549 1194/1026/1550 1093/1027/1551
f 139/501/733 507/365/1547 990/1023/1546 502/501/706
f 131/588/686 478/587/685 991/533/1552 488/590/695
f 138/532/744 508/534/1553 991/533/1552 478/587/685
f 2579/1028/1554 2052/599/709 1747/1029/1555 2049/1030/1556
f 120/929/1415 17/1031/109 472/562/663
f 999/112/115 308/115/118 118/553/654 471/482/558
f 2636/1032/1557 2053/362/395 1748/1033/1558 2104/517/1559
f 464/552/653 17/518/109 456/517/617 992/1034/1560
f 426/372/892 888/372/923 551/372/509 181/372/508
f 368/565/665 993/555/656 327/569/669 56/1035/668
f 119/550/651 17/563/109 994/1036/1561 469/547/648
f 489/501/739 978/589/738 477/589/692 124/501/691
f 455/537/637 996/543/644 459/505/604 113/538/638
f 498/365/1531 997/365/1530 493/501/690 134/501/719
f 3322/1037/1562 2522/1038/1563 2785/1039/1564 3333/1040/1565
f 99/220/576 677/854/1264 825/781/1015 439/714/1278
f 446/100/104 1002/99/103 452/513/613 106/515/615
f 1497/1041/1566 1507/1042/1567 1642/1043/1568 1640/1044/1569
f 3353/1008/1521 1003/83/85 451/86/88 3328/1045/1570
f 318/147/359 22/150/154 313/149/153 1032/335/367
f 396/1046/1571 71/919/1462 2047/209/1461 2619/207/418
f 1283/476/540 1480/475/539 1469/1047/1572 1272/1048/1573
f 1529/1049/1574 1649/1050/1575 3099/1051/1576 2975/915/1577
f 76/449/497 414/222/485 1014/221/1578 403/734/1001
f 3215/1052/1579 3277/1053/1580 2124/533/1581 2535/534/1582
f 2497/372/1583 1818/27/1584 2173/372/1585
f 305/1054/74 1018/425/465 322/162/165 34/1055/164
f 2581/1056/1586 2050/1009/1522 72/359/392 306/435/472
f 3405/1057/1587 514/1058/467 1019/419/460 3462/423/464
f 644/260/290 1323/1059/282 1329/2/2 1039/262/291
f 153/1060/230 422/448/854 1358/448/857
f 2582/409/448 2047/209/1461 931/209/1392 929/409/449
f 1013/27/507 669/27/482 198/200/481 412/1061/839
f 71/919/1588 399/209/207 955/209/1388 1355/919/1403
f 51/355/388 351/647/141 1021/137/140 400/356/389
f 1746/1062/1589 2048/1063/1590 2607/257/1591 2044/206/419
f 3501/1064/757 3464/1065/1592 1023/398/437 353/397/436
f 3464/1066/1592 3406/1067/1593 278/1068/56 1023/398/437
f 1044/239/260 390/388/428 66/391/430 346/211/287
f 65/250/149 1026/383/423 347/319/350
f 2370/720/1594 1915/261/1595 2320/261/1596 2456/809/1597
f 522/639/767 1027/151/155 517/154/158 150/371/406
f 63/645/775 279/411/452 1028/367/402 384/369/404
f 3497/1069/1598 362/381/421 60/380/275 3410/1070/274
f 1304/288/319 1303/249/276 60/248/275 379/96/98
f 3173/372/1599 3134/372/1600 1762/372/1601
f 3344/1071/1602 1953/1072/1603 1788/1073/1604 3364/1074/1605
f 1671/1075/1606 1675/1076/1607 1145/1077/1608 1142/243/270
f 816/65/67 1083/7/9 1080/650/783 277/1078/1609
f 3502/627/756 3505/1079/1610 36/226/239 348/228/243
f 1192/886/1325 1191/244/271 1142/243/270 1145/1077/1608
f 1103/1080/1611 1403/1081/1612 1400/1082/1613 1110/1083/1614
f 58/324/189 289/323/353 1033/1084/1615 377/1085/1616
f 374/311/342 1034/990/1498 376/1086/1617 59/312/343
f 346/211/287 66/391/430 387/1087/1618 1035/318/349
f 17/279/109 1036/310/341 375/309/340
f 1310/104/108 1289/103/107 1284/906/1353 1308/1088/1619
f 1301/289/320 1315/1089/1620 1294/301/332 1296/4/4
f 1256/224/1303 1264/225/1296 1339/225/1295 1347/224/238
f 147/421/462 526/653/786 1037/298/329 364/652/785
f 409/372/409 79/266/297 359/276/308 1017/440/479
f 1291/1090/1621 1312/1091/1622 1308/1088/1619 1284/906/1353
f 3491/996/1507 1312/1091/1622 1291/1090/1621 3450/1092/1623
f 33/59/1624 326/60/1625 1313/470/530 1307/1093/1626
f 1286/302/333 1307/1093/1626 1313/470/530 1292/471/531
f 1904/701/1627 2377/448/1628 2468/448/1629 2342/722/1630
f 365/167/170 53/166/169 1305/291/322 1311/290/321
f 28/401/440 329/392/431 1042/265/294 283/385/425
f 62/1094/59 397/45/47 1043/44/46 398/396/435
f 65/1095/149 387/1087/1618 66/391/430
f 3382/1096/1631 2721/108/1632 2722/1097/1633 3378/1098/1634
f 62/57/59 381/976/796 1047/240/267 397/45/47
f 1024/389/429 390/388/428 67/46/48 513/241/268
f 351/138/141 1053/194/193 284/120/123 46/139/142
f 3442/902/1345 1335/178/237 36/226/239 3505/1079/1610
f 50/320/351 352/382/422 1054/224/235 338/178/210
f 299/141/144 1056/177/209 334/177/179 40/142/145
f 728/832/1163 234/701/1162 695/701/1075 881/442/1074
f 49/212/288 354/317/348 1056/177/209 299/141/144
f 71/919/1588 396/1046/1571 1057/207/205 399/209/207
f 319/208/206 1057/207/205 396/1046/1571 18/650/1635
f 1092/1099/1636 1195/1100/1637 1197/1101/1638 1156/1102/1639
f 17/1103/109 29/186/187 288/1104/1640 1073/1105/1641
f 29/186/187 328/185/186 1072/1106/1642 288/1104/1640
f 2621/1107/1643 2021/309/362 17/1108/109
f 1308/1088/1619 54/1004/1518 367/297/328 1310/104/108
f 530/670/803 1059/164/167 512/299/330 145/656/789
f 1181/1109/1644 1231/1110/1645 1232/1111/1646 1154/1112/1647
f 5/25/27 32/1113/82 314/132/135
f 314/132/135 32/1007/82 3342/1006/1520 24/133/136
f 3500/619/750 388/1114/1648 65/145/149 3544/1115/1649
f 3544/1115/1649 65/145/149 363/144/148 3457/1116/1650
f 345/129/132 1060/128/131 333/136/146 38/135/138
f 1341/220/1331 1334/215/219 37/218/222 332/136/139
f 344/220/226 1061/134/137 332/136/139 37/218/222
f 3371/1020/1541 2129/1019/1540 1796/588/1651 3373/1117/1652
f 343/230/245 1063/119/122 337/118/121 42/231/246
f 3328/1045/1570 3318/1118/1653 276/176/35 107/175/177
f 385/252/278 971/170/173 389/146/150 65/1119/149
f 1066/77/79 325/1120/1654 30/95/97 302/62/64
f 1209/1121/1655 1213/1122/1656 1681/1123/1657 1677/1124/1658
f 303/156/159 1065/81/83 32/1125/82 31/940/1482
f 3227/1126/1659 3232/945/1452 292/14/16 1074/23/25
f 1315/1089/1620 1301/289/320 30/95/97 325/1120/1654
f 307/75/76 1067/74/75 304/58/78 20/79/81
f 304/58/78 1067/74/75 326/60/1625 33/59/1624
f 58/189/189 377/1085/1616 1068/1127/1660 373/190/43
f 1180/892/1330 1185/1128/119 454/117/120 106/515/615
f 1239/106/110 17/105/109 961/692/822 324/636/764
f 3240/69/71 3255/1129/1661 1070/52/54 296/70/53
f 3216/325/354 3241/72/73 1071/71/72 295/1130/1662
f 6/198/44 295/1130/1662 1071/71/72 291/199/39
f 1000/514/614 454/117/120 110/67/69 449/331/361
f 3263/1131/1663 1683/1132/1664 1682/1133/1665 3235/1134/1666
f 1096/1135/1667 1086/1136/1668 1097/1137/1669
f 1154/1112/1647 1232/1111/1646 1386/1138/1670 1381/1139/1671
f 1377/1140/1672 1376/1141/1673 1683/1132/1664 1684/1142/1674
f 2906/1143/1675 2909/1144/1676 1390/1145/1677 1144/1146/1678
f 2975/915/1577 3003/916/1679 1518/1147/1680 1529/1049/1574
f 1208/1148/1681 1213/1122/1656 1165/1149/1682 1163/1150/1683
f 2336/372/1684 1919/372/1685 3559/372/1686 3571/372/1687
f 1141/1151/1688 1235/1152/1689 1384/1153/1690 1387/1154/1691
f 1213/1122/1656 1209/1121/1655 1164/1155/1692 1165/1149/1682
f 3512/1079/1693 2076/217/1694 2613/177/1695 3530/1156/1696
f 1103/1080/1611 1114/484/563 1399/487/566 1403/1081/1612
f 1149/1157/1697 1173/108/112 1084/111/114 1150/1158/1698
f 2065/1159/1699 1751/1160/1700 2054/742/1701 2575/221/1702
f 3335/1161/1703 1106/1162/1704 1111/1163/1705 3386/1164/1706
f 1368/1165/1707 1188/1166/1708 1178/1167/1709 1371/1168/1710
f 1157/1169/1711 1156/1102/1639 1098/1170/1712 1078/1171/1713
f 1400/1082/1613 1216/1172/1714 1218/1173/1715 1402/1174/1716
f 1125/1175/1717 1120/1176/1718 1108/1176/1719 1113/1177/1720
f 1078/1171/1713 1098/1170/1712 1184/9/11 1183/8/10
f 1204/1178/1721 1095/1179/1722 1150/1158/1698 1203/1180/1723
f 2149/154/1724 1695/1181/1725 2017/152/1726 2589/1182/1727
f 1392/1183/1728 1391/1184/1729 1389/1144/1730 1394/1185/1731
f 1450/1186/1732 1086/1187/1733 1437/1188/1734
f 1086/1189/1668 1187/1190/1735 1137/1191/1736 1085/980/1496
f 32/1192/82 1203/1180/1723 1150/1193/1698 1084/111/114
f 1077/1194/36 1172/1195/1737 1159/1196/1738 1161/31/33
f 2885/372/1739 2182/372/1740 2497/372/1583 2188/372/1741
f 1133/1197/1742 1128/1198/1743 1089/1199/1744 1112/1200/1745
f 1182/1201/1746 1153/1202/1747 1198/1203/1748 1197/1101/1638
f 1197/1101/1638 1198/1203/1748 1098/1170/1712 1156/1102/1639
f 1219/1204/1749 1215/1205/1750 1102/1206/1751 1126/1207/1752
f 1151/17/19 1152/16/1753 1086/1208/1668 1087/18/20
f 1429/520/1754 1424/1209/1755 1428/1210/1756 1434/1211/1757
f 1215/1205/1750 1220/347/1758 1127/1212/1759 1102/1213/1751
f 1091/1024/1548 1670/1214/1760 1673/1215/1761 1200/1216/1549
f 1124/1217/1762 1113/1177/1720 1108/1176/1719 1121/1218/1763
f 1105/1219/1764 1109/1220/1765 1088/1221/1766 1111/1222/1705
f 1170/1223/1767 1087/18/20 1086/1224/1668
f 1182/1201/1746 1197/1101/1638 1195/1100/1637 1147/1225/1768
f 1121/1218/1763 1108/1226/1719 1102/1227/1751 1127/1212/1759
f 1195/1100/1637 1092/1099/1636 1211/1228/1769 1214/1229/1770
f 1420/1230/1771 1409/1231/1772 1233/1232/1773 1384/1153/1690
f 39/178/180 338/178/210 1054/224/235 335/224/233
f 1106/1162/1704 1110/1083/1614 1105/1219/1764 1111/1163/1705
f 1229/1233/1774 1225/1234/1775 1163/1150/1683 1165/1149/1682
f 703/372/1097 223/455/1100 699/372/1087 876/372/1086
f 1113/1235/1720 1101/1236/1776 1122/1237/1777 1125/1175/1717
f 1085/980/1496 1137/1191/1736 1138/1238/1778 1171/986/1495
f 1129/1239/1779 1130/1240/1780 1367/92/94 1076/1241/93
f 1110/1083/1614 1400/1082/1613 1402/1174/1716 1105/1219/1764
f 1124/1217/1762 1123/1242/1781 1101/1243/1776 1113/1235/1720
f 3357/1244/1782 3325/1245/1783 1112/1200/1745 1107/962/1474
f 2725/1246/1784 1499/1247/1785 2724/1248/1786
f 1118/1249/1787 1397/1250/1788 1395/345/1789 1132/963/1475
f 1400/1082/1613 1403/1251/1612 1219/1204/1749 1216/1172/1714
f 3355/1252/1790 3386/1164/1706 1111/1163/1705 1133/1197/1742
f 1118/1249/1787 1132/963/1475 1107/962/1474 1112/1253/1745
f 1133/1197/1742 1111/1222/1705 1088/1221/1766 1128/1198/1743
f 1404/486/565 1395/345/1789 1221/348/1791 1220/347/1758
f 1150/1158/1698 1095/1179/1722 1094/1254/1792 1149/1157/1697
f 1108/1226/1719 1120/1176/1718 1126/1207/1752 1102/1227/1751
f 1087/18/20 1170/1223/1767 2718/1255/1793 2705/15/17
f 2797/220/1794 2612/220/1795 2084/220/1796 2800/220/1797
f 1376/1141/1673 1373/1256/1798 1372/1257/1799 1375/1258/1800
f 1120/1176/1718 1125/1175/1717 1218/1173/1715 1216/1172/1714
f 1272/1048/1573 1469/1047/1572 1484/461/520 1488/460/519
f 1122/1237/1777 1101/1259/1776 1224/1260/1801 1217/1261/1802
f 1086/1189/1668 1364/93/95 1187/1190/1735
f 1218/1173/1715 1125/1175/1717 1122/1237/1777 1217/1261/1802
f 2932/1262/1803 2904/1263/1804 1234/1264/1805 1416/898/1337
f 3208/1265/1806 3229/1266/1807 1943/1130/1808 2637/1267/1809
f 1417/1268/1810 1412/1269/1811 1656/1270/1812 1657/457/516
f 1219/1204/1749 1126/1207/1752 1120/1176/1718 1216/1172/1714
f 1095/1179/1722 1114/1271/563 1103/1272/1611 1094/1254/1792
f 1411/123/126 1412/1269/1811 1227/1000/1511 1226/1273/1813
f 1446/1274/1814 1439/1275/1815 1458/1276/1816 1454/1277/1817
f 1124/1217/1762 1223/1278/1818 1222/1279/1819 1123/1242/1781
f 1405/1280/1820 1086/1281/1668 1152/16/1753
f 534/684/816 18/650/1635 1962/378/417 2592/1282/1821
f 1431/1186/1822 1086/415/1455 1435/1283/1823
f 1220/347/1758 1221/348/1791 1121/1218/1763 1127/1212/1759
f 1204/1178/1721 1365/1284/1824 1116/964/1476 1095/1179/1722
f 3335/1161/1703 3354/1285/1825 1094/1286/1792 1106/1162/1704
f 1374/998/1509 1377/1140/1672 1207/1287/1826 1166/999/1510
f 1436/1288/1827 1434/1211/1757 1428/1210/1756 1427/1289/1828
f 1094/1286/1792 1103/1272/1611 1110/1083/1614 1106/1162/1704
f 3264/1290/1829 3262/1291/1830 1155/1292/1831 1136/1293/1832
f 1139/1294/1833 1131/1295/1834 1129/1239/1779 1076/1241/93
f 1158/1296/1835 1148/1297/1836 1134/1298/1837 1155/1292/1831
f 3355/1252/1790 1133/1197/1742 1112/1200/1745 3325/1245/1783
f 2521/27/1838 2232/200/1839 1851/27/1840 2250/200/1841
f 1086/1299/1668 1177/1300/1842 1176/1301/1843
f 3/1302/163 293/495/578 1033/1084/1615 289/1303/353
f 1664/235/252 1665/1304/1844 1420/1230/1771 1410/1305/1845
f 1672/1306/1846 1673/1307/1761 1153/1202/1747 1182/1201/1746
f 1177/1300/1842 1178/1167/1709 1188/1166/1708 1168/1308/1847
f 3475/910/1359 3392/1309/1848 274/819/1126 808/874/1302
f 1167/1310/1849 1226/1273/1813 1227/1000/1511 1166/999/1510
f 1083/7/9 816/65/67 1179/68/70 1183/8/10
f 2538/505/1850 2141/505/1529 141/507/736 504/507/735
f 3354/1285/1825 1148/1297/1836 1172/1195/1737 3356/1311/1851
f 1086/1312/1668 1681/1123/1657 1678/1313/1852 3257/1314/1853
f 3107/1315/1854 3011/1316/1855 3007/1317/1856 3105/1318/1857
f 1136/1293/1832 1155/1292/1831 1134/1319/1837 1131/1295/1834
f 1208/1148/1681 1163/1150/1683 1167/1310/1849 1205/1320/1858
f 1116/964/1476 1365/1284/1824 1366/1321/1859 1107/962/1474
f 1405/1280/1820 1152/16/1753 1151/17/19 1082/1322/1860
f 2873/177/1861 2867/215/1862 1715/1323/1863 1980/1324/1864
f 467/593/1416 115/593/1532 2108/180/1865 2622/181/1866
f 1146/1325/1867 1181/1109/1644 1196/1326/1868 1193/1327/1869
f 3258/1328/1870 3262/1291/1830 1206/1329/1871 1214/1229/1770
f 1207/1287/1826 1205/1320/1858 1167/1310/1849 1166/999/1510
f 3257/1314/1853 1678/1313/1852 1679/1330/1872 3269/1331/1873
f 1092/1099/1636 1156/1102/1639 1157/1169/1711 1079/1332/1874
f 1388/1333/1875 1391/1184/1729 1392/1183/1728 1383/1334/1876
f 791/448/1059 255/701/1275 756/709/1072 882/448/1040
f 1162/891/612 1079/1332/1874 1157/1169/1711 1180/892/1330
f 1682/1133/1665 1375/1258/1800 1193/1327/1869 1680/1335/1877
f 1364/93/95 1086/1336/1668 1175/1337/96
f 1148/1297/1836 1158/1338/1835 1159/1196/1738 1172/1195/1737
f 3258/1339/1870 3205/1340/1878 1159/1196/1738 1158/1338/1835
f 1213/1122/1656 1208/1148/1681 1678/1313/1852 1681/1123/1657
f 1131/1295/1834 1139/1294/1833 1168/1308/1847 1136/1293/1832
f 1141/1151/1688 1383/1341/1876 1093/525/1551 1381/1139/1671
f 16/1342/84 1712/1343/1879 2096/1344/1880 2562/1345/1881
f 1378/1346/1882 1228/1347/1883 1146/1348/1867 1372/1257/1799
f 1093/1027/1551 1194/1026/1550 1154/1112/1647 1381/1139/1671
f 1088/1221/1766 1109/1220/1765 1115/20/22 1128/1198/1743
f 1198/1203/1748 1199/245/272 1184/9/11 1098/1170/1712
f 1705/186/1884 1964/1349/1885 2620/1350/1886 1978/1351/1887
f 3238/1352/1888 3299/1353/1889 2926/1354/1890 3115/1355/1891
f 1139/1294/1833 1176/1301/1843 1177/1300/1842 1168/1308/1847
f 1194/1026/1550 1200/1025/1549 1202/1356/1892 1196/1326/1868
f 504/507/735 122/507/694 2120/505/1893 2538/505/1850
f 3256/1357/1894 3234/1358/1895 1168/1308/1847 1188/1166/1708
f 68/395/434 393/394/433 1010/394/1396 1362/395/1385
f 1116/964/1476 1104/485/564 1114/1271/563 1095/1179/1722
f 1672/1306/1846 1202/1356/1892 1200/1216/1549 1673/1215/1761
f 2845/1359/1896 2840/1360/1897 1731/166/1898 2013/167/1899
f 1717/875/1900 1985/224/1901 2616/224/1902 1988/875/1903
f 3259/1361/1904 3218/1362/1905 1370/1363/1906 1096/1135/1667
f 1177/1300/1842 1086/1364/1668 1178/1167/1709
f 2098/66/1907 2565/329/1908 445/549/650 105/1365/1909
f 2770/1366/1910 1230/1367/1911 1164/1155/1692 2716/1368/1912
f 1677/1124/1658 1681/1123/1657 1086/1369/1668 1082/1137/1860
f 1414/1370/1913 1231/1110/1645 1228/1347/1883 1413/759/981
f 410/372/412 81/27/499 901/450/992 658/372/991
f 1229/1233/1774 1230/1367/1911 1408/1371/1914 1407/1372/1915
f 1164/1155/1692 1230/1367/1911 1229/1233/1774 1165/1149/1682
f 1175/94/96 1176/1301/1843 1139/1294/1833 1076/91/93
f 1499/1373/1785 2741/1326/1916 2739/526/625
f 1086/1374/1668 1085/980/1496 1081/987/1487 1186/1375/1917
f 297/1003/1513 13/328/357 287/655/788 969/654/787
f 2940/1376/1918 1499/1377/1919 2943/417/458
f 1388/1333/1875 1387/1154/1691 1143/1378/1920 1391/1184/1729
f 3319/1379/1921 3384/1380/1922 1366/1321/1859 1090/82/1923
f 2733/1381/1924 2718/1255/1793 1170/1223/1767 1186/1375/1917
f 3384/1380/1922 3357/1244/1782 1107/962/1474 1366/1321/1859
f 2153/623/1925 1803/1382/1926 2146/1383/1927 2586/1384/1928
f 3356/1311/1851 1172/1195/1737 1077/1194/36 3341/1385/1929
f 2921/1251/1930 2660/1272/1931 2667/1083/1932 2918/1386/1933
f 2924/1387/1934 1408/1371/1914 1230/1367/1911 2770/1366/1910
f 2775/1388/1935 2780/412/1936 2635/1389/1937 2030/56/1938
f 1143/1378/1920 1233/1232/1773 1382/1263/1939 1385/1390/1940
f 1376/1141/1673 1375/1258/1800 1682/1133/1665 1683/1132/1664
f 105/1365/1909 445/549/650 1004/329/358 450/66/68
f 1448/1391/1941 1449/1392/1942 1464/1393/1943 1455/1394/1944
f 1680/1335/1877 1193/1395/1869 1189/1396/1945 1212/1397/1946
f 2755/1398/1947 2716/1368/1912 1164/1155/1692 1209/1121/1655
f 1432/1399/1948 1436/1288/1827 1427/1289/1828 1430/1400/1949
f 3387/1401/279 1323/1059/282 644/260/290 3424/932/501
f 2402/1402/1950 2098/66/1907 105/1365/1909 277/1078/1609
f 1175/94/96 1086/1299/1668 1176/1301/1843
f 1364/93/95 1367/92/94 1137/1191/1736 1187/1190/1735
f 1390/1145/1677 1389/1144/1730 1385/1390/1940 1144/1146/1678
f 880/222/1076 695/701/1075 234/701/1162 727/222/1167
f 1206/1329/1871 1669/1403/1951 1674/1404/1952 1147/1225/1768
f 1042/265/294 357/264/293 45/386/426 283/385/425
f 3205/1340/1878 3261/1405/1953 1161/31/33 1159/1196/1738
f 2875/217/1954 2869/227/1955 1717/875/1900 1984/216/1956
f 1146/1348/1867 1228/1347/1883 1231/1110/1645 1181/1109/1644
f 1672/1306/1846 1674/1404/1952 1189/1396/1945 1202/1356/1892
f 2874/220/1957 2871/220/1505 1716/135/1504 1982/136/1958
f 354/317/348 50/320/351 338/178/210 1056/177/209
f 1671/1406/1606 1201/1407/1959 1190/1408/1960 1675/1076/1607
f 1968/162/1961 1711/1055/1962 2835/173/1963 2847/47/1964
f 3322/1409/1562 1929/688/1965 1685/13/1534 3326/1013/1533
f 1764/1410/1966 2203/1411/1967 2503/745/1968 2206/817/1969
f 1198/1203/1748 1153/1202/1747 1140/242/269 1199/245/272
f 1201/1407/1959 1671/1406/1606 1670/1214/1760 1091/1024/1548
f 1214/1229/1770 1206/1329/1871 1147/1225/1768 1195/1100/1637
f 1090/82/1923 1366/1321/1859 1365/1284/1824 1117/155/1970
f 1117/155/1970 1365/1284/1824 1204/1178/1721 1169/82/1971
f 1169/82/1971 1204/1178/1721 1203/1412/1723 32/82/82
f 1217/1261/1802 1224/1260/1801 1398/21/23 1401/1413/1972
f 2565/329/1908 1960/147/151 22/150/154 445/549/650
f 1709/1414/1973 1967/1415/1974 2625/1416/1975 1970/1417/1976
f 3261/1405/1953 1210/1418/1977 1160/1419/611 3254/1420/1978
f 1373/1256/1798 1379/1421/1979 1378/1346/1882 1372/1257/1799
f 1676/1422/1980 1679/1330/1872 1205/1320/1858 1207/1287/1826
f 2028/663/1981 2524/1423/1982 2030/56/1938 1739/57/1983
f 1658/456/515 1659/761/983 1419/760/982 1418/1424/1984
f 1396/22/24 1397/1250/1788 1118/1249/1787 1119/19/21
f 1443/1425/1985 1086/1426/1733 1444/522/620
f 1089/1199/1744 1119/19/21 1118/1249/1787 1112/1253/1745
f 1370/1363/1906 1086/1427/1668 1096/1135/1667
f 1025/313/344 349/316/347 65/1119/149 388/1114/1648
f 1219/1204/1749 1403/1251/1612 1399/1428/566 1215/1429/1750
f 1399/1428/566 1404/486/565 1220/347/1758 1215/1429/1750
f 1218/1173/1715 1217/1261/1802 1401/1413/1972 1402/1174/1716
f 1397/1250/1788 1396/22/24 1222/1279/1819 1223/1278/1818
f 1396/22/24 1398/21/23 1224/1260/1801 1222/1279/1819
f 1433/1430/1986 1086/1187/1455 1423/1431/1987 1425/521/1988
f 1058/181/183 472/562/663 119/550/651 465/182/184
f 1115/20/22 1109/1220/1765 1401/1413/1972 1398/21/23
f 1402/1174/1716 1401/1413/1972 1109/1220/1765 1105/1219/1764
f 2854/493/1989 2236/493/1990 2601/1432/1991 2863/1433/1992
f 1435/1283/1823 1436/1288/1827 1432/1434/1948 1431/1186/1822
f 1406/124/127 1225/1234/1775 1229/1233/1774 1407/1372/1915
f 1406/124/127 1411/123/126 1226/1273/1813 1225/1234/1775
f 3368/1435/1993 3366/1436/1994 2107/1437/1995 2540/1437/1996
f 1676/1422/1980 1207/1287/1826 1377/1140/1672 1684/1142/1674
f 1422/899/1338 1382/1263/1939 1233/1232/1773 1409/1231/1772
f 2851/770/1997 2863/1433/1992 2601/1432/1991 2062/1438/1998
f 1997/1439/1999 1728/226/2000 2002/911/2001 2588/1440/2002
f 1086/1441/1668 1370/1363/1906 1369/1442/2003
f 1374/998/1509 1380/1001/1512 1379/1421/1979 1373/1256/1798
f 1378/1346/1882 1419/760/982 1413/759/981 1228/1347/1883
f 966/665/798 298/673/805 12/1443/2004 286/666/799
f 1671/1075/1606 1142/243/270 1140/242/269 1670/1214/1760
f 2001/647/778 1724/139/777 1932/1444/2005 2615/1445/2006
f 1414/1370/1913 1415/1446/2007 1232/1447/1646 1231/1110/1645
f 1410/1305/1845 1420/1230/1771 1384/1153/1690 1235/1152/1689
f 1421/1448/2008 1386/1138/1670 1232/1447/1646 1415/1446/2007
f 1246/412/453 279/411/452 63/645/775 1240/644/774
f 3477/1449/2009 1487/884/1323 82/488/569 3504/1450/2010
f 1468/439/521 1484/461/520 1483/843/1206 102/27/1207
f 1304/288/319 1299/3/3 1298/1451/281 1303/1452/276
f 7/300/331 365/167/170 1311/290/321 1302/101/105
f 1297/102/106 1302/101/105 1311/290/321 1290/293/324
f 1284/906/1353 1321/905/1352 1331/931/1422 1291/1090/1621
f 1318/770/999 1297/102/106 1290/293/324 1326/443/487
f 1663/236/253 1664/235/252 1410/1305/1845 1421/1448/2008
f 1315/1089/1620 1307/1093/1626 1286/302/333 1294/301/332
f 1641/1453/2011 1651/1454/2012 1530/1455/2013 1531/1456/2014
f 33/59/1624 325/1120/1654 1066/77/79 304/58/78
f 1310/104/108 367/297/328 7/300/331 1302/101/105
f 1347/224/238 1339/225/1295 41/121/124 331/195/194
f 639/469/529 957/468/528 208/707/845 1360/706/844
f 3549/204/2015 2811/204/2016 2959/204/2017 3528/204/2018
f 523/337/369 1241/340/372 1250/370/405 963/676/808
f 1518/1147/1680 1668/901/1340 1667/900/1339 1524/916/1368
f 544/222/1372 173/222/1438 557/222/898 894/222/824
f 2686/1240/2019 2898/1457/2020 2692/1458/2021 2695/1238/2022
f 1418/1424/1984 1379/1421/1979 1380/1001/1512 1417/1268/1810
f 1437/1188/1734 1086/1459/1733 1440/1460/2023
f 1435/1283/1823 1086/415/1455 1433/1430/1986
f 1395/345/1789 1397/1250/1788 1223/1278/1818 1221/348/1791
f 3218/1362/1905 3263/1131/1663 1369/1442/2003 1370/1363/1906
f 1375/1258/1800 1372/1257/1799 1146/1325/1867 1193/1327/1869
f 1379/1421/1979 1418/1424/1984 1419/760/982 1378/1346/1882
f 3541/619/2024 3509/1115/2025 2626/145/2026 2038/1461/2027
f 2591/733/934 2163/350/2028 1703/377/416 1930/258/2029
f 271/825/1138 684/868/1287 861/448/1155 723/709/1154
f 1374/998/1509 1373/1256/1798 1376/1141/1673 1377/1140/1672
f 816/65/67 277/1078/1609 105/1365/1909 450/66/68
f 1086/1364/1668 1371/1168/1710 1178/1167/1709
f 2863/1433/1992 2851/770/1997 2832/102/2030 2824/1462/2031
f 3235/1134/1666 3256/1357/1894 1188/1166/1708 1368/1165/1707
f 1423/1431/1987 1426/1463/2032 1460/1464/2033 1461/1465/2034
f 1457/1466/2035 1086/1467/1455 1431/1468/1822 1456/1186/2036
f 1665/1304/1844 1664/235/252 1512/238/255 1522/1469/2037
f 32/1415/82 5/25/27 285/24/26 3521/1470/2038
f 1451/1471/2039 1460/1464/2033 1426/1472/2032 1086/947/1455
f 2650/1024/2040 2745/1025/2041 3128/1307/2042 3125/1473/2043
f 1456/1186/2036 1464/1393/1943 1449/1392/1942 1450/1186/1732
f 3204/1474/830 137/560/832 474/561/728 3279/1475/727
f 1453/521/619 1462/520/618 1429/520/1754 1425/521/1988
f 1439/1275/1815 1446/1274/1814 1086/1476/1733
f 1239/106/110 1251/638/766 280/989/1497 26/107/111
f 8/38/40 291/37/39 1071/71/72 296/51/53
f 1455/1477/1944 1430/1400/1949 1427/1289/1828 1463/1289/2044
f 3484/822/1251 261/266/1250 762/757/1132 3486/822/1131
f 1455/1394/1944 1463/1289/2044 1447/1478/2045 1448/1391/1941
f 1443/1425/1985 1442/1479/2046 1086/1426/1733
f 1458/1276/1816 1463/1289/2044 1427/1289/1828 1428/1210/1756
f 1440/1460/2023 1441/416/2047 1452/949/1457 1459/948/1456
f 1461/1465/2034 1460/1480/2033 1442/1481/2046 1443/1425/1985
f 1462/520/618 1454/1277/1817 1424/1209/1755 1429/520/1754
f 1392/1183/1728 1091/1024/1548 1093/525/1551 1383/1341/1876
f 868/222/1121 713/739/1095 241/750/1094 732/222/1122
f 1464/1393/1943 1432/1399/1948 1430/1482/1949 1455/1477/1944
f 1464/1393/1943 1456/1186/2036 1431/1186/1822 1432/1434/1948
f 1387/1154/1691 1388/1333/1875 1383/1334/1876 1141/1151/1688
f 1385/1390/1940 1389/1144/1730 1391/1184/1729 1143/1378/1920
f 1381/1139/1671 1386/1138/1670 1235/1152/1689 1141/1151/1688
f 1436/1288/1827 1435/1283/1823 1433/1430/1986 1434/1211/1757
f 1382/1263/1939 1234/1264/1805 1144/1146/1678 1385/1390/1940
f 1422/899/1338 1416/898/1337 1234/1264/1805 1382/1263/1939
f 781/372/1248 261/266/1250 715/266/1144 865/372/1143
f 1627/1483/2048 1568/1484/2049 1572/1485/2050 1622/1486/2051
f 1393/1487/2052 1394/1185/1731 1389/1144/1730 1390/1145/1677
f 286/666/799 12/1443/2004 312/985/1494 975/620/751
f 1392/1183/1728 1394/1185/1731 1201/1488/1959 1091/1024/1548
f 1104/485/564 1132/963/1475 1395/345/1789 1404/486/565
f 1461/1465/2034 1453/521/619 1425/521/1988 1423/1431/1987
f 3131/1489/2053 3130/1490/2054 2751/1491/2055 2755/1398/1947
f 2859/443/2056 2577/1492/2057 2065/1159/1699 2853/1493/2058
f 1140/242/269 1153/1202/1747 1673/1307/1761 1670/1214/1760
f 1386/1138/1670 1421/1448/2008 1410/1305/1845 1235/1152/1689
f 721/201/1220 856/202/1175 755/261/1174 104/439/1300
f 1208/1148/1681 1205/1320/1858 1679/1330/1872 1678/1313/1852
f 130/593/698 503/528/1538 985/596/705 486/594/699
f 1456/1186/2036 1450/1186/1732 1437/1188/1734 1457/1466/2035
f 418/782/2059 153/1494/230 1361/775/2060
f 1633/1495/2061 1620/1496/2062 1540/1497/2063 1550/1498/2064
f 1447/1478/2045 1086/1499/1733 1448/1500/1941
f 1324/1501/2065 1014/221/1578 414/222/485 1320/441/484
f 166/372/928 550/372/513 888/372/923 572/372/883
f 1424/1209/1755 1454/1277/1817 1458/1276/1816 1428/1210/1756
f 1292/471/531 1325/730/930 1319/303/334 1286/302/333
f 1463/1289/2044 1458/1276/1816 1439/1275/1815 1447/1478/2045
f 1445/520/621 1086/1502/1733 1446/1274/1814
f 1648/1503/2066 1640/1044/1569 1526/1504/2067 1527/882/1321
f 1448/1500/1941 1086/1505/1733 1449/1392/1942
f 1454/1277/1817 1462/520/618 1445/520/621 1446/1274/1814
f 3264/1290/1829 3234/1358/1895 1212/1506/1946 1669/1403/1951
f 1457/1466/2035 1437/1188/1734 1440/1460/2023 1459/948/1456
f 1086/1476/1733 1447/1478/2045 1439/1275/1815
f 1441/416/2047 1086/1507/1733 1438/1471/2068
f 1444/522/620 1086/1508/1733 1445/520/621
f 1442/1479/2046 1438/1471/2068 1086/1509/1733
f 728/832/1163 881/442/1074 722/808/1073 235/834/1171
f 1443/1425/1985 1444/522/620 1453/521/619 1461/1465/2034
f 1501/1510/2069 1650/1511/2070 1636/1512/2071 1500/1513/2072
f 2070/858/2073 1835/489/2074 2247/490/2075 2493/1514/2076
f 1527/882/1321 1526/1504/2067 1521/1515/2077 1520/459/518
f 1579/1516/2078 1569/1517/2079 1561/1518/2080 1580/1519/2081
f 1483/27/1206 1484/461/520 1469/1047/1572 438/1520/2082
f 154/448/880 638/868/1399 153/801/230
f 1874/455/2083 2292/372/2084 2460/372/2085 2287/372/2086
f 44/479/545 438/1520/2082 1469/1047/1572 1480/475/539
f 1626/1521/2087 1625/1522/2088 1542/956/2089 1543/955/2090
f 1491/1523/2091 1492/1524/2092 1646/1525/2093 1635/1526/2094
f 1483/27/1206 438/1520/2082 44/479/545 1482/478/544
f 545/222/1401 913/222/1371 153/222/230
f 1845/1527/2095 1841/855/2096 1857/1494/2097 2514/1528/2098
f 437/1529/2099 1476/1530/2100 1485/1531/2101 1481/1532/1282
f 1663/236/253 1662/1533/2102 1517/1534/2103 1523/237/254
f 1490/1535/2104 1539/1536/2105 1512/238/255 1523/237/254
f 1773/493/2106 2089/271/2107 2956/220/2108 2953/220/2109
f 1533/1537/2110 1528/883/1322 1519/458/517 1514/1538/2111
f 2090/448/2112 1775/220/2113 2389/788/2114 2445/442/2115
f 1633/1495/2061 1563/1539/2116 1573/1540/2117 1620/1496/2062
f 1666/1541/2118 1665/1304/1844 1522/1469/2037 1511/914/1366
f 1525/499/582 1538/498/581 1511/914/1366 1522/1469/2037
f 1652/1542/2119 1509/1543/2120 1508/1544/2121 1654/125/128
f 1490/1535/2104 1523/237/254 1517/1534/2103 1530/1545/2013
f 1635/1526/2094 1646/1525/2093 1535/1546/2122 1537/1547/2123
f 2020/1548/2124 1736/312/2125 2022/1549/2126 2596/990/2127
f 1646/1525/2093 1636/1512/2071 1536/1550/2128 1535/1546/2122
f 1924/27/2129 2273/27/2130 2406/681/2131 2395/454/2132
f 1500/1513/2072 1636/1512/2071 1646/1525/2093 1492/1524/2092
f 1647/1551/2133 1639/496/579 1525/499/582 1539/1536/2105
f 2352/222/2134 1888/736/2135 2322/736/2136 2427/222/2137
f 3330/1552/2138 2136/500/592 2557/365/595 3329/1553/2139
f 3310/1554/2140 3220/1555/2141 3093/1556/2142 3040/1557/2143
f 1852/200/2144 2242/1558/2145 2485/450/2146 2063/1061/2147
f 1539/1536/2105 1525/499/582 1522/1469/2037 1512/238/255
f 1534/1559/2148 1533/1537/2110 1514/1538/2111 1513/1560/2149
f 2455/743/2150 2298/813/2151 1877/814/2152 2295/742/2153
f 2545/1561/2154 2129/1019/1540 132/576/673 457/595/704
f 1627/1483/2048 1622/1486/2051 1541/1562/2155 1545/1563/2156
f 1650/1511/2070 1645/1564/2157 1533/1537/2110 1534/1559/2148
f 2566/224/2158 2085/223/2159 1769/438/2160 2077/911/2161
f 1566/1565/2162 1558/1566/2163 1594/1567/2164 1587/1568/2165
f 2520/200/2166 2250/27/1841 1851/200/1840 2237/27/2167
f 1767/875/2168 2803/179/2169 2809/224/2170 2081/224/2171
f 1625/1522/2088 1626/1521/2087 1570/1569/2172 1571/953/2173
f 1521/1515/2077 1526/1504/2067 1532/1570/2174 1515/1571/2175
f 1641/1453/2011 1531/1456/2014 1532/1570/2174 1642/1043/1568
f 1547/1572/2176 1555/1573/2177 1621/1574/2178 1630/1572/2179
f 2288/372/2180 1874/455/2083 2287/372/2086 2463/372/2181
f 1640/1044/1569 1642/1043/1568 1532/1570/2174 1526/1504/2067
f 3061/1575/2182 3054/1576/2183 3044/953/2184 3038/1577/2185
f 1498/1578/2186 1499/1579/2187 1649/1050/1575 1637/1580/2188
f 1630/1572/2179 1621/1574/2178 1558/1566/2163 1566/1565/2162
f 1632/1581/2189 1631/1582/2190 1548/1583/2191 1549/1584/2192
f 1601/1585/2193 1557/1523/2194 3032/1566/2195 3067/1567/2196
f 1631/1582/2190 1632/1581/2189 1564/1579/2197 1565/1586/2198
f 1489/915/1367 1529/1049/1574 1518/1147/1680 1524/916/1368
f 1554/1587/2199 1540/1497/2063 1620/1496/2062 1619/1588/2200
f 1774/226/2201 2274/222/2202 2427/222/2137 2322/736/2136
f 1406/124/127 1407/1372/1915 1652/1542/2119 1654/125/128
f 1913/222/2203 2364/222/2204 2446/222/2205 2313/222/2206
f 1644/497/580 1639/496/579 1504/954/1467 1505/953/1466
f 3086/1589/2207 3032/1566/2195 1557/1523/2194 1623/1590/2208
f 136/507/717 2134/505/2209 2547/505/2210 482/507/693
f 2792/220/2211 2567/220/2212 2398/215/2213 2790/215/2214
f 1532/1570/2174 1531/1456/2014 1516/1591/2215 1515/1571/2175
f 1581/1576/2216 1588/1592/2217 1564/1579/2197 1571/953/2173
f 1530/1545/2013 1517/1593/2103 1516/1591/2215 1531/1456/2014
f 3092/1594/2218 3036/1595/2219 3033/1596/2220 3084/1597/2221
f 1575/1598/2222 1562/1599/2223 1559/1600/2224 1576/1601/2225
f 1614/1587/2226 1493/1596/2227 1507/1042/1567 1610/1497/2228
f 1407/1372/1915 1408/1371/1914 1653/1602/2229 1652/1542/2119
f 1546/1603/2230 1547/1572/2176 1630/1572/2179 1629/1556/2231
f 1634/1604/2232 1618/1605/2233 1561/1518/2080 1569/1517/2079
f 1624/1606/2234 1560/1607/2235 1561/1518/2080 1618/1605/2233
f 1868/796/2236 2281/701/2237 2467/1608/2238 2277/765/2239
f 1553/1609/2240 1546/1603/2230 1629/1556/2231 1624/1606/2234
f 2379/1610/2241 1900/859/2242 2365/272/2243 2425/794/2244
f 1558/1566/2163 1557/1523/2194 1601/1585/2193 1594/1567/2164
f 1619/1588/2200 1620/1496/2062 1573/1540/2117 1559/1600/2224
f 1535/1546/2122 1509/1543/2120 1510/1611/2245 1537/1547/2123
f 3082/1579/2246 1617/1586/2247 1548/1583/2191 3025/1581/2248
f 1621/1574/2178 1623/1590/2208 1557/1523/2194 1558/1566/2163
f 1506/1612/2249 1504/954/1467 1639/496/579 1647/1551/2133
f 1696/1613/2250 1946/673/2251 2526/1614/2252 1934/1615/2253
f 2111/1616/2254 1788/1073/1604 2116/482/2255 2552/1034/2256
f 3449/851/2257 2282/852/2258 1861/342/2259 3420/1617/2260
f 1571/953/2173 1564/1579/2197 1632/1581/2189 1625/1522/2088
f 1534/1559/2148 1513/1560/2149 1508/1544/2121 1536/1550/2128
f 1616/1618/2261 1615/1498/2262 1497/1041/1566 1503/1619/2263
f 1908/717/2264 2370/720/1594 2456/809/1597 2294/717/2265
f 2200/272/2266 1812/448/2267 2198/448/2268 2500/787/2269
f 1626/1521/2087 1622/1486/2051 1572/1485/2050 1570/1569/2172
f 3402/1620/2270 2054/742/1701 2246/742/2271 3522/1621/2272
f 3440/1622/2273 2300/263/2274 2422/755/2275 3527/897/2276
f 1629/1556/2231 1567/1623/2277 1560/1607/2235 1624/1606/2234
f 1627/1483/2048 1628/1599/2278 1562/1594/2223 1568/1484/2049
f 2025/1624/2279 1737/380/2280 2838/1452/2281 2839/1625/2282
f 1643/1626/2283 1648/1503/2066 1527/882/1321 1528/883/1322
f 1651/1454/2012 1638/1627/2284 1490/1535/2104 1530/1455/2013
f 1536/1550/2128 1508/1544/2121 1509/1543/2120 1535/1546/2122
f 1732/427/2285 1733/1035/2286 2015/1628/2287
f 1645/1564/2157 1643/1626/2283 1528/883/1322 1533/1537/2110
f 1567/1623/2277 1629/1556/2231 1630/1572/2179 1566/1565/2162
f 1638/1627/2284 1647/1551/2133 1539/1536/2105 1490/1535/2104
f 1650/1511/2070 1501/1510/2069 1494/1629/2288 1645/1564/2157
f 2357/372/2289 1919/372/1685 2373/372/2290 2417/372/2291
f 1644/497/580 1637/1580/2188 1489/915/1367 1538/498/581
f 1637/1580/2188 1649/1050/1575 1529/1049/1574 1489/915/1367
f 1421/1448/2008 1415/1630/2007 1662/1533/2102 1663/236/253
f 2083/204/2292 1770/204/2293 2804/204/2294 2810/204/2295
f 2465/448/2296 2283/709/2297 1869/1631/2298 2279/765/2299
f 1551/1599/2300 1554/1587/2199 1619/1588/2200 1628/1594/2278
f 1503/1619/2263 1495/1632/2301 1612/1633/2302 1616/1618/2261
f 1563/1539/2116 1578/1634/2303 1577/1635/2304 1573/1540/2117
f 1550/1498/2064 1615/1498/2262 1616/1618/2261 1544/1618/2305
f 3095/1581/2306 3025/1581/2248 1548/1583/2191 1631/1582/2190
f 1651/1636/2012 1496/1594/2307 1502/1637/2308 1638/1627/2284
f 1713/439/2309 1960/147/151 2565/329/1908 2097/877/1308
f 1628/1599/2278 1619/1588/2200 1559/1600/2224 1562/1594/2223
f 1546/1603/2230 1602/1603/2310 1607/1572/2311 1547/1572/2176
f 3078/1594/2312 3027/1599/2313 3030/1587/2314 3079/1587/2315
f 2270/448/2316 1920/222/2317 2309/709/2318 2447/448/2319
f 2531/634/2320 2031/1638/2321 1740/1639/2322 2029/643/2323
f 1613/1599/2324 1551/1594/2300 1545/1563/2156 1603/1563/2325
f 1606/956/1469 1604/955/1468 1543/955/2090 1542/956/2089
f 1872/455/2326 2289/372/2327 2462/372/2328 2285/372/2329
f 3031/1640/2330 3086/1589/2207 1623/1590/2208 1556/1641/2331
f 1636/1512/2071 1650/1511/2070 1534/1559/2148 1536/1550/2128
f 3365/1642/2332 2121/365/2333 2536/365/2334 3367/1643/2335
f 1798/501/593 2135/529/629 2548/585/701 2133/501/594
f 1553/1609/2240 1611/1609/2336 1602/1603/2310 1546/1603/2230
f 1859/633/2337 2381/782/2338 2411/1644/2339 2397/860/2340
f 1541/1562/2155 1605/1562/2341 1603/1563/2325 1545/1563/2156
f 2264/490/2342 1922/275/2343 2310/272/2344 2448/1645/2345
f 1543/955/2090 1604/955/1468 1605/1562/2341 1541/1562/2155
f 1976/569/2346 1784/1646/2347 2115/554/2348 2553/1647/2349
f 3066/1648/2350 3065/1649/2351 1599/1650/2352 1600/1651/2353
f 214/904/1351 798/786/1021 822/867/1286 806/865/1284
f 1897/372/2354 2332/372/2355 2432/372/2356 2357/372/2289
f 1554/1587/2199 1614/1587/2226 1610/1497/2228 1540/1497/2063
f 1547/1572/2176 1607/1572/2311 1608/1573/2357 1555/1573/2177
f 3185/372/2358 1825/455/2359 1818/27/1584
f 1624/1606/2234 1618/1605/2233 1552/1633/2360 1553/1609/2240
f 1540/1497/2063 1610/1497/2228 1615/1498/2262 1550/1498/2064
f 1507/1042/1567 1493/1596/2227 1641/1453/2011 1642/1043/1568
f 1567/1623/2277 1566/1565/2162 1587/1568/2165 1580/1519/2081
f 1496/1595/2307 1493/1596/2227 1614/1587/2226 1613/1594/2324
f 1609/1641/2361 1556/1641/2331 1555/1573/2177 1608/1573/2357
f 2575/221/1702 2857/1501/2362 2853/1493/2058 2065/1159/1699
f 2438/372/2363 2328/372/2364 1917/372/2365 2360/372/2366
f 1618/1605/2233 1634/1604/2232 1544/1618/2305 1552/1633/2360
f 2015/1628/2287 1733/1035/2286 2014/565/2367 2533/993/1501
f 1552/1633/2360 1612/1633/2302 1611/1609/2336 1553/1609/2240
f 17/593/109 120/929/1415 2117/562/2368 2551/598/708
f 2029/643/2323 1807/1652/2369 2154/1653/2370 2531/634/2320
f 1544/1618/2305 1616/1618/2261 1612/1633/2302 1552/1633/2360
f 3064/1654/2371 3063/1655/2372 1597/1656/2373 1598/1657/2374
f 1613/1599/2324 1614/1587/2226 1554/1587/2199 1551/1594/2300
f 1563/1539/2116 1569/1517/2079 1579/1516/2078 1578/1634/2303
f 1545/1563/2156 1551/1599/2300 1628/1594/2278 1627/1483/2048
f 1548/1583/2191 1617/1586/2247 1499/1658/2187 1549/1584/2192
f 3067/1567/2196 3066/1648/2350 1600/1651/2353 1601/1585/2193
f 1858/468/2375 2385/1659/2376 2407/1660/2377 2391/464/2378
f 2308/1661/2379 1884/808/2380 2350/794/2381 2415/794/2382
f 1610/1497/2228 1507/1042/1567 1497/1041/1566 1615/1498/2262
f 2138/561/2383 1799/560/2384 2141/505/1529 2538/505/1850
f 1574/1662/2385 1581/1576/2216 1571/953/2173 1570/1569/2172
f 1879/753/2386 2323/754/2387 2424/1663/2388 2349/754/2389
f 2486/372/2390 2245/372/2391 3570/372/2392 3580/372/2393
f 1596/1664/2394 1595/1665/2395 1588/1592/2217 1589/1666/2396
f 1562/1599/2223 1575/1598/2222 1574/1662/2385 1568/1484/2049
f 3376/1667/2397 1689/25/2398 1955/193/192 3375/192/191
f 1575/1668/2222 1582/1669/2399 1581/1576/2216 1574/1662/2385
f 3074/1640/2400 3031/1640/2330 1556/1641/2331 1609/1641/2361
f 1920/222/2317 2270/448/2316 2408/966/2401 2392/865/2402
f 1582/1670/2399 1589/1671/2396 1588/1592/2217 1581/1576/2216
f 1910/769/2403 2367/372/2404 2451/372/2405 2301/266/2406
f 1583/1672/2407 1582/1669/2399 1575/1668/2222 1576/1601/2225
f 1934/1615/2253 1803/1382/1926 2153/623/1925 2534/620/2408
f 1922/275/2343 2264/490/2342 2412/489/2409 2265/271/2410
f 1583/1672/2407 1590/1673/2411 1589/1671/2396 1582/1670/2399
f 3065/1649/2351 3064/1654/2371 1598/1657/2374 1599/1650/2352
f 1590/1673/2411 1597/1656/2373 1596/1664/2394 1589/1666/2396
f 1647/1551/2133 1638/1627/2284 1502/1637/2308 1506/1612/2249
f 2454/222/2412 2296/739/2413 1909/736/2414 2369/222/2415
f 1573/1540/2117 1577/1635/2304 1576/1601/2225 1559/1600/2224
f 1584/1674/2416 1583/1672/2407 1576/1601/2225 1577/1635/2304
f 1867/1675/2417 2308/1661/2379 2415/794/2382 2343/1676/2418
f 1584/1674/2416 1591/1677/2419 1590/1673/2411 1583/1672/2407
f 1591/1677/2419 1598/1657/2374 1597/1656/2373 1590/1673/2411
f 2362/846/2420 1903/828/2421 2307/201/2422 2442/202/2423
f 1651/1636/2012 1641/1453/2011 1493/1596/2227 1496/1594/2307
f 1578/1634/2303 1585/1678/2424 1584/1674/2416 1577/1635/2304
f 2776/1679/2425 2155/1680/2426 2523/676/2427 2784/370/2428
f 1585/1678/2424 1592/1681/2429 1591/1677/2419 1584/1674/2416
f 1592/1681/2429 1599/1650/2352 1598/1657/2374 1591/1677/2419
f 49/212/288 346/211/287 1035/318/349 354/317/348
f 1586/1682/2430 1585/1678/2424 1578/1634/2303 1579/1516/2078
f 1586/1682/2430 1593/1683/2431 1592/1681/2429 1585/1678/2424
f 1593/1683/2431 1600/1651/2353 1599/1650/2352 1592/1681/2429
f 1565/1586/2198 1564/1579/2197 1588/1592/2217 1595/1665/2395
f 2594/148/152 2150/439/2432 1808/439/2433 2156/1684/2434
f 1580/1519/2081 1587/1568/2165 1586/1682/2430 1579/1516/2078
f 1594/1567/2164 1593/1683/2431 1586/1682/2430 1587/1568/2165
f 1594/1567/2164 1601/1585/2193 1600/1651/2353 1593/1683/2431
f 1504/954/1467 1506/1612/2249 1605/1562/2341 1604/955/1468
f 1567/1623/2277 1580/1519/2081 1561/1518/2080 1560/1607/2235
f 1626/1521/2087 1543/955/2090 1541/1562/2155 1622/1486/2051
f 2606/1095/2435 2033/1685/2436 1809/1686/2437 2157/1687/2438
f 1633/1495/2061 1550/1498/2064 1544/1618/2305 1634/1604/2232
f 3289/1688/2439 2105/560/2440 1793/561/2441 3286/1689/2442
f 3285/1690/681 2126/600/680 1794/1691/2443 3287/1692/2444
f 1040/274/306 405/271/303 78/269/300 649/268/299
f 1612/1633/2302 1495/1632/2301 1494/1629/2288 1611/1609/2336
f 2430/372/2445 2355/372/2446 1893/1061/2447 2324/27/2448
f 1632/1581/2189 1549/1584/2192 1542/956/2089 1625/1522/2088
f 1608/1573/2357 1492/1524/2092 1491/1523/2091 1609/1641/2361
f 1414/1370/1913 1413/759/981 1660/762/984 1661/1693/2449
f 1602/1603/2310 1501/1510/2069 1500/1513/2072 1607/1572/2311
f 1904/701/1627 2376/222/2450 2466/222/2451 2278/701/2452
f 2766/1260/2453 2764/1694/2454 2679/1242/2455 2658/1236/2456
f 1505/953/1466 1606/956/1469 1499/1579/2187 1498/1578/2186
f 3428/897/2457 3533/1695/2458 2437/30/2459 2329/263/2460
f 1605/1562/2341 1506/1612/2249 1502/1637/2308 1603/1563/2325
f 2275/222/2461 1920/222/2317 2317/222/2462 2444/222/2463
f 1501/1510/2069 1602/1603/2310 1611/1609/2336 1494/1629/2288
f 2307/791/2422 1778/439/2464 2341/1696/2465 2442/202/2423
f 3370/1697/2466 2143/365/2467 2549/500/2468 3369/1698/2469
f 1648/1503/2066 1503/1619/2263 1497/1041/1566 1640/1044/1569
f 2880/224/2470 1981/911/2471 1719/439/2472 2872/225/2473
f 2303/817/2474 1882/260/2475 2302/30/2476 2453/30/2477
f 1937/1303/1311 1735/189/2478 2023/1085/2479 2595/447/495
f 1555/1573/2177 1556/1641/2331 1623/1590/2208 1621/1574/2178
f 1803/1382/1926 2159/662/2480 2609/1699/2481 2146/1383/1927
f 2975/915/1577 3099/1051/1576 3106/1700/2482 3015/1701/2483
f 3100/1627/2484 2985/1702/2485 2981/1599/2486 3112/1454/2487
f 3411/693/2488 3542/1703/2489 1688/672/770 2777/983/932
f 1935/655/2490 1804/656/2491 2160/1704/2492 2525/669/2493
f 2827/1705/2494 2846/470/2495 2842/1093/2496 2821/302/2497
f 2117/562/2368 120/929/1415 467/593/1416 2622/181/1866
f 3199/1706/2498 2403/32/2499 2101/1707/2500 3274/1708/2501
f 2087/1709/2502 2955/1710/2503 2970/1711/2504 2969/27/2505
f 1656/1270/1812 1655/122/125 1513/1560/2149 1514/1538/2111
f 2839/1625/2282 2836/1712/2506 1707/1713/2507 2025/1624/2279
f 1519/458/517 1657/457/516 1656/1270/1812 1514/1538/2111
f 1660/762/984 1659/761/983 1521/1515/2077 1515/1571/2175
f 310/1714/2508 19/1715/2509 1963/402/2510 2584/393/2511
f 1415/1446/2007 1414/1370/1913 1661/1693/2449 1662/1533/2102
f 3063/1655/2372 3062/1671/2512 1596/1716/2394 1597/1656/2373
f 1570/1569/2172 1572/1485/2050 1568/1484/2049 1574/1662/2385
f 1516/1591/2215 1661/1693/2449 1660/762/984 1515/1571/2175
f 2793/224/2513 2568/224/2514 2399/225/2515 2789/223/2516
f 3083/1717/2517 3088/1718/2518 3029/1606/2519 3028/1719/2520
f 1659/761/983 1658/456/515 1520/459/518 1521/1515/2077
f 3438/480/2521 2086/1529/2522 2962/1530/2523 3537/1720/2524
f 1524/916/1368 1667/900/1339 1666/1541/2118 1511/914/1366
f 2681/1175/2525 2678/1237/2526 2658/1243/2456 2670/1177/2527
f 1409/1231/1772 1666/1541/2118 1667/900/1339 1422/899/1338
f 1409/1231/1772 1420/1230/1771 1665/1304/1844 1666/1541/2118
f 1772/220/2528 2088/714/2529 2961/220/2530 2965/1721/2531
f 1044/239/260 386/43/45 67/46/48 390/388/428
f 3398/895/1333 680/769/1028 242/769/1198 3400/896/1335
f 2637/1267/1809 1939/199/2532 1692/1722/396 1944/70/2533
f 38/135/138 333/136/146 1346/220/1342 1338/220/1344
f 2171/372/2534 1822/372/2535 2183/372/2536 2474/372/2537
f 2011/764/2538 1750/1723/2539 2055/1724/2540 2602/714/2541
f 1086/1224/1668 1186/1375/1917 1170/1223/1767
f 1672/1306/1846 1182/1201/1746 1147/1225/1768 1674/1404/1952
f 1121/1218/1763 1221/348/1791 1223/1278/1818 1124/1217/1762
f 2643/1171/2542 2730/8/2543 2731/9/2544 2656/1725/2545
f 2862/29/31 2849/28/30 2831/1726/2546 2834/1727/2547
f 3300/1728/2548 3272/1729/2549 1946/673/2251 1696/1613/2250
f 2641/1730/2550 1940/14/2551 1685/13/1534 1929/688/1965
f 2068/782/2552 2518/783/2553 2069/1731/2554 2892/775/2555
f 1933/1014/1535 2640/1732/2556 1942/1733/2557 1689/25/2398
f 15/64/66 1950/1734/2558 2632/1735/2559 309/78/80
f 2673/964/2560 2661/1736/2561 2688/963/2562 2664/962/2563
f 3320/1737/2564 3358/363/397 1692/38/396 1939/199/2532
f 2656/1725/2545 2731/9/2544 2744/245/2565 2743/1738/2566
f 3360/1739/2567 2638/1740/2568 1936/1104/2569 3359/1741/2570
f 2847/47/1964 2828/50/2571 2822/49/2572 2841/1742/2573
f 1726/1743/2574 2006/1744/2575 2628/128/2576 1995/129/2577
f 2046/396/2578 1739/57/1983 1926/1068/2579 2585/1745/2580
f 2636/1032/1557 1944/70/2533 1692/38/396 2053/362/395
f 3540/1746/2581 3432/1747/2582 2162/984/935 1686/353/2583
f 2030/56/1938 2635/1389/1937 1926/1068/2579 1739/57/1983
f 81/450/499 646/27/498 1038/281/312 408/280/311
f 3208/1265/1806 3271/1748/2584 1698/426/2585 1945/1749/2586
f 21/1750/77 307/75/76 2633/61/63 1952/1054/2587
f 1689/25/2398 1942/1733/2557 2629/131/2588 1955/193/192
f 309/78/80 2632/1735/2559 1951/58/60 20/79/81
f 2598/277/309 2020/1548/2124 1702/1751/2589 1961/278/310
f 2774/1752/2590 1702/1751/2589 1928/1753/2591 2785/1039/1564
f 1961/278/310 1702/1751/2589 2774/1752/2590 2786/1754/2592
f 1950/1734/2558 1707/1713/2507 1974/1120/2593 2632/1735/2559
f 2727/1755/2594 2732/1128/2595 2102/117/1306 1783/878/1309
f 2099/86/2596 2722/1097/1633 32/1756/82 1782/1757/2597
f 1719/439/2472 1932/1444/2005 2630/1758/2598 1987/888/2599
f 1955/193/192 2629/131/2588 1959/90/92 1700/89/91
f 1983/136/1503 2627/128/2600 1995/129/2577 1716/135/1504
f 2628/128/2576 1982/136/1958 1716/135/1504 1995/129/2577
f 2618/216/2601 1947/141/2602 1718/1759/2603 1984/216/1956
f 2627/128/2600 1983/136/1503 1718/1759/2603 1947/141/2602
f 2631/1760/2604 1972/724/2605 1707/1713/2507 1950/1734/2558
f 1786/183/2606 2108/180/1865 2541/527/626 2125/1761/2607
f 2039/146/2608 2626/145/2026 363/144/148 64/143/147
f 2038/1461/2027 2626/145/2026 2039/146/2608 1741/439/2609
f 2060/372/2610 2578/1762/2611 2009/27/29 1754/913/2612
f 2869/227/1955 2878/224/2613 1985/224/1901 1717/875/1900
f 1970/1417/1976 2625/1416/1975 1958/1007/2614 1712/1343/1879
f 1805/1763/2615 2160/1704/2492 2623/1764/2616 2147/1765/2617
f 16/1766/84 1973/941/1447 1709/1414/1973
f 3333/1767/1565 2785/1039/1564 1928/1753/2591 3324/1768/1313
f 2078/220/2618 2612/220/1795 2400/215/2619 1765/234/2620
f 2848/1089/2621 1974/1120/2593 1707/1713/2507 2836/1712/2506
f 2624/968/2622 1967/1415/1974 1709/1414/1973 1973/941/1447
f 2031/1638/2321 2531/634/2320 2147/1765/2617 1731/166/1898
f 2855/731/2623 2861/777/2624 2828/50/2571 2830/172/2625
f 2623/1764/2616 2013/167/1899 1731/166/1898 2147/1765/2617
f 2847/47/1964 2835/163/1963 2830/927/2625 2828/50/2571
f 1990/225/2626 1730/888/2627 2002/911/2001 2616/224/1902
f 1727/212/212 2005/1769/2628 2627/128/2600 1947/141/2602
f 2101/1707/2500 2403/32/2499 1925/33/2629 1780/175/2630
f 2112/182/1526 2622/181/1866 2108/180/1865 1786/183/2606
f 1977/1770/2631 2621/1107/1643 1964/1349/1885 1705/186/1884
f 1706/1771/2632 1978/1351/1887 2620/1350/1886 1965/1772/2633
f 2619/207/418 2047/209/1461 1746/1062/1589 2044/206/419
f 1725/218/2634 2003/397/2635 2617/219/2636 1994/1773/2637
f 2618/216/2601 1984/216/1956 1717/875/1900 1988/875/1903
f 1982/136/1958 2628/128/2576 1994/1773/2637 1715/1323/1863
f 2617/219/2636 1980/1324/1864 1715/1323/1863 1994/1773/2637
f 1990/225/2626 2616/224/1902 1985/224/1901 1721/225/2638
f 1998/228/2639 2615/1445/2006 1981/911/2471 1714/1774/2640
f 3511/1775/2641 3437/890/1329 2614/889/1328 1986/204/2642
f 2400/215/2619 2613/177/1695 2076/217/1694 1765/234/2620
f 1744/1776/2643 2045/45/2644 2604/1777/2645 2034/1778/2646
f 2035/1087/2647 1743/1779/2648 1996/211/211 2597/214/214
f 2084/220/1796 2612/220/1795 2078/220/2618 1766/220/2649
f 2378/372/2650 2434/372/2651 3574/372/2652 3573/372/2653
f 1991/875/2654 2611/216/2655 2080/216/2656 1767/875/2168
f 1711/1055/1962 1975/60/62 2846/470/2495 2835/173/1963
f 3394/204/2657 3514/204/2658 1770/204/2293 1992/204/2659
f 2580/1780/2660 2049/1030/1556 1747/1029/1555 2051/1781/2661
f 2146/1383/1927 2609/1699/2481 2045/45/2644 1744/1776/2643
f 3138/1782/2662 1818/27/1584 3182/1783/2663
f 2032/439/2664 2608/251/2665 2036/1784/2666 1741/439/2609
f 1964/1349/1885 17/1785/109 2620/1350/1886
f 2036/1784/2666 2608/251/2665 2033/1685/2436 1742/1786/2667
f 2607/257/1591 1930/258/2029 1703/377/416 2044/206/419
f 2033/1685/2436 2606/1095/2435 2035/1087/2647 1742/1786/2667
f 1996/211/211 1743/1779/2648 2040/388/2668 2605/1787/2669
f 1996/211/211 2605/1787/2669 2005/1769/2628 1727/212/212
f 1745/946/1483 1979/1788/2670 2603/1789/2671 2043/646/776
f 2623/1764/2616 1732/1790/2285 1691/300/2672 2013/167/1899
f 2597/214/214 1997/1439/1999 1742/1786/2667 2035/1087/2647
f 2604/1777/2645 2006/1744/2575 1726/1743/2574 2034/1778/2646
f 2843/779/2673 2840/1360/1897 2820/1791/2674 2823/780/2675
f 2025/1624/2279 2593/379/772 2012/671/771 1737/248/2280
f 2009/27/29 2600/30/32 3582/30/2676 3560/27/2677
f 2603/1789/2671 2007/1792/2678 1724/139/777 2043/646/776
f 2056/271/2679 2601/1432/1991 2236/493/1990 1753/269/2680
f 2236/493/1990 2602/714/2541 2055/1724/2540 1753/269/2680
f 2859/443/2056 2853/1493/2058 2820/1791/2674 2825/1793/2681
f 1943/1130/1808 2634/1794/2682 2019/190/2683 1690/198/2684
f 2062/1438/1998 2601/1432/1991 2056/271/2679 1752/1795/2685
f 1828/372/2686 2174/372/2687 2476/372/2688 2167/372/2689
f 2058/263/2690 1749/261/2691 3553/261/2692 3561/263/2693
f 32/1796/82 448/84/86 1003/83/85
f 2011/764/2538 2599/281/2694 2059/280/2695 1750/1723/2539
f 3447/1401/2696 3515/1797/2697 2823/780/2675 2857/1501/2362
f 3516/1798/2698 3541/619/2024 2038/1461/2027 2587/1799/2699
f 2836/1712/2506 2839/1625/2282 2834/1727/2547 2831/1726/2546
f 2820/1791/2674 2840/1360/1897 2845/1359/1896 2825/1793/2681
f 3423/1800/827 3406/1067/1593 2/353/386 533/352/385
f 2251/200/2700 3182/1783/2663 2520/1061/2166
f 2848/1089/2621 2829/1801/2701 2821/302/2497 2842/1093/2496
f 2444/222/2463 2363/222/2702 1902/222/2703 2275/222/2461
f 2852/1802/2704 2821/302/2497 2829/1801/2701 2860/304/2705
f 2158/1803/2706 1809/1686/2437 2033/1685/2436 2608/251/2665
f 3152/1804/2707 3151/1805/2708 3162/1806/2709
f 2598/277/309 2021/309/362 1736/312/2125 2020/1548/2124
f 1997/1439/1999 2597/214/214 2004/213/213 1728/226/2000
f 3362/1807/1310 2596/990/2127 2022/1549/2126 3361/1808/2710
f 3543/247/2711 3426/1809/2712 2590/1810/2713 2024/368/2714
f 3273/1811/2715 2634/1794/2682 1943/1130/1808 3229/1266/1807
f 2607/257/1591 1989/354/2716 1686/353/2583 1930/258/2029
f 3000/459/2717 3006/1812/2718 3007/1317/1856 2999/1813/2719
f 1745/946/1483 2042/943/1492 2584/393/2511 1979/1788/2670
f 2150/439/2432 2594/148/152 1960/147/151 1713/439/2309
f 2781/685/2720 2592/1282/1821 2163/350/2028 2778/1814/2721
f 2593/379/772 2025/1624/2279 1707/1713/2507 1972/724/2605
f 3539/629/2722 2003/397/2635 2585/1745/2580 3517/1815/2723
f 1927/1816/2724 1740/1639/2322 2031/1638/2321 2590/1810/2713
f 2163/350/2028 2592/1282/1821 1962/378/417 1703/377/416
f 2006/1744/2575 1725/218/2634 1994/1773/2637 2628/128/2576
f 2162/984/935 2591/733/934 1930/258/2029 1686/353/2583
f 2840/1360/1897 2843/779/2673 2024/368/2714 1731/166/1898
f 2590/1810/2713 2031/1638/2321 1731/166/1898 2024/368/2714
f 3426/1817/2712 3542/1818/2489 1927/1816/2724 2590/1810/2713
f 2106/606/724 2556/543/2725 2103/1819/2726 1785/609/2727
f 2776/1679/2425 2784/370/2428 2149/154/1724 1807/1652/2369
f 2973/884/2728 1757/226/2729 2077/911/2161 2974/460/2730
f 2589/1182/1727 2017/152/1726 1734/1820/2731 2018/1821/2732
f 1946/673/2251 1694/675/2733 2148/981/2734 2526/1614/2252
f 1999/439/2735 2588/1440/2002 2002/911/2001 1730/888/2627
f 2606/1095/2435 2037/390/2736 1743/1779/2648 2035/1087/2647
f 3516/1798/2698 3421/887/1326 1723/1822/2737 1931/1823/2738
f 396/1046/2739 71/919/2739 1355/919/2740 1009/1046/2741
f 1749/260/2691 2484/261/2742 3578/261/2743 3553/260/2692
f 2037/390/2736 2586/1384/1928 2040/388/2668 1743/1779/2648
f 2161/1824/2744 1732/418/2285 1802/407/2745
f 2145/625/1500 1802/995/2745 2015/1628/2287 2533/993/1501
f 2046/396/2578 2585/1745/2580 2003/397/2635 1725/218/2634
f 1745/946/1483 2043/646/776 2583/137/779 2041/408/447
f 2584/393/2511 1963/402/2510 1704/401/2746 1979/1788/2670
f 1698/1002/2585 1732/419/2285 2016/1825/2747
f 2775/1388/1935 1740/1639/2322 1927/1816/2724 2780/412/1936
f 2583/137/779 2048/1063/1590 1746/1062/1589 2041/408/447
f 1965/1772/2633 2579/1028/1554 2049/1030/1556 1706/1771/2632
f 2042/943/1492 1745/946/1483 951/946/1484 945/943/1493
f 1732/419/2285 2015/1628/2287 1802/407/2745
f 2958/204/533 2954/1826/2748 3587/1826/2749 3589/204/2750
f 2581/1056/1586 1968/162/1961 1693/1827/2751 2050/1009/1522
f 1706/1828/2632 2049/1030/1556 2580/1780/2660 1938/431/2752
f 2059/280/2695 2599/281/2694 2233/450/2753 1756/27/2754
f 17/1829/109 2579/1028/1554 1965/1830/2633
f 2825/1793/2681 2832/102/2030 2851/770/1997 2859/443/2056
f 2578/1762/2611 2060/372/2610 1755/372/2755 2064/374/2756
f 3003/916/1679 2975/915/1577 3015/1701/2483 2993/914/2757
f 2065/1159/1699 2577/1492/2057 2057/448/2758 1751/1160/1700
f 2249/372/2759 2894/372/2760 2071/372/2761 2494/455/2762
f 3447/253/2696 2857/1501/2362 2575/221/1702 3518/1831/2763
f 2061/372/2764 1756/27/2754 2233/450/2753 2576/373/2765
f 2898/1457/2020 1499/1832/1785 2895/93/2766
f 1824/372/2767 2249/372/2759 2494/455/2762 2171/372/2534
f 3518/1833/2763 2575/221/1702 2054/742/1701 3402/1621/2270
f 2998/1534/2768 3002/237/2769 2976/1834/2770 3008/1455/2771
f 1837/1835/2772 2067/1836/2773 2893/1837/2774
f 2574/1061/2775 2256/200/2776 2894/372/2760 1837/1838/2772
f 2799/225/2777 2791/224/2778 2880/224/2470 2872/225/2473
f 1837/1839/2772 2894/372/2760 2249/372/2759 2258/27/2779
f 1768/215/2780 2815/215/2781 2812/177/2782 2080/216/2656
f 687/847/1237 849/372/1202 746/372/1180 275/307/338
f 1472/204/590 444/439/1341 103/27/1029 1466/204/591
f 2067/1836/2773 2515/1840/2783 2066/786/2784 2893/1837/2774
f 2511/967/1479 2223/808/1478 2887/794/2785 2221/1841/2786
f 2974/460/2730 2077/911/2161 1769/438/2160 2806/1842/2787
f 115/593/1532 467/593/1416 1058/181/183 461/180/182
f 3537/1720/2524 2962/1530/2523 2814/1843/2788 3427/1844/2789
f 2816/223/2790 2811/204/2016 2082/204/2791 1771/225/2792
f 2817/1845/2793 2965/1721/2531 2961/220/2530 2813/220/2794
f 3520/1449/2795 2972/885/2796 2076/217/1694 3512/1079/1693
f 2854/493/1989 2819/906/2797 2826/1090/2798 2864/1846/2799
f 2963/215/2800 2960/177/2801 2812/177/2782 2815/215/2781
f 2797/220/1794 2874/220/1957 2867/215/1862 2788/215/2802
f 2794/204/2803 2569/204/2804 2085/223/2159 2799/225/2777
f 1701/1847/2805 1957/1848/2806 2563/1849/2807 1956/1850/2808
f 2082/204/2791 2610/204/2809 2399/225/2515 1771/225/2792
f 2600/30/32 2862/29/31 2856/256/2810 2231/203/2811
f 2083/204/2292 1769/438/2160 2085/223/2159 2569/204/2804
f 3336/1851/2812 3374/191/190 1700/89/91 2095/88/90
f 2081/224/2171 2568/224/2514 1991/875/2654 1767/875/2168
f 1766/220/2649 2079/220/2813 2567/220/2212 2084/220/1796
f 2399/225/2515 2568/224/2514 2081/224/2171 1771/225/2792
f 2964/223/2814 1778/261/2464 2092/758/2815 2959/204/2017
f 2398/215/2213 2567/220/2212 2079/220/2813 1768/215/2780
f 1998/228/2639 1729/355/2816 2001/138/778 2615/1445/2006
f 2401/227/2817 2566/224/2158 2077/911/2161 1757/226/2729
f 2079/220/2813 1766/220/2649 2805/220/2818 2808/220/2819
f 2089/220/2107 1775/272/2113 2963/215/2800 2956/220/2108
f 2964/223/2814 2959/204/2017 2811/204/2016 2816/223/2790
f 2112/182/1526 1786/183/2606 2107/1437/1995 2555/1012/1527
f 2958/204/533 2810/204/2820 2804/204/2294 2952/204/534
f 2960/177/2801 2951/179/2821 2803/179/2169 2812/177/2782
f 2957/224/2822 2809/224/2170 2803/179/2169 2951/179/2821
f 1669/1403/1951 1212/1397/1946 1189/1396/1945 1674/1404/1952
f 2953/220/2109 2956/220/2108 2808/220/2819 2805/220/2818
f 3214/1852/2823 2118/560/2824 1785/561/2727 3207/1853/2825
f 3126/1406/2826 3125/1473/2043 2696/1854/2827 2697/243/2828
f 1783/878/1309 2097/877/1308 2565/329/1908 2098/66/1907
f 2096/1344/1880 2564/1855/2829 2099/86/2596 1782/1757/2597
f 1956/1850/2808 2563/1849/2807 2100/513/2830 1781/1856/2831
f 2990/1042/2832 2982/1857/2833 3102/1858/2834 3104/1043/2835
f 2095/88/90 2561/87/89 2101/1707/2500 1780/175/2630
f 2094/1859/2836 2560/876/1307 2102/117/1306 1779/515/2837
f 3200/444/492 3219/1860/2838 1734/1820/2731 2017/152/1726
f 2109/1861/2839 1792/1861/2840 2124/533/1581 2558/534/2841
f 3290/1862/2842 3207/1863/2825 1785/609/2727 2103/1819/2726
f 466/544/645 121/557/658 2115/554/2348 2556/543/2725
f 3329/1553/2139 2557/365/595 2121/365/2333 3365/1642/2332
f 3344/1071/1602 2555/1012/1527 2107/1437/1995 3366/1436/1994
f 468/556/657 55/564/664 2014/565/2367 2553/1647/2349
f 2547/505/2210 2105/561/2440 1790/560/2843 2120/505/1893
f 3321/1864/2844 3364/1074/1605 1788/1073/1604 2111/1616/2254
f 2553/1647/2349 2115/554/2348 121/557/658 468/556/657
f 3289/1865/2439 2558/534/2841 2124/533/1581 3277/1866/1580
f 2134/505/2209 1793/561/2441 2105/560/2440 2547/505/2210
f 2114/1011/1524 2554/1036/2845 2113/563/2846 1789/550/1525
f 2113/563/2846 2551/598/708 2117/562/2368 1789/550/1525
f 3276/1867/2847 2552/1034/2256 2116/482/2255 3278/1868/2848
f 3369/1698/2469 2549/500/2468 2127/1437/2849 3373/1117/1652
f 2133/501/594 2548/585/701 2122/585/700 1791/501/2850
f 122/507/694 482/507/693 2547/505/2210 2120/505/1893
f 130/593/698 483/592/697 2546/579/2851 2128/527/2852
f 2544/529/1537 2140/501/2853 1801/501/2854 2142/585/746
f 1791/501/2850 2122/585/700 2537/585/747 2131/501/2855
f 2546/579/2851 2127/1437/2849 1795/1761/2856 2128/527/2852
f 2128/527/2852 2544/529/1537 503/528/1538 130/593/698
f 2140/501/2853 2544/529/1537 2128/527/2852 1795/1761/2856
f 3351/361/394 2580/1780/2660 2051/1781/2661 3372/1869/2857
f 2542/505/725 2134/505/2209 136/507/717 495/507/606
f 64/143/147 509/169/172 2530/1870/2858 2039/146/2608
f 2125/1761/2607 2541/527/626 2135/529/629 1798/501/593
f 3368/1435/1993 2540/1437/1996 2136/500/592 3330/1552/2138
f 2543/504/1528 2119/561/2859 1794/538/2443 2126/600/680
f 3228/1871/1545 3287/1872/2444 1794/609/2443 2119/561/2859
f 2143/365/2467 2536/365/2334 2131/501/2855 1801/501/2854
f 2131/501/2855 2537/585/747 2142/585/746 1801/501/2854
f 2542/505/725 2118/561/2824 1793/560/2441 2134/505/2209
f 2122/585/700 125/528/703 490/528/748 2537/585/747
f 2559/112/2860 1953/1072/1603 1787/588/2861 2110/590/2862
f 3367/1643/2335 2536/365/2334 2143/365/2467 3370/1697/2466
f 2018/1821/2732 1734/1820/2731 1949/1873/2863 2525/669/2493
f 2528/1874/2864 2152/621/2865 1810/622/2866 2157/1687/2438
f 3214/1875/2823 3286/1876/2442 1793/560/2441 2118/561/2824
f 1945/1749/2586 1698/1002/2585 2016/1825/2747 2529/1877/2867
f 2050/1009/1522 1693/1827/2751 2161/1824/2744 2532/1010/1523
f 2124/533/1581 1792/1861/2840 2139/1861/2868 2535/534/1582
f 2152/621/2865 2534/620/2408 2153/623/1925 1810/622/2866
f 2533/993/1501 2014/565/2367 55/564/664 510/624/754
f 2532/1010/1523 2161/1824/2744 1802/995/2745 2145/625/1500
f 2158/1803/2706 2608/251/2665 2032/439/2664 1808/439/2433
f 2531/634/2320 2154/1653/2370 1805/1763/2615 2147/1765/2617
f 2145/404/1500 144/992/755 525/360/393 2532/1010/1523
f 2029/643/2323 1740/1639/2322 2775/1388/1935 2783/1878/2869
f 2530/1870/2858 2156/1684/2434 1808/439/2433 2032/439/2664
f 3270/1879/2870 3272/1729/2549 2640/1732/2556 1940/14/2551
f 1732/1880/2285 1693/1827/2751 2841/1742/2573
f 1695/1181/1725 2149/154/1724 2784/370/2428 2773/1881/2871
f 1935/655/2490 2529/1877/2867 1732/653/2285 1804/656/2491
f 2500/787/2269 2199/272/2872 1811/272/2873 2200/272/2266
f 2527/1882/2874 2151/1883/2875 1809/1686/2437 2158/1803/2706
f 2042/943/1492 69/938/1458 310/1714/2508 2584/393/2511
f 2151/1883/2875 1699/1884/2876 1957/1848/2806 2528/1874/2864
f 2157/1687/2438 1810/622/2866 2037/390/2736 2606/1095/2435
f 2528/1874/2864 2157/1687/2438 1809/1686/2437 2151/1883/2875
f 2150/439/2432 1713/439/2309 1969/1885/2877 2527/1882/2874
f 2527/1882/2874 2158/1803/2706 1808/439/2433 2150/439/2432
f 1934/1615/2253 2526/1614/2252 2159/662/2480 1803/1382/1926
f 2525/669/2493 2160/1704/2492 1805/1763/2615 2018/1821/2732
f 2773/1881/2871 2784/370/2428 2523/676/2427 1948/1886/2878
f 2778/1814/2721 2163/350/2028 2591/733/934 2782/334/933
f 2181/1887/2879 1759/222/1317 2513/1888/2880
f 2069/632/2554 1837/1889/2772 2516/1890/2881
f 2222/709/2882 2512/1891/2883 2224/448/1480 2888/448/2884
f 1238/690/821 2786/1754/2592 16/691/84
f 2143/365/2467 1801/501/2854 2140/501/2853 2549/500/2468
f 3411/413/2488 2777/732/932 2162/352/935 3432/1892/2582
f 1738/723/2885 2027/641/769 2593/379/772 1972/724/2605
f 2772/159/2886 2779/1893/2887 2641/1730/2550 1929/12/1965
f 2517/857/2888 1857/1494/2097 1841/855/2096 2248/1894/2889
f 3215/1895/1579 2535/534/1582 2144/533/1543 3268/1896/1542
f 689/222/1139 840/222/1235 778/222/1234 253/222/1362
f 2516/696/2881 1837/1835/2772 2893/1837/2774 2228/1897/2890
f 3392/1309/1848 3389/840/1191 738/820/1127 274/819/1126
f 1842/860/2891 1837/1898/2772 2518/1899/2553
f 2228/1897/2890 2892/775/2555 2069/632/2554 2516/696/2881
f 2518/783/2553 1837/1898/2772 2069/1731/2554
f 2892/775/2555 1857/1494/2097 2517/857/2888 2068/782/2552
f 104/203/1300 443/439/1299 851/285/1200 810/842/1199
f 2514/1528/2098 1857/1494/2097 2892/775/2555 2228/1897/2890
f 884/706/1375 683/469/1057 209/468/1291 799/909/1358
f 2168/272/2892 1811/272/2873 2199/272/2872 2479/272/2893
f 2883/372/2894 2218/372/2895 2507/455/2896 2214/372/2897
f 2073/272/2898 2887/794/2785 2223/808/1478 2491/788/2899
f 2491/788/2899 2223/808/1478 2891/442/1477 1759/442/1317
f 2218/372/2895 2508/455/2900 2180/372/2901 2886/372/2902
f 2501/709/2903 2198/448/2268 1812/448/2267 2201/709/2904
f 2512/1891/2883 1759/442/1317 2891/442/1477 2224/448/1480
f 2061/372/2764 2576/373/2765 3581/373/2905 3564/372/2906
f 818/855/1265 679/492/573 273/491/572 807/869/1288
f 2196/448/2907 2502/275/2908 2202/834/2909 2890/448/2910
f 757/787/1023 829/794/1271 722/808/1073 218/788/1024
f 2169/222/2911 1813/1900/2912 2197/222/1316 2478/222/2913
f 719/913/1365 232/823/1133 762/757/1132 837/372/1249
f 2072/881/2914 2478/222/2913 2197/222/1316 2889/881/1318
f 803/833/1170 101/272/1169 441/217/1168 859/765/1161
f 2520/1061/2166 2237/200/2167 1853/30/2915 2251/200/2700
f 2888/448/2884 2198/448/2268 2501/709/2903 2222/709/2882
f 2164/372/2916 2882/372/2917 2217/372/2918 2489/372/2919
f 2500/787/2269 2198/448/2268 2888/448/2884 2221/1841/2786
f 2887/794/2785 2199/272/2872 2500/787/2269 2221/1841/2786
f 2479/272/2893 2199/272/2872 2887/794/2785 2073/272/2898
f 1832/372/2920 2075/372/2921 2490/372/2922 2180/372/2901
f 2208/769/2923 3183/1901/2924 1829/1902/2925
f 2220/372/2926 2885/372/1739 2188/372/1741 2510/455/2927
f 2498/372/2928 2183/372/2536 1822/372/2535 1847/372/2929
f 2074/372/2930 2886/372/2902 2180/372/2901 2490/372/2922
f 2886/372/2902 2217/372/2918 2507/455/2896 2218/372/2895
f 2507/455/2896 2217/372/2918 2882/372/2917 2214/372/2897
f 2489/372/2919 2217/372/2918 2886/372/2902 2074/372/2930
f 2885/372/1739 2216/372/2931 2498/372/2928 2182/372/1740
f 2259/27/2932 2226/27/2933 1821/372/2934 2186/372/2935
f 2215/372/2936 2508/455/2900 2218/372/2895 2883/372/2894
f 2509/455/2937 2216/372/2931 2885/372/1739 2220/372/2926
f 2177/913/2938 1828/372/2686 2167/372/2689 2488/913/2939
f 1833/372/2940 2074/372/2930 2490/372/2922 2219/372/2941
f 2497/372/1583 2182/372/1740 1823/372/2942 1818/27/1584
f 3143/372/2943 3185/372/2358 1818/27/1584
f 2075/372/2921 2884/372/2944 2219/372/2941 2490/372/2922
f 2495/372/2945 2185/372/2946 1820/455/2947 2186/372/2935
f 2474/372/2537 2183/372/2536 2884/372/2944 2075/372/2921
f 1759/222/1317 2193/221/2948 1758/743/2949 2210/815/2950
f 3538/1903/2951 2519/203/2952 2010/200/2953 3418/1904/2954
f 1818/27/1584 1825/455/2359 2192/27/2955 2259/27/2932
f 2170/222/2956 1759/222/1317 2492/222/2957
f 2883/372/2894 2184/372/2958 2496/372/2959 2215/372/2936
f 835/222/1252 783/222/1124 265/222/1123 766/222/1230
f 2495/372/2945 2184/372/2958 2883/372/2894 2214/372/2897
f 2882/372/2917 2185/372/2946 2495/372/2945 2214/372/2897
f 1853/200/2915 2241/755/2960 2484/260/2961 2010/203/2953
f 2475/372/2962 2185/372/2946 2882/372/2917 2164/372/2916
f 2240/271/2963 2482/272/2964 1752/1795/2685 2056/271/2679
f 1275/204/199 1271/439/478 1468/439/521 1472/204/590
f 2213/742/2965 2881/742/2966 2212/735/2967 2505/735/2968
f 2178/813/2969 1837/261/2772 2165/221/2970 2881/742/2966
f 1759/222/1317 2212/735/2967 2881/742/2966 2165/221/2970
f 2261/222/2971 2229/1905/2972 1816/1906/2973 2195/222/2974
f 1759/222/1317 2194/1907/2975 1815/222/2976 2195/222/2974
f 2173/372/1585 1818/27/1584 2475/372/2962
f 681/866/1285 857/835/1172 730/799/1165 272/798/1164
f 1837/261/2772 2193/221/2948 1816/1906/2973
f 2560/876/1307 2094/1859/2836 1699/1884/2876 1969/1885/2877
f 2170/222/2956 1815/222/2976 2194/1907/2975 2477/881/2977
f 1837/261/2772 2211/813/2978 1758/743/2949 2193/221/2948
f 1829/1902/2925 2166/1908/2979 2488/913/2939 2208/769/2923
f 2488/913/2939 2166/1908/2979 1760/30/2980 2177/913/2938
f 3157/1909/2981 3154/1910/2982 3132/1911/2983
f 1837/260/2772 2206/817/1969 1760/30/2980 2166/1908/2979
f 3165/1912/2984 3162/1806/2709 3151/1805/2708
f 1936/1104/2569 1705/186/1884 1978/1351/1887 2639/1913/2985
f 2238/200/2986 2482/272/2964 2240/271/2963 1854/271/2987
f 1858/871/2375 2383/872/2988 2472/1914/2989 2269/711/2990
f 2380/695/2991 1859/783/2337 2382/1915/2992 2469/344/2993
f 2481/266/2994 2241/755/2960 1853/30/2915 2237/200/2167
f 2008/200/2995 2483/1723/2996 2242/1558/2145 1852/281/2144
f 2232/200/1839 2486/372/2390 2243/372/2997 1851/27/1840
f 2253/200/2998 2571/222/2999 2234/200/3000 1850/442/3001
f 2577/1492/2057 2859/443/2056 2851/770/1997 2062/1438/1998
f 2256/200/2776 2574/1061/2775 2063/200/2147 1849/27/3002
f 2487/1916/3003 2244/448/3004 1850/442/3001 2234/200/3000
f 2063/200/2147 2485/450/2146 2245/372/2391 1849/27/3002
f 1848/200/3005 2246/742/2271 2487/1916/3003 2234/222/3000
f 3418/1904/2954 3522/1620/2272 2246/742/2271 1848/221/3005
f 2521/27/1838 2250/200/1841 1823/372/2942 1847/372/2929
f 2822/49/2572 2828/50/2571 2861/777/2624 2850/1917/3006
f 1751/1160/1700 2487/1916/3003 2246/742/2271 2054/742/1701
f 2857/1501/2362 2823/780/2675 2820/1791/2674 2853/1493/2058
f 2388/1918/3007 1860/857/3008 2381/782/2338 2471/775/3009
f 3156/1919/3010 3154/1910/2982 3157/1909/2981
f 3159/1920/3011 3157/1909/2981 3139/1921/3012
f 2480/1922/3013 1753/269/2680 2055/1724/2540 2239/270/3014
f 2852/1802/2704 2860/304/2705 2578/1762/2611 2064/374/2756
f 2209/1923/3015 3139/1921/3012 3157/1909/2981
f 2850/1917/3006 2861/777/2624 2599/281/2694 2011/764/2538
f 3162/1806/2709 3161/1924/3016 3152/1804/2707
f 3132/1911/2983 1761/1923/3017 3157/1909/2981
f 3178/372/3018 2190/455/3019 2476/372/2688
f 3190/1925/3020 2208/769/2923 1762/372/1601
f 2405/1926/3021 2387/807/3022 1861/342/2259 2282/852/2258
f 3164/1927/3023 3165/1912/2984 3167/1928/3024
f 2849/28/30 2860/304/2705 2829/1801/2701 2831/1726/2546
f 3146/1061/3025 3145/1061/3026 3155/1929/3027
f 3132/1911/2983 3167/1928/3024 3165/1912/2984
f 2174/372/2687 1828/372/2686 2204/266/3028 2499/27/3029
f 3154/1910/2982 3153/1930/3030 3133/1931/3031
f 1760/30/2980 2206/817/1969 2503/745/1968 2207/1932/3032
f 3188/1933/3033 3190/1925/3020 3134/372/1600
f 3132/1911/2983 3165/1912/2984 1761/1923/3017
f 3155/1929/3027 3145/1061/3026 3153/1930/3030 3154/1910/2982
f 3159/1920/3011 3158/1934/3034 3156/1919/3010
f 3158/1934/3034 3147/1061/3035 3155/1929/3027 3156/1919/3010
f 3148/1061/3036 3158/1934/3034 3149/1061/3037
f 3148/1061/3036 3147/1061/3035 3158/1934/3034
f 3160/1935/3038 3149/1061/3037 3158/1934/3034 3159/1920/3011
f 2390/372/3039 1776/27/3040 2093/439/532 2433/372/3041
f 3150/27/3042 3149/1061/3037 3160/1935/3038
f 2205/27/3043 3168/1936/3044 3133/1931/3031 3153/1930/3030
f 3144/1061/3045 2205/27/3043 3153/1930/3030
f 2209/1923/3015 3157/1909/2981 1761/1923/3017 3195/1937/3046
f 3146/1061/3025 3155/1929/3027 3147/1061/3035
f 3190/1925/3020 3141/1938/3047 2208/769/2923
f 3169/1939/3048 2189/1940/3049 3186/1941/3050 1837/260/2772
f 2378/372/2650 1899/455/3051 2262/372/3052 2473/1942/3053
f 3133/1931/3031 3167/1928/3024 3132/1911/2983
f 1818/27/3054 3140/1943/3055 3184/1944/3056 3142/1945/3057
f 3163/1946/3058 3149/1061/3059 3161/1924/3016 3162/1806/2709
f 3140/1943/3055 3160/1935/3038 3159/1920/3011
f 3167/1928/3024 3166/1947/3060 3164/1927/3023
f 3166/1947/3060 3147/1061/3061 3163/1946/3058 3164/1927/3023
f 3146/1061/3062 3166/1947/3060 3145/1061/3063
f 3133/1931/3031 3168/1936/3044 3167/1928/3024
f 3146/1061/3062 3147/1061/3061 3166/1947/3060
f 3168/1936/3044 3145/1061/3063 3166/1947/3060 3167/1928/3024
f 3144/1061/3064 3145/1061/3063 3168/1936/3044
f 3148/1061/3065 3163/1946/3058 3147/1061/3061
f 3169/1939/3048 1761/1923/3017 3165/1912/2984 2189/1940/3049
f 3144/1061/3064 3168/1936/3044 2205/27/3043
f 3164/1927/3023 3162/1806/2709 3165/1912/2984
f 3171/372/3066 3174/372/3067 3173/372/1599
f 3195/1937/3046 1761/1923/3017 3169/1939/3048 1837/260/2772
f 3150/27/3042 3160/1935/3038 1818/27/3054
f 2167/372/2689 1762/372/1601 2208/769/2923 2488/913/2939
f 3181/1948/3068 3180/1949/3069 3151/1805/2708
f 1762/372/1601 3134/372/1600 3190/1925/3020
f 3194/1950/3070 3193/1951/3071 3192/1952/3072 3149/1061/3073
f 3143/372/2943 3178/372/3018 2476/372/2688
f 3173/372/1599 3176/372/3074 3134/372/1600
f 3181/1948/3068 3138/1782/2662 3180/1949/3069
f 2190/455/3019 3137/1061/3075 3173/372/1599
f 3187/1953/3076 3144/1061/3077 3145/1061/3078
f 3192/1952/3072 3191/1954/3079 3189/1955/3080 3147/1061/3081
f 3170/372/3082 3171/372/3066 3136/372/3083
f 3149/1061/3084 3148/1061/3085 3172/372/3086
f 3172/372/3086 3148/1061/3085 3147/1061/3087
f 3177/372/3088 3135/372/3089 3176/372/3074
f 3147/1061/3087 3146/1061/3090 3175/372/3091
f 3175/372/3091 3146/1061/3090 3145/1061/3092
f 3145/1061/3092 3144/1061/3093 3177/372/3088
f 3170/372/3082 3150/27/3094 3149/1061/3084
f 2205/27/3095 3187/1953/3076 3135/372/3089 3177/372/3088
f 3177/372/3088 3144/1061/3093 2205/27/3095
f 2385/1659/2376 1858/871/2375 2269/711/2990 2470/706/3096
f 3175/372/3091 3176/372/3074 3174/372/3067
f 3177/372/3088 3176/372/3074 3175/372/3091 3145/1061/3092
f 3172/372/3086 3174/372/3067 3171/372/3066
f 3175/372/3091 3174/372/3067 3172/372/3086 3147/1061/3087
f 2503/745/1968 2203/1411/1967 1763/845/3097 2207/1932/3032
f 1906/372/3098 2374/372/3099 2463/372/2181 2344/372/3100
f 2339/27/3101 2473/1942/3053 2262/372/3052 1924/27/2129
f 2269/469/2990 2472/1914/2989 2268/1897/3102 1862/696/3103
f 2380/695/2991 2471/775/3009 2381/782/2338 1859/783/2337
f 2465/448/2296 2279/765/2299 1870/1956/3104 2284/1957/3105
f 3455/802/3106 3523/804/3107 1866/705/3108 2386/803/3109
f 3448/806/3110 3420/1617/2260 1861/342/2259 2387/807/3022
f 2371/737/3111 1909/736/2414 2296/739/2413 2458/742/3112
f 2283/709/2297 2414/222/3113 2342/722/1630 1869/1631/2298
f 2468/448/1629 2279/765/2299 1869/1631/2298 2342/722/1630
f 2277/765/2239 2467/1608/2238 2308/1661/2379 1867/1675/2417
f 2281/701/2237 2466/222/2451 2313/222/2206 1883/701/3114
f 2306/1411/3115 2449/1958/3116 2326/260/3117 1894/260/3118
f 2278/701/2452 2466/222/2451 2281/701/2237 1868/796/2236
f 2468/448/1629 2280/275/3119 1870/1956/3104 2279/765/2299
f 2464/794/3120 2284/1957/3105 1870/1956/3104 2280/275/3119
f 2455/743/2150 2295/742/2153 1878/812/3121 2299/818/3122
f 2463/372/2181 2287/372/2086 1873/455/3123 2344/372/3100
f 2285/372/2329 2462/372/2328 2331/372/3124 1871/455/3125
f 2286/372/3126 2461/372/3127 2289/372/2327 1872/455/2326
f 1915/261/1595 2362/846/2420 2442/202/2423 2320/261/1596
f 1914/222/3128 2363/222/2702 2444/222/2463 2318/222/3129
f 2287/372/2086 2460/372/2085 2291/372/3130 1873/455/3123
f 2288/372/2180 2459/372/3131 2292/372/2084 1874/455/2083
f 2298/813/2151 2420/720/3132 2346/747/3133 1877/814/2152
f 2458/742/3112 2295/742/2153 1877/814/2152 2346/747/3133
f 2293/742/1517 2457/743/1516 2315/736/3134 1875/735/3135
f 2294/717/2265 2456/809/1597 2297/747/1515 1876/814/1514
f 2458/742/3112 2296/739/2413 1878/812/3121 2295/742/2153
f 1885/709/3136 2309/709/2318 2426/222/3137 2351/222/3138
f 2305/757/3139 2423/372/3140 2348/913/3141 1881/823/3142
f 2454/222/2412 2299/818/3122 1878/812/3121 2296/739/2413
f 2377/448/1628 1905/272/3143 2280/275/3119 2468/448/1629
f 2369/222/2415 1914/222/3128 2318/222/3129 2454/222/2412
f 3441/1959/3144 3524/1960/3145 1881/823/3142 2348/913/3141
f 2364/222/2204 1902/222/2703 2274/222/2202 2446/222/2205
f 2452/263/3146 2323/754/2387 1879/753/2386 2300/263/2274
f 2304/266/3147 2451/372/2405 2328/372/2364 1891/266/3148
f 1886/787/3149 2310/272/2344 2447/448/2319 2312/710/3150
f 2301/266/2406 2451/372/2405 2304/266/3147 1880/823/3151
f 3524/1960/3145 3412/827/3152 2305/757/3139 1881/823/3142
f 2353/203/3153 1889/203/3154 2316/799/3155 2428/800/3156
f 2303/817/2474 2449/1958/3116 2306/1411/3115 1882/260/2475
f 1883/701/3114 2290/701/3157 2445/442/2115 2314/442/3158
f 2311/272/3159 2448/1645/2345 2310/272/2344 1886/787/3149
f 2418/372/3160 2345/372/3161 1871/455/3125 2331/372/3124
f 2280/275/3119 1905/272/3143 2375/1645/3162 2464/794/3120
f 2283/709/2297 2465/448/2296 2312/710/3150 1885/709/3136
f 2312/710/3150 2447/448/2319 2309/709/2318 1885/709/3136
f 2322/736/2136 2441/1961/3163 2091/221/3164 1774/222/2201
f 2313/222/2206 2446/222/2205 2290/701/3157 1883/701/3114
f 2314/442/3158 2445/442/2115 2389/788/2114 1884/808/2380
f 2318/222/3129 2444/222/2463 2317/222/2462 1890/222/3165
f 2315/736/3134 2457/743/1516 2321/1961/3166 1888/736/2135
f 2319/221/3167 2443/835/3168 2316/799/3155 1889/203/3154
f 2320/261/1596 2442/202/2423 2341/1696/2465 1887/1962/3169
f 3412/827/3152 2450/845/3170 2327/30/3171 3525/1695/3172
f 1918/372/3173 2359/372/3174 2436/372/3175 2334/372/3176
f 2243/372/2997 2486/372/2390 3580/372/2393 3569/372/3177
f 1916/260/3178 2361/829/3179 2440/830/3180 2326/260/3117
f 2441/1961/3163 2322/736/2136 1888/736/2135 2321/1961/3166
f 2326/260/3117 2440/830/3180 2325/1963/3181 1894/260/3118
f 3534/1964/3182 2324/27/2448 1893/1061/2447 3525/1695/3172
f 2331/372/3124 2462/372/2328 2337/372/3183 1896/372/3184
f 2328/372/2364 2438/372/2363 2266/27/3185 1891/266/3148
f 2327/30/3171 1894/260/3118 2325/1963/3181 2439/771/3186
f 2329/263/2460 2437/30/2459 2396/260/3187 1892/1965/3188
f 2334/372/3176 2436/372/3175 2333/372/3189 1898/372/3190
f 2335/372/3191 2435/372/3192 2332/372/2355 1897/372/2354
f 2336/372/3193 2434/372/2651 2390/372/3039 1895/372/3194
f 2286/372/3126 1906/372/3098 2373/372/2290 2461/372/3127
f 2433/372/3041 2330/372/3195 1896/372/3184 2337/372/3183
f 1899/455/3051 2358/372/3196 2432/372/2356 2262/372/3052
f 2319/221/3167 1890/222/3165 2317/222/2462 2443/835/3168
f 2357/372/2289 2432/372/2356 2358/372/3196 1919/372/1685
f 2433/372/3041 2093/27/532 1777/27/535 2330/372/3195
f 2431/372/3197 2359/372/3174 1918/372/3173 2356/372/3198
f 2423/372/3140 2355/372/2446 1917/372/2365 2367/372/2404
f 2350/794/2381 1884/808/2380 2389/788/2114 2425/794/2244
f 2430/372/2445 2360/372/2366 1917/372/2365 2355/372/2446
f 2323/754/2387 1892/1965/3188 2354/1966/3199 2424/1663/2388
f 2321/1961/3166 1887/1962/3169 2341/1696/2465 2441/1961/3163
f 2354/1966/3199 2429/792/3200 2361/829/3179 1916/260/3178
f 2294/717/2265 1876/814/1514 2293/742/1517 2419/737/3201
f 2353/203/3153 2428/800/3156 2362/846/2420 1915/261/1595
f 2352/222/2134 2427/222/2137 2363/222/2702 1914/222/3128
f 2375/1645/3162 1912/272/3202 2311/272/3159 2464/794/3120
f 2569/204/2804 2794/204/2803 2801/204/3203 1992/204/2659
f 2351/222/3138 2426/222/3137 2364/222/2204 1913/222/2203
f 2366/1967/3204 1916/260/3178 2326/260/3117 2449/1958/3116
f 2350/794/2381 2425/794/2244 2365/272/2243 1912/272/3202
f 2568/224/2514 2793/224/2513 2802/227/3205 1991/875/2654
f 2332/372/2355 1924/27/2129 2262/372/3052 2432/372/2356
f 2349/754/2389 2424/1663/2388 2366/1967/3204 1911/1968/3206
f 2423/372/3140 2367/372/2404 1910/769/2403 2348/913/3141
f 2278/701/2452 1868/796/2236 2277/765/2239 2413/710/3207
f 3527/897/2276 2422/755/2275 2368/1969/3208 3526/827/3209
f 2419/737/3201 2347/736/3210 1909/736/2414 2371/737/3111
f 2292/372/2084 1898/372/3190 2335/372/3191 2460/372/2085
f 2339/27/3101 2405/1926/3021 2282/852/2258 2968/853/3211
f 2421/222/3212 2369/222/2415 1909/736/2414 2347/736/3210
f 2346/747/3133 2420/720/3132 2370/720/1594 1908/717/2264
f 2294/717/2265 2419/737/3201 2371/737/3111 1908/717/2264
f 2345/372/3161 2418/372/3160 2372/372/3213 1907/372/3214
f 2417/372/2291 2373/372/2290 1906/372/3098 2344/372/3100
f 2286/372/3126 2416/372/3215 2374/372/3099 1906/372/3098
f 2382/1915/2992 1859/633/2337 2397/860/2340 2410/1970/3216
f 2343/1676/2418 2415/794/2382 2375/1645/3162 1905/272/3143
f 229/812/1101 710/818/1125 872/743/1105 709/734/1102
f 2342/722/1630 2414/222/3113 2376/222/2450 1904/701/1627
f 2278/701/2452 2413/710/3207 2377/448/1628 1904/701/1627
f 2379/1610/2241 2412/489/2409 2264/490/2342 1900/859/2242
f 2383/872/2988 1858/468/2375 2391/464/2378 2409/864/3217
f 2611/216/2655 2796/217/3218 2790/215/2214 2398/215/2213
f 2397/784/2340 2411/1644/2339 2088/714/2529 1772/220/2528
f 1860/857/3008 2388/1918/3007 2404/855/3219 2263/854/3220
f 3448/806/3110 3523/804/3107 2272/1971/3221 2469/344/2993
f 3532/1972/3222 3449/851/2257 2410/1970/3216 2967/863/3223
f 2392/865/2402 2409/864/3217 2267/923/3224 1920/222/2317
f 2465/448/2296 2284/1957/3105 1886/787/3149 2312/710/3150
f 2443/835/3168 2267/923/3224 1921/798/3225 2316/799/3155
f 2393/1973/3226 2408/966/2401 2270/448/2316 1922/275/2343
f 2567/220/2212 2792/220/2211 2800/220/1797 2084/220/1796
f 1921/465/3225 2391/870/2378 2407/1660/2377 2271/1974/3227
f 2792/220/2211 2879/220/1502 2871/220/1505 2800/220/1797
f 2394/1975/3228 2406/681/2131 2273/27/2130 1923/27/3229
f 2265/271/2410 2404/855/3219 2393/1973/3226 1922/275/2343
f 2395/454/2132 2405/1926/3021 2339/27/3101 1924/27/2129
f 1773/220/2106 2263/854/3220 2404/855/3219 2265/271/2410
f 3088/1718/2518 3093/1556/2142 3023/1603/3230 3029/1606/2519
f 2787/178/3231 2791/224/2778 2566/224/2158 2401/227/2817
f 2379/1610/2241 1775/272/2113 2089/220/2107 2412/489/2409
f 2566/224/2158 2791/224/2778 2799/225/2777 2085/223/2159
f 2268/1897/3102 2472/1914/2989 2384/786/3232 1864/1976/3233
f 3419/204/3234 2876/204/3235 2795/204/3236 3519/204/3237
f 2869/227/1955 2875/217/1954 2796/217/3218 2802/227/3205
f 3519/204/3237 2795/204/3236 2610/204/2809 3394/204/2657
f 2802/227/3205 2796/217/3218 2611/216/2655 1991/875/2654
f 2915/1977/3238 2914/1978/3239 2675/1979/3240 2674/1980/3241
f 2973/884/2728 2974/460/2730 2807/1981/3242 2818/1982/3243
f 3533/1695/2458 2266/27/3185 1777/27/535 3513/1983/3244
f 2788/215/2802 2798/177/3245 2613/177/1695 2400/215/2619
f 1768/215/2780 2079/220/2813 2808/220/2819 2815/215/2781
f 2709/1984/3246 2644/1985/3247 2714/512/3248 2728/892/3249
f 2856/1059/2810 2862/29/31 2834/1727/2547 2833/1451/3250
f 1766/220/2649 2078/220/2618 2813/220/2794 2805/220/2818
f 3530/1156/1696 2613/177/1695 2798/177/3245 3529/1156/3251
f 2076/217/1694 2972/885/2796 2817/1845/2793 1765/234/2620
f 2090/448/2112 2960/177/2801 2963/215/2800 1775/272/2113
f 1192/886/1325 2737/1986/3252 2657/1987/3253 1099/650/782
f 2714/512/3248 2100/513/2830 1779/515/2837 2728/892/3249
f 2445/442/2115 2290/701/3157 1774/222/2201 2090/217/2112
f 2972/885/2796 2971/1988/3254 2965/1721/2531 2817/1845/2793
f 1773/493/2106 2953/220/2109 2961/220/2530 2088/220/2529
f 2090/217/2112 1774/222/2201 2951/179/2821 2960/177/2801
f 2400/215/2619 2612/220/1795 2797/220/1794 2788/215/2802
f 2873/177/1861 2798/177/3245 2788/215/2802 2867/215/1862
f 3513/1983/3244 3528/204/2018 2959/204/2017 2092/439/2815
f 1776/27/3040 2954/1826/2748 2958/204/533 2093/439/532
f 2809/224/2170 2957/224/2822 2964/223/2814 2816/223/2790
f 2808/220/2819 2956/220/2108 2963/215/2800 2815/215/2781
f 2569/204/2804 1992/204/2659 1770/204/2293 2083/204/2292
f 2866/223/3255 2876/204/3235 1986/204/2642 1721/225/2638
f 3529/1156/3251 2798/177/3245 2873/177/1861 3403/902/3256
f 1984/216/1956 1718/1759/2603 2865/215/3257 2875/217/1954
f 2875/217/1954 2865/215/3257 2790/215/2214 2796/217/3218
f 1768/215/2780 2080/216/2656 2611/216/2655 2398/215/2213
f 2392/865/2402 1863/904/3258 2383/872/2988 2409/864/3217
f 2487/1916/3003 1751/1160/1700 2057/448/2758 2244/448/3004
f 2472/1914/2989 2383/872/2988 1863/904/3258 2384/786/3232
f 2794/204/2803 2799/225/2777 2872/225/2473 2877/204/3259
f 2794/204/2803 2877/204/3259 2870/204/3260 2801/204/3203
f 1732/1088/2285 2819/906/2797 2824/1462/2031 2844/1989/3261
f 2866/223/3255 2878/224/2613 2793/224/2513 2789/223/2516
f 2878/224/2613 2869/227/1955 2802/227/3205 2793/224/2513
f 2865/215/3257 2879/220/1502 2792/220/2211 2790/215/2214
f 2176/794/3262 1827/794/3263 2168/272/2892 2479/272/2893
f 2863/1433/1992 2824/1462/2031 2819/906/2797 2854/493/1989
f 3531/910/3264 3439/1990/3265 1865/912/3266 2394/1975/3228
f 2393/1973/3226 1864/1976/3233 2384/786/3232 2408/966/2401
f 2388/1918/3007 1864/1976/3233 2393/1973/3226 2404/855/3219
f 1866/705/3108 2387/807/3022 2405/1926/3021 2395/454/2132
f 1865/912/3266 2386/803/3109 2406/681/2131 2394/1975/3228
f 2450/845/3170 2306/1411/3115 1894/260/3118 2327/30/3171
f 2384/786/3232 1863/904/3258 2392/865/2402 2408/966/2401
f 2267/923/3224 2409/864/3217 2391/870/2378 1921/798/3225
f 2967/863/3223 2410/1970/3216 2397/784/2340 1772/893/2528
f 2311/272/3159 1912/272/3202 2365/272/2243 2448/1645/2345
f 2206/817/1969 1837/260/2772 1764/1410/1966
f 2411/1644/2339 2263/854/3220 1773/493/2106 2088/220/2529
f 3395/1991/3267 3531/910/3264 2394/1975/3228 1923/27/3229
f 2411/1644/2339 2381/782/2338 1860/857/3008 2263/854/3220
f 2971/1988/3254 2967/863/3223 1772/861/2528 2965/1721/2531
f 2413/710/3207 2343/1676/2418 1905/272/3143 2377/448/1628
f 2413/710/3207 2277/765/2239 1867/1675/2417 2343/1676/2418
f 2414/222/3113 2351/222/3138 1913/222/2203 2376/222/2450
f 2283/709/2297 1885/709/3136 2351/222/3138 2414/222/3113
f 2415/794/2382 2350/794/2381 1912/272/3202 2375/1645/3162
f 2610/204/2809 2795/204/3236 2789/223/2516 2399/225/2515
f 2286/372/3126 1872/455/2326 2285/372/2329 2416/372/3215
f 2416/372/3215 2285/372/2329 1871/455/3125 2345/372/3161
f 2372/372/3213 1918/372/3173 2334/372/3176 2459/372/3131
f 2331/372/3124 1896/372/3184 2356/372/3198 2418/372/3160
f 2419/737/3201 2293/742/1517 1875/735/3135 2347/736/3210
f 2420/720/3132 2353/203/3153 1915/261/1595 2370/720/1594
f 2335/372/3191 1898/372/3190 2333/372/3189 2435/372/3192
f 2421/222/3212 2352/222/2134 1914/222/3128 2369/222/2415
f 2368/1969/3208 1911/1968/3206 2303/817/2474 2453/30/2477
f 2968/478/3211 2969/843/2505 2473/1942/3053 2339/27/3101
f 2422/755/2275 2349/754/2389 1911/1968/3206 2368/1969/3208
f 2305/757/3139 1893/1061/2447 2355/372/2446 2423/372/3140
f 2425/794/2244 2389/788/2114 1775/220/2113 2379/1610/2241
f 2426/222/3137 2275/222/2461 1902/222/2703 2364/222/2204
f 2436/372/3175 2359/372/3174 1901/372/3268 2340/372/3269
f 2275/222/2461 2426/222/3137 2309/709/2318 1920/222/2317
f 2427/222/2137 2274/222/2202 1902/222/2703 2363/222/2702
f 2291/372/3130 1897/372/2354 2357/372/2289 2417/372/2291
f 2440/830/3180 2361/829/3179 1903/793/2421 2276/797/3270
f 2428/800/3156 2276/797/3270 1903/793/2421 2362/846/2420
f 2316/799/3155 1921/798/3225 2276/831/3270 2428/800/3156
f 2429/792/3200 2307/201/2422 1903/828/2421 2361/829/3179
f 2396/260/3187 1778/439/2464 2307/791/2422 2429/792/3200
f 2366/1967/3204 2424/1663/2388 2354/1966/3199 1916/260/3178
f 2430/372/2445 2340/372/3269 1901/372/3268 2360/372/2366
f 2438/372/2363 2338/372/3271 1777/439/535 2266/27/3185
f 2324/27/2448 1923/27/3229 2340/372/3269 2430/372/2445
f 3019/1992/3272 3025/1581/2248 3095/1581/2306 3089/1522/3273
f 2431/372/3197 2338/372/3271 1901/372/3268 2359/372/3174
f 2330/372/3195 1777/439/535 2338/372/3271 2431/372/3197
f 2058/263/2690 2600/30/32 2231/745/2811 1749/261/2691
f 2337/372/3183 1895/372/3194 2390/372/3039 2433/372/3041
f 1899/455/3051 2378/372/2650 3573/372/2653 3558/455/3274
f 2435/372/3192 2273/27/2130 1924/27/2129 2332/372/2355
f 2435/372/3192 2333/372/3189 1923/27/3229 2273/27/2130
f 1892/1965/3188 2396/260/3187 2429/792/3200 2354/1966/3199
f 2437/30/2459 2092/758/2815 1778/261/2464 2396/260/3187
f 2289/372/2327 2461/372/3127 2336/372/3193 1895/372/3194
f 2284/1957/3105 2464/794/3120 2311/272/3159 1886/787/3149
f 3534/1964/3182 3395/1991/3267 1923/27/3229 2324/27/2448
f 2439/771/3186 2325/1963/3181 1921/465/3225 2271/1974/3227
f 2457/743/1516 2297/747/1515 1887/1962/3169 2321/1961/3166
f 2091/911/3164 2441/1961/3163 2341/1696/2465 1778/260/2464
f 2297/747/1515 2456/809/1597 2320/261/1596 1887/1962/3169
f 2443/835/3168 2317/222/2462 1920/222/2317 2267/923/3224
f 2448/1645/2345 2365/272/2243 1900/859/2242 2264/490/2342
f 2452/263/3146 2329/263/2460 1892/1965/3188 2323/754/2387
f 3535/897/3275 2304/266/3147 1891/266/3148 3428/897/2457
f 2454/222/2412 2318/222/3129 1890/222/3165 2299/818/3122
f 2303/817/2474 1911/1968/3206 2366/1967/3204 2449/1958/3116
f 2455/743/2150 2319/221/3167 1889/203/3154 2298/813/2151
f 2298/813/2151 1889/203/3154 2353/203/3153 2420/720/3132
f 2360/372/2366 1901/372/3268 2338/372/3271 2438/372/2363
f 3440/1622/2273 3535/897/3275 2452/263/3146 2300/263/2274
f 2459/372/3131 2334/372/3176 1898/372/3190 2292/372/2084
f 2460/372/2085 2335/372/3191 1897/372/2354 2291/372/3130
f 2461/372/3127 2373/372/2290 1919/372/1685 2336/372/1684
f 2290/701/3157 2446/222/2205 2274/222/2202 1774/226/2201
f 2463/372/2181 2374/372/3099 1907/372/3214 2288/372/2180
f 1842/1993/2891 1836/1994/3276 2255/714/3277 2573/200/3278
f 2466/222/2451 2376/222/2450 1913/222/2203 2313/222/2206
f 2467/1608/2238 2314/442/3158 1884/808/2380 2308/1661/2379
f 2467/1608/2238 2281/701/2237 1883/701/3114 2314/442/3158
f 1907/372/3214 2372/372/3213 2459/372/3131 2288/372/2180
f 2272/1971/3221 1862/712/3103 2380/632/2991 2469/344/2993
f 2470/706/3096 2269/469/2990 1862/696/3103 2272/1971/3221
f 3185/372/2358 3143/372/2943 2476/372/2688
f 2473/1942/3053 2969/843/2505 1776/439/3040 2378/372/2650
f 1759/442/1317 2181/1887/2879 2491/788/2899
f 2499/27/3029 2204/266/3028 1763/845/3097 2191/30/3279
f 2177/913/2938 1760/30/2980 2207/1932/3032 2504/748/3280
f 1764/1410/1966 1837/1995/2772 2203/1411/1967
f 2200/272/2266 2260/275/3281 2227/448/3282 1812/448/2267
f 1759/442/1317 2222/709/2882 2501/709/2903 2175/222/3283
f 2227/448/3282 2260/275/3281 1845/1527/2095 1839/1996/3284
f 2493/1514/2076 2247/490/2075 1811/272/2873 2168/272/2892
f 1811/272/2873 2247/490/2075 2260/275/3281 2200/272/2266
f 1759/222/1317 1813/1900/2912 2169/222/2911 2492/222/2957
f 2235/493/3285 1854/200/2987 2240/271/2963 2480/1922/3013
f 1759/222/1317 1814/448/3286 2196/448/2907
f 834/720/1255 784/720/1092 266/810/1091 767/261/1232
f 1812/448/2267 2227/448/3282 2261/222/2971 2201/709/2904
f 2236/493/1990 2854/493/1989 2864/1846/2799 2602/714/2541
f 872/743/1105 785/737/1257 259/717/1256 760/813/1106
f 3143/372/2943 3179/1061/3287 3178/372/3018
f 1813/1900/2912 1759/222/1317 2197/222/1316
f 2070/858/2073 1827/794/3263 1856/272/3288 2570/200/3289
f 780/848/1243 267/745/1205 768/745/1228 838/849/1244
f 2571/222/2999 2253/200/2998 1814/448/3286 1759/222/1317
f 2202/834/2909 2502/275/2908 2176/794/3262 1834/794/3290
f 2570/200/3289 1856/272/3288 1814/448/3286 2253/448/2998
f 2846/470/2495 2827/1705/2494 2830/927/2625 2835/163/1963
f 2170/222/2956 2492/222/2957 2225/222/3291 1815/222/2976
f 2261/222/2971 2195/222/2974 1815/222/2976 2225/222/3291
f 1752/1795/2685 2057/448/2758 2577/1492/2057 2062/1438/1998
f 1759/222/1317 2195/222/2974 1816/1906/2973 2193/221/2948
f 2852/1802/2704 2858/1997/3292 2827/1705/2494 2821/302/2497
f 3136/372/3083 3179/1061/3287 1818/27/1584
f 3152/1804/2707 3161/1924/3016 1818/27/1584
f 2008/764/2995 1855/200/3293 2239/270/3014 2483/1723/2996
f 3139/1921/3012 3140/1943/3055 3159/1920/3011
f 2893/1837/2774 2066/786/2784 2514/1528/2098 2228/1897/2890
f 2855/731/2623 2830/172/2625 2827/1705/2494 2858/1997/3292
f 2826/1090/2798 2822/49/2572 2850/1917/3006 2864/1846/2799
f 2864/1846/2799 2850/1917/3006 2011/764/2538 2602/714/2541
f 1750/1723/2539 2483/1723/2996 2239/270/3014 2055/1724/2540
f 1753/269/2680 2480/1922/3013 2240/271/2963 2056/271/2679
f 2007/1792/2678 1723/1822/2737 1993/439/3294 2630/1758/2598
f 1818/27/1584 1820/455/2947 2185/372/2946 2475/372/2962
f 2970/1711/2504 2955/1710/2503 3588/1710/3295 3590/1711/3296
f 2245/372/2391 2485/450/2146 3579/450/3297 3570/372/2392
f 2258/27/2779 2249/372/2759 1824/372/2767 2187/372/3298
f 2804/204/2739 2810/204/2739 3586/204/3299 3583/204/3300
f 2482/272/2964 2244/448/3004 2057/448/2758 1752/1795/2685
f 2855/928/2623 2233/27/2753 2599/281/2694 2861/777/2624
f 1754/913/2612 2009/27/29 3560/27/2677 3555/913/3301
f 1833/372/2940 2220/372/2926 2510/455/2927 2179/372/3302
f 2480/1922/3013 2239/270/3014 1855/714/3293 2235/200/3285
f 1821/372/2934 2226/27/2933 2258/27/2779 2187/372/3298
f 1759/222/1317 2477/881/2977 2194/1907/2975
f 2576/373/2765 2858/1997/3292 2852/1802/2704 2064/374/2756
f 2172/372/3303 1824/372/2767 2171/372/2534 2474/372/2537
f 3178/372/3018 3179/1061/3287 3137/1061/3075
f 697/722/1048 220/796/1050 756/709/1072 828/222/1052
f 3190/1925/3020 3191/1954/3079 3193/1951/3071
f 3538/768/2951 2252/200/3304 1817/221/3305 3536/932/3306
f 3170/372/3082 3136/372/3083 1818/27/1584
f 1837/260/2772 3186/1941/3050 1819/30/3307
f 3182/1783/2663 2251/200/2700 1819/30/3307
f 2494/455/2762 2071/372/2761 1822/372/2535 2171/372/2534
f 3151/1805/2708 3152/1804/2707 3181/1948/3068
f 3152/1804/2707 1818/27/1584 3181/1948/3068
f 3150/27/3308 1818/27/1584 3161/1924/3016
f 3186/1941/3050 2189/1940/3049 3180/1949/3069 1819/30/3307
f 3138/1782/2662 3182/1783/2663 1819/30/3307
f 3141/1938/3047 3142/1945/3057 3184/1944/3056
f 2251/758/2700 2519/200/2952 1837/260/2772 1819/30/3307
f 2196/448/2907 1814/448/3286 1856/272/3288 2502/275/2908
f 1844/1998/3309 1840/1999/3310 2226/27/2933 2259/27/2932
f 2499/27/3029 2191/30/3279 1837/2000/2772 2192/27/2955
f 1818/27/1584 2259/27/2932 2186/372/2935 1820/455/2947
f 2184/372/2958 1821/372/2934 2187/372/3298 2496/372/2959
f 2257/200/3311 2574/200/2775 1837/2001/2772
f 2495/372/2945 2186/372/2935 1821/372/2934 2184/372/2958
f 104/260/1300 442/221/1360 1471/224/599 1478/223/583
f 3139/1921/3012 2209/1923/3015 3183/1901/2924
f 2258/27/2779 2226/27/2933 1840/1999/3310 1843/2002/3312
f 2735/1190/3313 1499/2003/1785 2723/2004/3314
f 3185/372/2358 2476/372/2688 2174/372/2687
f 2521/200/1838 1847/372/2929 1822/372/2535 2071/372/2761
f 2492/222/2957 2169/222/2911 1826/222/3315 2225/222/3291
f 1818/27/1584 1823/372/2942 2250/27/1841 2520/200/2166
f 1831/372/3316 2164/372/2916 2489/372/2919 2179/372/3302
f 793/858/1276 839/794/1240 779/272/1239 251/859/1277
f 3182/1783/2663 1818/27/1584 2520/200/2166
f 3179/1061/3287 3143/372/2943 1818/27/1584
f 2496/372/2959 2187/372/3298 1824/372/2767 2172/372/3303
f 2211/813/2978 1837/2005/2772 1830/261/3317
f 2208/769/2923 3141/1938/3047 3183/1901/2924
f 3185/372/2358 2174/372/2687 1825/455/2359
f 2499/27/3029 2192/27/2955 1825/455/2359 2174/372/2687
f 3133/1931/3031 3132/1911/2983 3154/1910/2982
f 2175/222/3283 1826/222/3315 2169/222/2911 2478/222/2913
f 3138/1782/2662 3181/1948/3068 1818/27/1584
f 2501/709/2903 2201/709/2904 1826/222/3315 2175/222/3283
f 2207/1932/3032 1763/845/3097 2204/266/3028 2504/748/3280
f 2477/881/2977 1759/222/1317 2170/222/2956
f 2261/222/2971 2225/222/3291 1826/222/3315 2201/709/2904
f 2502/275/2908 1856/272/3288 1827/794/3263 2176/794/3262
f 2209/1923/3015 3195/1937/3046 1837/260/2772
f 3135/372/3089 3188/1933/3033 3134/372/1600
f 2070/858/2073 2493/1514/2076 2168/272/2892 1827/794/3263
f 2504/748/3280 2204/266/3028 1828/372/2686 2177/913/2938
f 3184/1944/3056 3139/1921/3012 3183/1901/2924
f 3184/1944/3056 3183/1901/2924 3141/1938/3047
f 1829/1902/2925 3183/1901/2924 2209/1923/3015
f 1850/200/3001 2244/448/3004 2482/272/2964 2238/808/2986
f 3142/1945/3057 3194/1950/3070 1818/27/3054
f 1829/1902/2925 1837/260/2772 2166/1908/2979
f 3160/1935/3038 3140/1943/3055 1818/27/3054
f 2776/1679/2425 2783/1878/2869 2524/1423/1982 2155/1680/2426
f 269/372/1219 770/372/1218 832/372/1259 786/372/1258
f 2506/814/3318 2211/813/2978 1830/261/3317 2178/813/2969
f 2497/372/1583 2173/372/1585 1831/372/3316 2188/372/1741
f 1839/1996/3284 1846/865/3319 2261/222/2971 2227/448/3282
f 2475/372/2962 2164/372/2916 1831/372/3316 2173/372/1585
f 2496/372/2959 2172/372/3303 1832/372/2920 2215/372/2936
f 737/824/1134 230/753/1137 763/850/1245 838/849/1244
f 2179/372/3302 2510/455/2927 2188/372/1741 1831/372/3316
f 1837/2005/2772 2178/813/2969 1830/261/3317
f 2474/372/2537 2075/372/2921 1832/372/2920 2172/372/3303
f 1854/200/2987 2235/493/3285 2572/2006/3320 2254/271/3321
f 1846/865/3319 1838/2007/3322 2229/1905/2972 2261/222/2971
f 2180/372/2901 2508/455/2900 2215/372/2936 1832/372/2920
f 1834/794/3290 2073/272/2898 2491/788/2899 2181/1887/2879
f 2220/372/2926 1833/372/2940 2219/372/2941 2509/455/2937
f 2481/266/2994 2237/27/2167 1851/200/1840 2243/372/2997
f 2179/372/3302 2489/372/2919 2074/372/2930 1833/372/2940
f 702/372/1104 873/372/1080 786/372/1258 258/372/1261
f 1759/442/1317 2512/1891/2883 2222/709/2882
f 2181/1887/2879 2513/1888/2880 2202/834/2909 1834/794/3290
f 2176/794/3262 2479/272/2893 2073/272/2898 1834/794/3290
f 2522/1038/1563 1966/969/3323 1708/940/1446 1971/636/3324
f 865/372/1143 742/372/1197 268/372/1223 781/372/1248
f 1759/222/1317 2175/222/3283 2478/222/2913 2072/881/2914
f 833/737/1110 785/737/1257 260/736/1247 761/736/1111
f 877/372/1083 788/372/1270 257/372/1263 758/372/1084
f 2238/200/2986 1854/271/2987 2254/200/3321 2570/272/3289
f 2570/272/3289 2254/200/3321 1835/489/2074 2070/858/2073
f 967/664/797 528/613/740 152/659/792 519/658/791
f 2254/271/3321 2572/200/3320 2230/271/3325 1835/489/2074
f 1835/489/2074 2230/271/3325 2260/275/3281 2247/490/2075
f 2572/2006/3320 2255/200/3277 1836/1994/3276 2248/1894/2889
f 2518/1899/2553 2068/782/2552 1836/1994/3276 1842/860/2891
f 1840/1999/3310 1837/27/2772 1843/2002/3312
f 2235/200/3285 1855/714/3293 2255/200/3277 2572/2006/3320
f 2573/200/3278 2255/714/3277 1855/200/3293 2008/764/2995
f 1837/261/2772 2229/1905/2972 1838/2007/3322
f 1842/1993/2891 2573/893/3278 2257/200/3311 1837/2008/2772
f 3300/1728/2548 1696/1613/2250 1954/2009/3326 3275/2010/3327
f 2515/1840/2783 2067/1836/2773 1838/2007/3322 1846/865/3319
f 2888/448/2884 2224/448/1480 2511/967/1479 2221/1841/2786
f 2515/1840/2783 1846/865/3319 1839/1996/3284 2066/786/2784
f 2514/1528/2098 2066/786/2784 1839/1996/3284 1845/1527/2095
f 3179/1061/3287 3136/372/3083 3137/1061/3075
f 1697/328/3328 1945/1749/2586 2529/1877/2867 1935/655/2490
f 1837/2011/2772 1844/1998/3309 2259/27/2932
f 1843/2002/3312 1837/1839/2772 2258/27/2779
f 744/372/1212 247/372/1215 770/372/1218 845/372/1189
f 3142/1945/3057 3141/1938/3047 3193/1951/3071
f 3188/1933/3033 3191/1954/3079 3190/1925/3020
f 2067/1836/2773 1837/261/2772 1838/2007/3322
f 3150/27/3308 3161/1924/3016 3149/1061/3059
f 3148/1061/3065 3149/1061/3059 3163/1946/3058
f 2182/372/1740 2498/372/2928 1847/372/2929 1823/372/2942
f 2213/742/2965 2505/735/2968 2210/815/2950 1758/743/2949
f 2219/372/2941 2884/372/2944 2216/372/2931 2509/455/2937
f 2889/881/1318 1759/222/1317 2072/881/2914
f 3187/1953/3076 3188/1933/3033 3135/372/3089
f 3145/1061/3078 3146/1061/3329 3189/1955/3080
f 3189/1955/3080 3146/1061/3329 3147/1061/3081
f 3147/1061/3081 3148/1061/3330 3192/1952/3072
f 3192/1952/3072 3148/1061/3330 3149/1061/3073
f 3149/1061/3073 3150/27/3331 3194/1950/3070
f 3189/1955/3080 3191/1954/3079 3188/1933/3033
f 3189/1955/3080 3188/1933/3033 3187/1953/3076 3145/1061/3078
f 3194/1950/3070 3142/1945/3057 3193/1951/3071
f 2205/27/3095 3144/1061/3077 3187/1953/3076
f 3194/1950/3070 3150/27/3331 1818/27/3054
f 3192/1952/3072 3193/1951/3071 3191/1954/3079
f 3173/372/1599 3174/372/3067 3176/372/3074
f 2506/814/3318 2213/742/2965 1758/743/2949 2211/813/2978
f 3230/2012/3332 1701/1847/2805 1956/1850/2808 3288/2013/3333
f 2775/1388/1935 2030/56/1938 2524/1423/1982 2783/1878/2869
f 2563/1849/2807 1957/1848/2806 1699/1884/2876 2094/1859/2836
f 3282/2014/3334 2779/1893/2887 1941/446/494 3281/445/493
f 3260/2015/3335 2905/2016/3336 2907/2017/3337 3206/2018/3338
f 1971/636/3324 1708/940/1446 16/2019/84
f 2848/1089/2621 2842/1093/2496 1710/59/61 1974/1120/2593
f 2026/2020/3339 61/5/5 1243/721/877 2781/685/2720
f 2781/685/2720 1243/721/877 534/684/816 2592/1282/1821
f 2652/2021/624 1499/2022/1785 2739/526/625
f 2148/674/2734 2523/676/2427 2155/1680/2426 1806/661/3340
f 2609/1699/2481 2028/663/1981 1739/1094/1983 2045/45/2644
f 1806/982/3340 2155/1680/2426 2524/1423/1982 2028/976/1981
f 2525/669/2493 1949/1873/2863 1697/328/3328 1935/655/2490
f 2526/1614/2252 2148/674/2734 1806/661/3340 2159/662/2480
f 1750/1723/2539 2059/280/2695 3562/280/3341 3554/1723/3342
f 1969/1885/2877 1699/1884/2876 2151/1883/2875 2527/1882/2874
f 3276/2023/2847 3284/2024/3343 2104/517/1559 2552/1034/2256
f 1957/1848/2806 1701/1847/2805 2152/621/2865 2528/1874/2864
f 2041/408/447 1746/1062/1589 2047/209/1461 2582/409/448
f 2529/1877/2867 2016/1825/2747 1732/653/2285
f 1732/2025/2285 2161/1824/2744 1693/1827/2751
f 2594/148/152 2156/1684/2434 146/168/171 313/149/153
f 2039/146/2608 2530/1870/2858 2032/439/2664 1741/439/2609
f 1687/1302/1312 1941/446/494 2779/1893/2887 2772/689/2886
f 2022/1549/2126 1736/312/2125 1977/1770/2631 2638/1740/2568
f 2534/620/2408 1954/2009/3326 1696/1613/2250 1934/1615/2253
f 2535/534/1582 2139/1861/2868 1800/1861/3344 2144/533/1543
f 1837/27/2772 1840/1999/3310 1844/1998/3309
f 2121/365/2333 1791/501/2850 2131/501/2855 2536/365/2334
f 2120/505/1893 1790/561/2843 2138/560/2383 2538/505/1850
f 2539/534/3345 2132/2026/3346 1797/2026/3347 2137/533/3348
f 3321/1864/2844 3372/1869/2857 2051/1781/2661 2554/1036/2845
f 2540/1437/1996 2125/1761/2607 1798/501/593 2136/500/592
f 2540/1437/1996 2107/1437/1995 1786/183/2606 2125/1761/2607
f 2541/527/626 2108/180/1865 115/593/1532 481/528/627
f 2144/533/1543 1800/1861/3344 2123/2026/3349 2550/534/1544
f 2106/606/724 1785/561/2727 2118/560/2824 2542/505/725
f 2543/504/1528 2141/505/1529 1799/561/2384 2119/560/2859
f 2545/1561/2154 2130/1017/3350 1796/588/1651 2129/1019/1540
f 2127/1437/2849 2549/500/2468 2140/501/2853 1795/1761/2856
f 2130/1017/3350 2550/534/1544 2123/2026/3349 1796/588/1651
f 1747/1029/1555 2052/599/709 2551/598/708 2113/563/2846
f 2633/61/63 1975/60/62 1711/161/1962 1952/73/2587
f 2104/517/1559 1748/1033/1558 2111/1616/2254 2552/1034/2256
f 2553/1647/2349 2014/565/2367 1733/568/2286 1976/571/2346
f 2159/662/2480 1806/982/3340 2028/976/1981 2609/1699/2481
f 2819/906/2797 1732/1091/2285 2826/1090/2798
f 2556/543/2725 2115/554/2348 1784/572/2347 2103/537/2726
f 2557/365/595 2133/501/594 1791/501/2850 2121/365/2333
f 2559/112/2860 2116/482/2255 1788/1073/1604 1953/1072/1603
f 2749/1178/3351 2748/1412/3352 2702/1158/3353 2654/1179/3354
f 2560/876/1307 1969/1885/2877 1713/439/2309 2097/877/1308
f 153/222/230 177/222/966 539/222/904 893/222/903
f 2955/1710/3355 2966/2027/3356 2818/1982/3243 2807/1981/3242
f 2571/200/2999 1759/222/1317 1817/221/3305 2252/221/3304
f 16/1342/84 2562/1345/1881 32/2028/82
f 2506/814/3318 2178/813/2969 2881/742/2966 2213/742/2965
f 2581/1056/1586 1952/73/2587 1711/161/1962 1968/162/1961
f 2581/1056/1586 306/435/472 21/1750/77 1952/1054/2587
f 3427/1844/2789 2814/1843/2788 2972/885/2796 3520/1449/2795
f 399/209/207 1020/918/1460 952/918/1389 955/209/1388
f 2583/137/779 2001/138/778 1729/355/2816 2048/1063/1590
f 3138/1782/2662 1819/30/3307 3180/1949/3069
f 2091/221/3164 2957/224/2822 2951/179/2821 1774/222/2201
f 2604/1777/2645 2045/45/2644 1739/1094/1983 2046/396/2578
f 3517/1065/2723 2585/1745/2580 1926/54/2579 3540/1746/2581
f 2586/1384/1928 2146/1383/1927 1744/1776/2643 2040/388/2668
f 2587/1799/2699 1999/439/2735 1730/888/2627 2000/888/1327
f 2587/1799/2699 2038/1461/2027 1741/439/2609 1999/439/2735
f 2036/1784/2666 1742/1786/2667 1997/1439/1999 2588/1440/2002
f 2589/1182/1727 2154/1653/2370 1807/1652/2369 2149/154/1724
f 2071/372/2761 2894/372/2760 2256/27/2776 2521/200/1838
f 270/372/1217 771/372/1178 831/372/1238 787/372/1262
f 2782/334/933 2777/983/932 1688/672/770 2027/641/769
f 2723/2004/3314 1499/2029/1785 2734/2030/3357
f 1080/650/783 2645/2031/3358 2402/1402/1950 277/1078/1609
f 2595/447/495 1941/446/494 1687/160/1312 1937/323/1311
f 1964/1349/1885 2621/1107/1643 17/2032/109
f 2476/372/2688 2190/455/3019 1762/372/1601 2167/372/2689
f 2845/1359/1896 2013/167/1899 1691/300/2672 2837/101/3359
f 2848/1089/2621 2836/1712/2506 2831/1726/2546 2829/1801/2701
f 3545/246/3360 2843/779/2673 2823/780/2675 3515/254/2697
f 3543/1070/2711 2024/368/2714 2843/779/2673 3545/2033/3360
f 2603/1789/2671 1979/1788/2670 1704/401/2746 1931/1823/2738
f 2604/1777/2645 2046/396/2578 1725/218/2634 2006/1744/2575
f 2605/1787/2669 2040/388/2668 1744/1776/2643 2034/1778/2646
f 2087/1709/2502 1722/479/3361 2966/2027/3356 2955/1710/3355
f 2605/1787/2669 2034/1778/2646 1726/1743/2574 2005/1769/2628
f 2607/257/1591 2048/1063/1590 1729/355/2816 1989/776/2716
f 2826/1090/2798 1732/1091/2285 2841/1742/2573 2822/49/2572
f 2786/1754/2592 2774/1752/2590 1971/636/3324 16/2019/84
f 2673/964/2560 2654/1179/3354 2671/484/3362 2661/1736/2561
f 1981/911/2471 2615/1445/2006 1932/1444/2005 1719/439/2472
f 2616/224/1902 2002/911/2001 1728/226/2000 1988/875/1903
f 355/127/130 49/212/288 299/141/144 1060/128/131
f 3417/627/3363 3539/629/2722 1729/628/2816 1998/228/2639
f 2618/216/2601 2004/213/213 1727/212/212 1947/141/2602
f 2619/207/418 1962/378/417 18/650/1635 396/1046/1571
f 2620/1350/1886 17/2034/109 1965/1830/2633
f 2874/220/1957 2797/220/1794 2800/220/1797 2871/220/1505
f 2402/1402/1950 2727/1755/2594 1783/878/1309 2098/66/1907
f 2785/1039/1564 2522/1038/1563 1971/636/3324 2774/1752/2590
f 2623/1764/2616 2160/1704/2492 1804/656/2491 1732/1790/2285
f 3377/1015/1536 1933/1014/1535 1689/25/2398 3376/1667/2397
f 2680/1217/3364 2679/1242/2455 2764/1694/2454 2765/1278/3365
f 2713/2035/3366 2642/1194/3367 1925/176/2629 2403/32/2499
f 2005/1769/2628 1726/1743/2574 1995/129/2577 2627/128/2600
f 3509/1115/2025 1963/402/2510 19/1715/2509 3457/1116/1650
f 480/584/682 981/365/641 498/365/1531 134/501/719
f 1986/204/2642 2614/889/1328 1990/225/2626 1721/225/2638
f 3275/2010/3327 1954/2009/3326 1701/1847/2805 3230/2012/3332
f 16/2036/84 1709/1414/1973 1970/1417/1976
f 16/2037/84 1970/1417/1976 1712/1343/1879
f 1987/888/2599 2630/1758/2598 1993/439/3294 1720/2038/3368
f 3378/2039/1634 2722/1097/1633 2099/86/2596 3363/2040/3369
f 2631/1760/2604 1950/1734/2558 15/64/66 311/6/6
f 2729/2041/3370 2742/1101/3371 2743/1738/2566 2706/1202/3372
f 1728/226/2000 2004/213/213 2618/216/2601 1988/875/1903
f 629/442/863 153/275/230 1358/448/857
f 2632/1735/2559 1974/1120/2593 1710/59/61 1951/58/60
f 2846/470/2495 1975/60/62 1710/59/61 2842/1093/2496
f 3284/2024/3343 1733/568/2286 1732/427/2285 3317/2042/3373
f 1724/139/777 2007/1792/2678 2630/1758/2598 1932/1444/2005
f 2634/1794/2682 2023/1085/2479 1735/324/2478 2019/41/2683
f 3317/2043/3373 1732/1058/2285 1698/1002/2585 3271/2044/2584
f 3360/2045/2567 3361/2046/2710 2022/1549/2126 2638/1740/2568
f 1499/2047/1785 2930/2048/3374 2901/2049/3375
f 2637/1267/1809 1943/1130/1808 1690/42/2684 1939/37/2532
f 2638/1740/2568 1977/1770/2631 1705/186/1884 1936/1104/2569
f 2639/1913/2985 1978/1351/1887 1706/1828/2632 1938/431/2752
f 1685/13/1534 1940/14/2551 2640/1732/2556 1933/1014/1535
f 1246/412/453 1240/644/774 383/56/58 1069/55/57
f 2744/245/2565 2731/9/2544 2657/1987/3253 2737/1986/3252
f 2708/2050/3376 2651/1099/3377 2644/1985/3247 2709/1984/3246
f 18/650/1635 534/684/816 1030/349/382 319/208/206
f 2724/1248/1786 1499/2051/1785 2655/1135/3378
f 3382/2052/1631 3331/2053/3379 2701/1157/3380 2721/108/1632
f 2912/1185/3381 2911/1183/3382 2650/1024/2040 2746/1407/3383
f 2657/1987/3253 2645/2031/3358 1080/650/783 1099/650/782
f 3337/2054/3384 3379/2055/3385 2668/1163/3386 2663/1162/3387
f 32/111/82 2721/108/1632 2701/1157/3380 2702/1158/3353
f 2895/93/2766 1499/2003/1785 2735/1190/3313
f 2896/2056/3388 1117/155/1970 1169/82/1971 2749/1178/3351
f 2733/1381/1924 2734/2030/3357 2726/2057/3389 2718/1255/1793
f 3521/2058/2038 285/24/26 1/13/15 3431/2059/3390
f 2727/1755/2594 2402/1402/1950 2645/2031/3358 2730/8/2543
f 2703/2060/3391 1082/2061/1860 2704/16/18
f 2656/1725/2545 2708/2050/3376 2709/1984/3246 2643/1171/2542
f 2923/2062/3392 2924/1387/1934 2770/1366/1910 2767/1234/3393
f 3379/2055/3385 3385/2063/3394 2689/1197/3395 2668/1163/3386
f 153/787/230 184/710/855 422/448/854
f 2711/1196/3396 2720/1195/3397 2642/34/3367 2713/2035/3366
f 2697/243/2828 1145/1077/1608 1675/1076/1607 3126/1406/2826
f 2725/1246/1784 2724/1248/1786 2655/1135/3378 2693/2064/3398
f 2756/1229/3399 2753/1228/3400 2651/1099/3377 2740/1100/3401
f 1253/215/1272 814/215/250 1051/217/249 1263/216/1273
f 1082/2061/1860 2694/2065/3402 2693/2064/3398 2655/2066/3378
f 2743/1738/2566 2742/1101/3371 2708/2050/3376 2656/1725/2545
f 2758/2067/3403 2761/1204/3404 2921/1081/1930 2918/1386/1933
f 2740/1100/3401 2651/1099/3377 2708/2050/3376 2742/1101/3371
f 2684/1198/3405 2672/2068/3406 2666/2069/3407 2648/1221/3408
f 2677/1218/3409 2683/1212/3410 2659/1206/3411 2665/1176/3412
f 2718/1255/1793 2726/2070/3389 2647/2071/3413 2705/15/17
f 3021/2072/3414 3026/1498/3415 3096/2073/3416 3097/1618/3417
f 2709/1984/3246 2728/892/3249 2732/116/2595 2643/1171/2542
f 2767/1234/3393 2770/1366/1910 2716/1368/1912 2715/2074/3418
f 2663/1162/3387 2668/1222/3386 2662/1219/3419 2667/1083/1932
f 1499/2075/1785 2898/1457/2020 2686/1240/2019 2685/1239/3420
f 2671/1271/3362 2660/1272/1931 2921/1251/1930 2917/1428/3421
f 2918/1386/1933 2667/1083/1932 2662/1219/3419 2920/1174/3422
f 2916/2076/3423 2766/1260/2453 2759/2077/3424 2919/2078/3425
f 2658/1259/2456 2679/1242/2455 2680/1217/3364 2670/1177/2527
f 2765/1278/3365 2763/348/381 2677/1218/3409 2680/1217/3364
f 2915/1977/3238 2913/345/378 2763/348/381 2765/1278/3365
f 2670/1235/2527 2680/1217/3364 2677/1218/3409 2665/1226/3412
f 1499/2079/1785 2738/1327/3426 2741/1326/1916
f 2649/1199/3427 2684/1198/3405 2689/1197/3395 2669/1253/3428
f 2664/962/2563 2688/963/2562 2674/1980/3241 2669/1200/3428
f 2916/2076/3423 2914/1978/3239 2764/1694/2454 2766/1260/2453
f 2668/1163/3386 2689/1197/3395 2684/1198/3405 2648/1221/3408
f 2927/2080/3429 2926/1354/1890 2768/2081/3430 2769/2082/3431
f 2700/1297/3432 2710/1338/3433 2707/1292/3434 2690/2083/3435
f 2759/2077/3424 2766/1260/2453 2658/1243/2456 2678/1237/2526
f 2760/1173/3436 2759/2077/3424 2678/1237/2526 2681/1175/2525
f 1244/683/815 1247/685/819 415/685/886 420/683/888
f 2760/1173/3436 2681/1175/2525 2676/1176/3437 2758/2067/3403
f 2653/1286/3438 2660/1080/1931 2671/484/3362 2654/1179/3354
f 2941/414/455 2933/1431/3439 2935/1463/3440 2936/415/456
f 2682/1207/3441 2761/1204/3404 2758/2067/3403 2676/1176/3437
f 2648/1221/3408 2666/2069/3407 2662/1219/3419 2668/1222/3386
f 1007/224/552 432/224/555 93/178/242 341/178/265
f 2978/1596/3442 2990/1042/2832 3104/1043/2835 3103/1453/3443
f 3239/2084/3444 3293/2085/3445 2707/1292/3434 2710/1338/3433
f 2675/1979/3240 2672/2068/3406 2684/1198/3405 2649/1199/3427
f 2676/1176/3437 2681/1175/2525 2670/1235/2527 2665/1226/3412
f 2763/348/381 2762/347/380 2683/1212/3410 2677/1218/3409
f 323/991/1499 35/330/360 518/336/368 967/664/797
f 3383/2086/3446 2664/962/2563 2669/1200/3428 3380/2087/3447
f 2663/1162/3387 2667/1083/1932 2660/1080/1931 2653/1286/3438
f 1022/393/432 310/1714/2508 69/938/1458 393/394/433
f 2688/963/2562 2661/1736/2561 2922/346/379 2913/345/378
f 3380/2087/3447 2669/1200/3428 2689/1197/3395 3385/2063/3394
f 1082/2061/1860 1151/17/19 2704/16/18
f 2936/415/456 1499/948/1919 2939/416/457
f 326/60/1625 34/161/164 1300/163/166 1313/470/530
f 2769/2082/3431 2768/2081/3430 2717/2088/3448 1499/2089/1785
f 348/228/243 1053/194/193 351/647/141 51/628/388
f 3404/2090/160 3460/2091/352 1034/990/1498 280/989/1497
f 1090/82/1923 1117/155/1970 2896/2056/3388 2897/1321/3449
f 3302/2092/3450 3293/2085/3445 2750/2093/3451 3124/2094/3452
f 1082/1137/1860 3131/1489/2053 1677/1124/1658
f 3331/2053/3379 2720/1195/3397 2700/1297/3432 3381/2095/3453
f 2687/1295/3454 2690/2083/3435 2707/1292/3434 2691/2096/3455
f 2897/1321/3449 2896/2056/3388 2673/964/2560 2664/962/2563
f 2691/2096/3455 1499/2097/1785 2687/1295/3454
f 1485/1531/2101 1486/885/1324 1282/220/542 1479/220/541
f 17/2098/109 26/107/111 374/311/342 1036/310/341
f 3206/2018/3338 3252/2099/3456 2910/1184/3457 2698/1378/3458
f 2672/2068/3406 2916/2076/3423 2919/2078/3425 2666/2069/3407
f 2752/2100/3459 2712/1419/3460 2714/891/3248 2644/1985/3247
f 3381/2101/3453 3337/2102/3384 2663/1162/3387 2653/1286/3438
f 2700/1297/3432 2720/1195/3397 2711/1196/3396 2710/1296/3433
f 1499/1507/1919 2946/520/3461 2950/520/3462
f 3252/2099/3456 2908/1333/3463 1499/1109/1785 3292/2103/3464
f 2694/2065/3402 1082/2061/1860 2703/2060/3391
f 2736/1396/3465 2754/1397/3466 3124/2094/3452 3129/1404/3467
f 3291/2104/3468 2753/1228/3400 2756/1229/3399 3239/2105/3444
f 3131/1489/2053 1082/1137/1860 3130/1490/2054
f 1157/1169/1711 1078/1171/1713 1185/1128/119 1180/892/1330
f 50/320/351 347/319/350 1026/383/423 352/382/422
f 326/60/1625 1067/74/75 305/1054/74 34/1055/164
f 2687/1295/3454 1499/2106/1785 2685/1239/3420
f 997/365/1530 476/365/400 124/501/691 493/501/690
f 985/596/705 503/528/1538 140/528/749 506/589/732
f 1499/1480/1919 2945/521/3469 2946/520/3461
f 3299/1353/1889 2923/2062/3392 2767/1234/3393 3231/2107/3470
f 2747/1356/3471 3127/2108/3472 3128/1307/2042 2745/1025/2041
f 2755/1398/1947 1209/1121/1655 1677/1124/1658 3131/1489/2053
f 2703/2060/3391 2647/2071/3413 2693/2109/3398 2694/2065/3402
f 1211/1228/1769 1092/1099/1636 1079/1332/1874 1210/1418/1977
f 3199/1706/2498 2712/511/3460 2752/2100/3459 3294/2110/3473
f 1495/1632/2301 1503/1619/2263 1648/1503/2066 1643/1626/2283
f 2726/2070/3389 2725/1246/1784 2693/2109/3398 2647/2071/3413
f 97/225/556 813/225/551 1048/204/1349 433/204/263
f 2996/1571/3474 3010/1570/3475 3005/2111/3476 3001/2112/3477
f 45/386/426 357/264/293 1063/119/122 343/230/245
f 2646/980/1490 2733/1381/1924 1186/1375/1917 1081/977/1487
f 1387/1154/1691 1384/1153/1690 1233/1232/1773 1143/1378/1920
f 1265/220/1343 435/220/258 1050/220/257 1262/220/1320
f 3319/1379/1921 3327/2113/3478 2719/979/1489 1135/978/1488
f 1459/948/1456 1086/1467/1455 1457/1466/2035
f 1280/215/549 1477/215/548 1470/220/574 1273/220/607
f 2695/1238/2022 2692/1458/2021 2646/2114/1490 2719/979/1489
f 2902/2115/3479 2929/1424/3480 2928/2116/3481 2903/1001/3482
f 373/41/43 1068/1127/1660 295/1130/1662 6/42/44
f 455/1819/637 111/1646/670 470/554/655 996/543/644
f 2906/1143/1675 2904/1263/1804 2771/2117/3483 2698/1378/3458
f 3295/2118/3484 2738/1327/3426 1499/2119/1785 3280/2120/3485
f 820/681/1301 809/306/337 217/705/1066 800/803/1065
f 302/62/64 15/64/66 309/78/80 1066/77/79
f 993/555/656 470/554/655 111/572/670 327/571/669
f 2734/2030/3357 1499/2121/1785 2726/2057/3389
f 2692/1458/2021 2898/1457/2020 2895/93/2766 2735/1190/3313
f 3130/1490/2054 1499/2122/1785 3301/2123/3486 2751/1491/2055
f 3129/1404/3467 3124/2094/3452 2750/2093/3451 2699/1225/3487
f 994/1036/1561 17/518/109 464/552/653 3350/551/652
f 3294/2110/3473 2752/2100/3459 2753/1228/3400 3291/2104/3468
f 2736/1396/3465 3129/1404/3467 3127/2108/3472 2747/1356/3471
f 3295/2118/3484 2736/1396/3465 2747/1356/3471 3201/2124/3488
f 3201/2124/3488 2747/1356/3471 2745/1216/2041 3296/523/622
f 2746/1488/3383 3126/1075/2826 1675/1076/1607 1190/1408/1960
f 2706/1202/3372 2743/1738/2566 2744/245/2565 2696/1854/2827
f 527/660/793 65/622/149 520/621/752 968/657/790
f 3125/1473/2043 3126/1075/2826 2746/1488/3383 2650/1024/2040
f 856/202/1175 721/791/1220 254/793/1157 776/846/1229
f 2750/2093/3451 2756/1229/3399 2740/1100/3401 2699/1225/3487
f 2748/1180/3352 2749/1178/3351 1169/82/1971 32/82/82
f 2721/108/1632 32/1756/82 2722/1097/1633
f 2644/1985/3247 2651/1099/3377 2753/1228/3400 2752/2100/3459
f 2755/1398/1947 2751/1491/2055 2715/2074/3418 2716/1368/1912
f 2731/9/2544 2730/8/2543 2645/2031/3358 2657/1987/3253
f 2915/1977/3238 2765/1278/3365 2764/1694/2454 2914/1978/3239
f 2674/1980/3241 2675/1979/3240 2649/1199/3427 2669/1253/3428
f 2917/487/3421 2921/1081/1930 2761/1204/3404 2757/1205/3489
f 2948/2125/3490 1499/2126/1919 2940/2127/1918
f 2922/346/379 2917/487/3421 2757/1205/3489 2762/347/380
f 2900/2128/3491 1499/759/1785 2899/2129/3492
f 2513/1888/2880 1759/222/1317 2890/448/2910 2202/834/2909
f 1082/2130/1860 2655/1135/3378 1499/2051/1785
f 3503/2131/451 3497/1809/1598 1028/367/402 279/411/452
f 2931/2132/3493 1499/2133/1785 2905/2016/3336
f 2666/2069/3407 2919/2078/3425 2920/1174/3422 2662/1219/3419
f 356/259/286 48/126/129 345/129/132 1061/134/137
f 1653/1602/2229 1408/1371/1914 2924/1387/1934 3113/1542/3494
f 3231/2107/3470 2767/1234/3393 2715/2074/3418 3297/2134/3495
f 2932/1262/1803 2925/2135/3496 2771/2117/3483 2904/1263/1804
f 2938/520/3497 1499/1507/1919 2950/520/3462
f 3118/456/3498 3117/2136/3499 2928/2116/3481 2929/1424/3480
f 2603/1789/2671 1931/1823/2738 1723/1822/2737 2007/1792/2678
f 790/222/1274 255/701/1275 692/701/1077 880/222/1076
f 2782/334/933 2027/641/769 1738/723/2885 2778/1814/2721
f 1738/723/2885 2026/2020/3339 2781/685/2720 2778/1814/2721
f 2029/643/2323 2783/1878/2869 2776/1679/2425 1807/1652/2369
f 3156/1919/3010 3155/1929/3027 3154/1910/2982
f 2812/177/2782 2803/179/2169 1767/875/2168 2080/216/2656
f 2969/27/2505 2970/1711/2504 2954/1826/2748 1776/27/3040
f 2834/1727/2547 2839/1625/2282 2838/249/2281 2833/255/3250
f 2845/1359/1896 2837/101/3359 2832/102/2030 2825/1793/2681
f 2726/2070/3389 1499/1247/1785 2725/1246/1784
f 2832/102/2030 2837/101/3359 2844/1989/3261 2824/1462/2031
f 2189/1940/3049 3151/1805/2708 3180/1949/3069
f 2880/224/2470 2868/875/3500 1714/1774/2640 1981/911/2471
f 1718/1759/2603 1983/136/1503 2879/220/1502 2865/215/3257
f 1721/225/2638 1985/224/1901 2878/224/2613 2866/223/3255
f 865/372/1143 718/266/1142 242/769/1198 742/372/1197
f 1987/888/2599 2877/204/3259 2872/225/2473 1719/439/2472
f 3511/1775/2641 1986/204/2642 2876/204/3235 3419/204/3234
f 140/528/749 490/528/748 978/589/738 506/589/732
f 1853/200/2915 2010/745/2953 2519/200/2952 2251/758/2700
f 2238/808/2986 2570/272/3289 2253/448/2998 1850/200/3001
f 109/85/87 448/84/86 32/2137/82
f 1852/200/2144 2063/729/2147 2574/200/2775 2257/942/3311
f 3116/2138/3501 2927/2080/3429 2928/2116/3481 3117/2136/3499
f 2809/224/2170 2816/223/2790 1771/225/2792 2081/224/2171
f 2521/27/1838 2256/27/2776 1849/200/3002 2232/27/1839
f 1451/1471/2039 1452/949/1457 1441/416/2047 1438/1471/2068
f 3413/767/500 73/261/289 900/260/911 3469/1620/993
f 2903/1001/3482 2928/2116/3481 2927/2080/3429 2769/2082/3431
f 2997/2139/3502 1499/1469/1785 2998/1534/2768
f 2431/372/3197 2356/372/3198 1896/372/3184 2330/372/3195
f 145/656/789 287/655/788 965/669/802 530/670/803
f 2902/2115/3479 2903/1001/3482 2900/2128/3491 2899/2129/3492
f 2930/2048/3374 2929/1424/3480 2902/2115/3479 2901/2049/3375
f 1499/2047/1785 2901/2049/3375 2902/2115/3479 2899/2129/3492
f 325/1120/1654 33/59/1624 1307/1093/1626 1315/1089/1620
f 505/504/737 141/507/736 491/602/712 984/601/711
f 511/625/443 973/357/390 525/360/393 144/626/755
f 2949/2140/3503 2947/2141/3504 2945/521/3469 2944/2142/3505
f 1499/1283/1919 2948/2125/3490 2940/1376/1918 2937/2143/3506
f 489/501/739 977/365/399 507/365/1547 139/501/733
f 3461/2144/820 3431/2059/3390 1/13/15 281/12/14
f 1451/1471/2039 1438/1471/2068 1442/1481/2046 1460/1480/2033
f 1499/522/1919 2938/520/3497 2934/521/3507 2942/2145/3508
f 2933/1431/3439 2934/521/3507 2947/2141/3504 2949/2140/3503
f 784/720/1092 259/717/1256 708/747/1119 870/809/1089
f 1449/1392/1942 1086/2146/1733 1450/1186/1732
f 2950/520/3462 2947/2141/3504 2934/521/3507 2938/520/3497
f 1961/278/310 2786/1754/2592 1238/690/821 17/2147/109
f 975/620/751 521/623/753 143/635/763 286/666/799
f 1499/2148/1919 2937/2143/3506 2939/416/457
f 3259/1361/1904 3269/1331/1873 1679/1330/1872 1676/1422/1980
f 3280/2149/3485 1499/2097/1785 2691/2096/3455 3302/2092/3450
f 1499/948/1919 2935/1463/3440 2933/1431/3439 2949/2140/3503
f 56/1035/668 369/406/445 974/405/444 368/565/665
f 2945/521/3469 1499/1480/1919 2944/2142/3505
f 1078/1171/1713 1183/8/10 1179/68/70 1185/116/119
f 2911/1183/3382 2912/1185/3381 2909/1144/1676 2910/1184/3457
f 2910/1184/3457 2909/1144/1676 2906/1143/1675 2698/1378/3458
f 3266/2150/3509 2994/1560/3510 3012/2151/3511 3202/2152/3512
f 1434/1211/1757 1433/1430/1986 1425/521/1988 1429/520/1754
f 1144/1146/1678 1234/1264/1805 2904/1263/1804 2906/1143/1675
f 1817/221/3305 1759/222/1317 1837/260/2772 3536/932/3306
f 3292/2153/3464 3265/524/623 2650/1024/2040 2911/1183/3382
f 3399/480/546 44/479/545 1480/475/539 3429/474/538
f 2746/1407/3383 1190/1408/1960 1393/1487/2052 2912/1185/3381
f 2909/1144/1676 2912/1185/3381 1393/1487/2052 1390/1145/1677
f 2672/2068/3406 2675/1979/3240 2914/1978/3239 2916/2076/3423
f 1471/224/599 1274/224/598 1281/223/584 1478/223/583
f 3128/1215/2042 2706/1202/3372 2696/1854/2827 3125/1473/2043
f 1270/220/488 92/220/259 430/220/560 1273/220/607
f 940/815/1444 593/736/951 74/743/950 615/743/1445
f 3298/2154/3513 2931/2132/3493 2905/2016/3336 3260/2015/3335
f 2943/417/458 2939/416/457 2937/2143/3506 2940/1376/1918
f 2942/2145/3508 2941/414/455 2943/417/458 1499/1274/1919
f 1072/1106/1642 328/185/186 59/312/343 376/1086/1617
f 2941/414/455 2942/2145/3508 2934/521/3507 2933/1431/3439
f 2729/2041/3370 2699/1225/3487 2740/1100/3401 2742/1101/3371
f 2950/520/3462 2946/520/3461 2945/521/3469 2947/2141/3504
f 2556/543/2725 2106/606/724 112/506/605 466/544/645
f 992/1034/1560 471/482/558 118/553/654 464/552/653
f 3108/2155/3514 3013/2156/3515 3014/2157/3516 3098/2158/3517
f 2925/2135/3496 2932/1262/1803 3123/2159/3518 3122/2160/3519
f 3005/2111/3476 3006/1812/2718 3000/459/2717 3001/2112/3477
f 2944/2142/3505 1499/415/1919 2949/2140/3503
f 1491/1523/2091 1635/1526/2094 3108/2155/3514 2977/1566/3520
f 2986/2161/3521 2982/1857/2833 3080/1498/3522 3081/2072/3523
f 3403/902/3256 2873/177/1861 1980/1324/1864 3546/2162/3524
f 2094/1859/2836 1779/515/2837 2100/513/2830 2563/1849/2807
f 1499/1469/1785 3004/2163/3525 3016/2164/3526
f 3532/2165/3222 3438/480/2521 1722/479/3361 2968/478/3211
f 1722/479/3361 2087/1709/2502 2969/843/2505 2968/478/3211
f 2972/885/2796 2814/1843/2788 2962/1530/2523 2971/1988/3254
f 2971/1988/3254 2962/1530/2523 2086/1529/2522 2967/1532/3223
f 1499/1469/1785 3016/2164/3526 2976/1834/2770 3002/237/2769
f 1537/1547/2123 3013/2156/3515 3108/2155/3514 1635/1526/2094
f 2995/1538/3527 2999/1813/2719 3007/1317/1856 3011/1316/1855
f 3073/2166/3528 3074/1640/2400 2977/1566/3520 2983/2167/3529
f 1765/234/2620 2817/1845/2793 2813/220/2794 2078/220/2618
f 3209/2168/3530 3304/2169/3531 3004/2163/3525 1499/2170/1785
f 2932/1262/1803 1416/898/1337 1668/901/1340 3123/2159/3518
f 3021/2072/3414 3097/1618/3417 3083/1717/2517 3028/1719/2520
f 3098/2158/3517 2983/2167/3529 2977/1566/3520 3108/2155/3514
f 3314/2171/3532 3060/2172/3533 3039/2167/3534 3310/1554/2140
f 1160/511/611 1210/1418/1977 1079/1332/1874 1162/512/612
f 3011/1316/1855 3107/1315/1854 3111/1511/3535 3012/2151/3511
f 3115/1355/1891 3116/2138/3501 2995/1538/3527 2994/1560/3510
f 3043/954/3536 3047/1662/3537 3041/1637/3538 3045/1612/3539
f 3012/2151/3511 2994/1560/3510 2995/1538/3527 3011/1316/1855
f 2378/372/2650 1776/439/3040 2390/372/3039 2434/372/2651
f 3018/2173/3540 3020/2174/3541 3090/2174/3542 3087/2175/3543
f 3104/1043/2835 3102/1858/2834 3005/2111/3476 3010/1570/3475
f 1510/1611/2245 2992/2176/3544 3013/2156/3515 1537/1547/2123
f 2982/1857/2833 2990/1042/2832 3075/1497/3545 3080/1498/3522
f 3082/1579/2246 1499/1579/2187 1617/1586/2247
f 3091/1483/3546 3041/1637/3538 3036/1595/2219 3092/1594/2218
f 3006/1812/2718 3110/2177/3547 3105/1318/1857 3007/1317/1856
f 3102/1858/2834 3110/2177/3547 3006/1812/2718 3005/2111/3476
f 3067/1567/2196 3032/1566/2195 3039/2167/3534 3060/2172/3533
f 3120/762/3548 1499/2178/1785 2997/2139/3502 2996/1571/3474
f 2998/1534/2768 3008/1455/2771 3009/1456/3549 2997/2139/3502
f 1565/1586/2198 3038/1577/2185 3095/1581/2306 1631/1582/2190
f 3009/1456/3549 3010/1570/3475 2996/1571/3474 2997/2139/3502
f 3443/387/427 45/386/426 343/230/245 3507/229/244
f 3031/1640/2330 3024/2166/3550 3094/2179/3551 3086/1589/2207
f 3309/2180/3552 2988/2181/3553 3072/1992/3554 3308/2182/3555
f 3097/1618/3417 3042/2161/3556 3035/2183/3557 3083/1717/2517
f 3083/1717/2517 3035/2183/3557 3034/2184/3558 3088/1718/2518
f 3046/1042/3559 3085/2185/3560 3084/1597/2221 3033/1596/2220
f 3096/2073/3416 3026/1498/3415 3017/1497/3561 3085/2185/3560
f 3062/1666/2512 3055/1669/3562 3054/1576/2183 3061/1575/2182
f 3075/1497/3545 2990/1042/2832 2978/1596/3442 3079/1587/2315
f 3086/1589/2207 3094/2179/3551 3039/2167/3534 3032/1566/2195
f 329/392/431 68/395/434 394/140/143 1042/265/294
f 3038/1577/2185 3044/953/2184 3089/1522/3273 3095/1581/2306
f 3087/2175/3543 3090/2174/3542 3043/954/3536 3045/1612/3539
f 3091/1483/3546 3087/2175/3543 3045/1612/3539 3041/1637/3538
f 2998/1534/2768 1499/1469/1785 3002/237/2769
f 3040/1557/2143 3093/1556/2142 3088/1718/2518 3034/2184/3558
f 3274/1708/2501 2101/1707/2500 2561/87/89 3288/2013/3333
f 3226/2186/3563 3089/1522/3273 3044/953/2184 3307/2187/3564
f 3037/1857/3565 3096/2073/3416 3085/2185/3560 3046/1042/3559
f 3101/2188/3566 3109/2189/3567 3016/2164/3526 3004/2163/3525
f 3028/1719/2520 3077/1719/3568 3081/2072/3523 3021/2072/3414
f 3114/125/3569 2991/2190/3570 2992/2176/3544 3113/1542/3494
f 3100/1627/2484 3112/1636/2487 3008/1545/2771 2976/1834/2770
f 2913/345/378 2915/1977/3238 2674/1980/3241 2688/963/2562
f 92/220/259 435/220/258 1006/220/502 430/220/560
f 3014/2157/3516 3013/2156/3515 2992/2176/3544 2991/2190/3570
f 3016/2164/3526 3109/2189/3567 3100/1627/2484 2976/1834/2770
f 3076/1606/3571 3029/1606/2519 3023/1603/3230 3068/1603/3572
f 3304/2169/3531 3303/2191/3573 3101/2188/3566 3004/2163/3525
f 3112/1636/2487 3103/1453/3443 3009/1456/3549 3008/1545/2771
f 3103/1453/3443 3104/1043/2835 3010/1570/3475 3009/1456/3549
f 3042/2161/3556 3097/1618/3417 3096/2073/3416 3037/1857/3565
f 3315/2192/3574 2984/1557/3575 3068/1603/3572 3267/2193/3576
f 3081/2072/3523 3080/1498/3522 3026/1498/3415 3021/2072/3414
f 3109/2189/3567 3101/2188/3566 2987/2194/3577 2989/2195/3578
f 372/376/415 1027/151/155 522/639/767 148/640/768
f 3267/2193/3576 3068/1603/3572 3023/1603/3230 3306/2196/3579
f 3091/1483/3546 3022/1483/3580 3018/2173/3540 3087/2175/3543
f 1059/164/167 530/670/803 148/640/768 515/165/168
f 3053/2197/3581 3035/2183/3557 3042/2161/3556 3052/2198/3582
f 3078/1594/2312 3069/1563/3583 3022/1483/3580 3027/1599/2313
f 1137/1191/1736 1367/92/94 1130/1240/1780 1138/1238/1778
f 3308/2182/3555 3072/1992/3554 3019/1992/3272 3210/2199/3584
f 3051/2200/3585 3037/1857/3565 3046/1042/3559 3050/2201/3586
f 3311/2202/3587 3202/2152/3512 3012/2151/3511 3111/1511/3535
f 2982/1857/2833 2986/2161/3521 3110/2177/3547 3102/1858/2834
f 1329/2/2 1316/1/1 359/276/308 1039/262/291
f 2989/2195/3578 2987/2194/3577 3070/2174/3588 3071/2173/3589
f 2554/1036/2845 2051/1781/2661 1747/1029/1555 2113/563/2846
f 3071/2173/3589 3070/2174/3588 3020/2174/3541 3018/2173/3540
f 1595/1665/2395 3061/1575/2182 3038/1577/2185 1565/1586/2198
f 1649/1050/1575 1499/1658/2187 3099/1051/1576
f 3072/1992/3554 3082/1579/2246 3025/1581/2248 3019/1992/3272
f 3092/1599/2218 3027/1594/2313 3022/1483/3580 3091/1483/3546
f 1873/455/3123 2291/372/3130 2417/372/2291 2344/372/3100
f 3031/1640/2330 3074/1640/2400 3073/2166/3528 3024/2166/3550
f 3080/1498/3522 3075/1497/3545 3017/1497/3561 3026/1498/3415
f 3079/1587/2315 3030/1587/2314 3017/1497/3561 3075/1497/3545
f 1701/1847/2805 1954/2009/3326 2534/620/2408 2152/621/2865
f 3076/1606/3571 3077/1719/3568 3028/1719/2520 3029/1606/2519
f 3052/2198/3582 3042/2161/3556 3037/1857/3565 3051/2200/3585
f 2930/2048/3374 1499/2203/1785 3120/762/3548 3119/2204/3590
f 1658/456/515 1418/1424/1984 1417/1268/1810 1657/457/516
f 3546/2162/3524 3417/627/3363 1998/228/2639 1714/1774/2640
f 332/136/139 38/135/138 1338/220/1344 1341/220/1331
f 3236/2205/3591 3047/1662/3537 3043/954/3536 3307/2187/3564
f 1272/1048/1573 1488/460/519 1487/884/1323 1283/476/540
f 340/225/236 1054/224/235 352/382/422 52/315/346
f 2929/1424/3480 2930/2048/3374 3119/2204/3590 3118/456/3498
f 3047/1662/3537 3048/1668/3592 3036/2206/2219 3041/1637/3538
f 521/623/753 65/390/149 1024/389/429
f 3236/2205/3591 3221/2207/3593 3048/1598/3592 3047/1662/3537
f 3282/2014/3334 3283/2208/3594 2641/1730/2550 2779/1893/2887
f 1596/1716/2394 3062/1671/2512 3061/1575/2182 1595/1665/2395
f 3306/2196/3579 3023/1603/3230 3093/1556/2142 3220/1555/2141
f 3048/1668/3592 3049/2209/3595 3033/1596/2220 3036/2206/2219
f 3210/2199/3584 3019/1992/3272 3089/1522/3273 3226/2186/3563
f 3105/1318/1857 2980/2183/3596 2979/2184/3597 3107/1315/1854
f 3221/2207/3593 3316/2210/3598 3049/2209/3595 3048/1598/3592
f 2471/775/3009 2380/632/2991 1862/712/3103 2268/1897/3102
f 3062/1666/2512 3063/1655/2372 3056/2211/3599 3055/1669/3562
f 2978/1596/3442 2981/2206/2486 3078/1599/2312 3079/1587/2315
f 3050/2201/3586 3046/1042/3559 3033/1596/2220 3049/2209/3595
f 3316/2210/3598 3312/2212/3600 3050/2201/3586 3049/2209/3595
f 1279/1843/3601 1486/885/1324 1485/1531/2101 1476/1530/2100
f 3303/2191/3573 3106/1700/2482 2988/2181/3553 3309/2180/3552
f 3063/1655/2372 3064/1654/2371 3057/2213/3602 3056/2211/3599
f 2340/372/3269 1923/27/3229 2333/372/3189 2436/372/3175
f 3222/530/630 3242/326/355 1068/1127/1660 377/1085/1616
f 1841/855/2096 1845/1527/2095 2260/275/3281 2230/271/3325
f 2847/47/1964 2841/1742/2573 1693/1827/2751 1968/162/1961
f 399/209/207 70/210/208 391/403/442 1020/918/1460
f 3312/2212/3600 3313/2214/3603 3051/2200/3585 3050/2201/3586
f 3064/1654/2371 3065/1649/2351 3058/2215/3604 3057/2213/3602
f 3313/2214/3603 3203/2216/3605 3052/2198/3582 3051/2200/3585
f 3065/1649/2351 3066/1648/2350 3059/2217/3606 3058/2215/3604
f 84/742/965 609/739/942 937/735/937 613/734/936
f 534/684/816 1243/721/877 424/721/878 565/684/817
f 641/923/1409 186/864/1471 194/958/1470 675/920/1398
f 1608/1573/2357 1607/1572/2311 1500/1513/2072 1492/1524/2092
f 3203/2216/3605 3314/2171/3532 3053/2197/3581 3052/2198/3582
f 2697/243/2828 2737/1986/3252 1192/886/1325 1145/1077/1608
f 3066/1648/2350 3067/1567/2196 3060/2172/3533 3059/2217/3606
f 129/597/707 502/501/706 990/1023/1546 485/580/677
f 3053/2197/3581 3040/1557/2143 3034/2184/3558 3035/2183/3557
f 285/24/26 1074/23/25 292/14/16 1/13/15
f 2762/347/380 2757/1429/3489 2659/1227/3411 2683/1212/3410
f 1759/222/1317 2196/448/2907 2890/448/2910
f 247/372/1215 745/372/1085 832/372/1259 770/372/1218
f 2979/2184/3597 2980/2183/3596 3077/1719/3568 3076/1606/3571
f 1491/1523/2091 2977/1566/3520 3074/1640/2400 1609/1641/2361
f 2980/2183/3596 3105/1318/1857 3110/2177/3547 2986/2161/3521
f 3137/1061/3075 3136/372/3083 3171/372/3066
f 3439/1990/3265 3455/802/3106 2386/803/3109 1865/912/3266
f 3135/372/3089 3134/372/1600 3176/372/3074
f 3190/1925/3020 3193/1951/3071 3141/1938/3047
f 2988/2181/3553 1499/1579/2187 3082/1579/2246 3072/1992/3554
f 2981/2206/2486 2985/1702/2485 3069/1563/3583 3078/1599/2312
f 2310/272/2344 1922/275/2343 2270/448/2316 2447/448/2319
f 3100/1627/2484 3109/2189/3567 2989/2195/3578 2985/1702/2485
f 1481/1532/1282 1485/1531/2101 1479/220/541 98/218/1279
f 2229/1905/2972 1837/261/2772 1816/1906/2973
f 2985/1702/2485 2989/2195/3578 3071/2173/3589 3069/1563/3583
f 3068/1603/3572 2984/1557/3575 2979/2184/3597 3076/1606/3571
f 3027/1594/2313 3092/1599/2218 3084/1597/2221 3030/1587/2314
f 1248/334/364 1244/683/815 420/683/888 205/334/365
f 864/263/1147 720/790/1149 233/756/1116 716/749/1115
f 1261/177/1319 1049/177/216 812/215/215 1255/215/504
f 3030/1587/2314 3084/1597/2221 3085/2185/3560 3017/1497/3561
f 406/448/496 77/272/304 411/275/307 1016/442/486
f 998/533/634 462/532/633 133/532/721 499/534/720
f 567/203/198 158/202/197 588/719/867 928/718/866
f 1841/855/2096 2230/271/3325 2572/200/3320 2248/1894/2889
f 1052/618/745 336/204/562 43/225/234 340/225/236
f 3311/2202/3587 3315/2192/3574 2983/2167/3529 3098/2158/3517
f 512/299/330 1059/164/167 365/167/170 7/300/331
f 3118/456/3498 3119/2204/3590 3001/2112/3477 3000/459/2717
f 1510/1611/2245 1509/1543/2120 1652/1542/2119 1653/1602/2229
f 1499/1579/2187 2988/2181/3553 3106/1700/2482 3099/1051/1576
f 2418/372/3160 2356/372/3198 1918/372/3173 2372/372/3213
f 3383/2086/3446 2695/1238/2022 2719/979/1489 3327/2113/3478
f 2462/372/2328 2289/372/2327 1895/372/3194 2337/372/3183
f 2676/1176/3437 2665/1176/3412 2659/1213/3411 2682/1207/3441
f 2209/1923/3015 1837/260/2772 1829/1902/2925
f 2805/220/2818 2813/220/2794 2961/220/2530 2953/220/2109
f 2571/200/2999 2252/221/3304 1848/200/3005 2234/222/3000
f 3113/1542/3494 2992/2176/3544 1510/1611/2245 1653/1602/2229
f 1086/1369/1668 1405/1280/1820 1082/1427/1860
f 1245/494/577 1236/689/162 281/688/14 1075/11/13
f 2367/372/2404 1917/372/2365 2328/372/2364 2451/372/2405
f 1347/224/238 1335/178/237 1252/875/1304 1256/224/1303
f 3238/1352/1888 3115/1355/1891 2994/1560/3510 3266/2150/3509
f 364/652/785 1037/298/329 367/297/328 54/1004/1518
f 3156/1919/3010 3157/1909/2981 3159/1920/3011
f 3552/2218/3607 3422/516/616 1070/52/54 3255/2219/1661
f 3116/2138/3501 3117/2136/3499 2999/1813/2719 2995/1538/3527
f 3526/827/3209 3441/1959/3144 2348/913/3141 1910/769/2403
f 294/26/28 5/25/27 314/132/135 1062/131/134
f 2907/2017/3337 1499/1334/1785 2908/1333/3463
f 2299/818/3122 1890/222/3165 2319/221/3167 2455/743/2150
f 2920/1174/3422 2760/1173/3436 2758/2067/3403 2918/1386/1933
f 3119/2204/3590 3120/762/3548 2996/1571/3474 3001/2112/3477
f 114/183/185 465/182/184 995/546/647 460/541/642
f 3116/2138/3501 3115/1355/1891 2926/1354/1890 2927/2080/3429
f 3283/2208/3594 3270/1879/2870 1940/14/2551 2641/1730/2550
f 3363/2040/3369 3336/1851/2812 2095/88/90 1780/175/2630
f 2874/220/1957 1982/136/1958 1715/1323/1863 2867/215/1862
f 3305/2220/3608 3209/2221/3530 1499/2222/1785 3121/2223/3609
f 1694/675/2733 1948/1886/2878 2523/676/2427 2148/981/2734
f 3122/2160/3519 3123/2159/3518 3003/916/1679 2993/914/2757
f 711/717/1118 227/814/1120 707/743/1109 871/743/1113
f 3003/916/1679 3123/2159/3518 1668/901/1340 1518/1147/1680
f 2315/736/3134 1888/736/2135 2352/222/2134 2421/222/3212
f 2018/1821/2732 1805/1763/2615 2154/1653/2370 2589/1182/1727
f 1505/953/1466 1498/1578/2186 1637/1580/2188 1644/497/580
f 1086/947/1455 1452/949/1457 1451/1471/2039
f 1086/1441/1668 1369/1442/2003 1368/1165/1707 1371/1168/1710
f 2920/1174/3422 2919/2078/3425 2759/2077/3424 2760/1173/3436
f 3113/1542/3494 2924/1387/1934 2923/2062/3392 3114/125/3569
f 3127/2108/3472 2729/2041/3370 2706/1202/3372 3128/1215/2042
f 2737/1986/3252 2697/243/2828 2696/1854/2827 2744/245/2565
f 712/747/1370 869/742/1096 709/734/1102 228/814/1107
f 2699/1225/3487 2729/2041/3370 3127/2108/3472 3129/1404/3467
f 3341/2224/1929 1077/34/36 276/33/35 3318/2225/1653
f 1201/1488/1959 1394/1185/1731 1393/1487/2052 1190/1408/1960
f 2026/2020/3339 2631/1760/2604 311/6/6 61/5/5
f 2037/390/2736 1810/622/2866 2153/623/1925 2586/1384/1928
f 646/729/498 1322/731/931 1328/777/1009 1038/281/312
f 852/372/1027 774/372/1224 268/372/1223 742/372/1197
f 2110/590/2862 1787/588/2861 2132/2026/3346 2539/534/3345
f 150/371/406 382/643/773 972/634/762 522/639/767
f 909/372/893 425/372/897 182/372/1442 622/372/896
f 2112/182/1526 1789/550/1525 2117/562/2368 2622/181/1866
f 1474/217/547 1277/217/241 1268/227/240 1465/227/600
f 3478/902/1354 1051/217/249 427/233/248 3504/1450/2010
f 1063/119/122 357/264/293 46/139/142 284/120/123
f 652/270/1406 404/270/301 78/269/300 896/269/1421
f 3254/1420/1978 1160/1419/611 108/510/610 3245/509/609
f 65/1095/149 527/660/793 152/659/792
f 3253/649/781 3227/1126/1659 1074/23/25 294/26/28
f 157/924/1410 591/921/1404 925/750/963 589/751/964
f 632/831/1054 172/800/1056 546/846/1414 912/828/1037
f 657/765/988 199/448/990 651/200/979 898/273/305
f 3415/932/1425 3446/1903/994 360/203/913 958/260/195
f 2276/831/3270 1921/465/3225 2325/1963/3181 2440/830/3180
f 890/372/1010 548/372/1424 170/372/916 553/372/1011
f 167/372/1407 571/372/900 919/372/1378 578/372/1431
f 3489/294/325 3450/1092/1623 1291/1090/1621 1331/931/1422
f 2844/1989/3261 2837/101/3359 1691/300/2672 1732/2226/2285
f 17/929/109 2052/599/709 2579/1028/1554
f 1662/1533/2102 1661/1693/2449 1516/1591/2215 1517/1534/2103
f 421/372/522 960/27/483 669/200/482 1363/372/476
f 1324/1501/2065 1320/441/484 1285/292/323 1288/780/1014
f 3151/1805/2708 2189/1940/3049 3165/1912/2984
f 2137/533/3348 1797/2026/3347 2109/1861/2839 2558/534/2841
f 375/309/340 59/312/343 328/185/186 17/184/109
f 2981/1599/2486 2978/1596/3442 3103/1453/3443 3112/1454/2487
f 781/372/1248 268/372/1223 769/372/1222 837/372/1249
f 3144/1061/3045 3153/1930/3030 3145/1061/3026
f 3164/1927/3023 3163/1946/3058 3162/1806/2709
f 3178/372/3018 3137/1061/3075 2190/455/3019
f 2257/200/3311 2573/861/3278 2008/200/2995 1852/281/2144
f 2624/968/2622 1973/941/1447 1708/940/1446 1966/969/3323
f 2705/15/17 2647/2071/3413 2703/2060/3391 2704/16/18
f 3121/2223/3609 1499/2133/1785 2931/2132/3493
f 306/435/472 72/359/392 401/358/391 1018/425/465
f 2723/2004/3314 2734/2030/3357 2733/1381/1924 2646/980/1490
f 3305/2220/3608 3121/2223/3609 2931/2132/3493 3298/2154/3513
f 2935/1472/3440 1499/948/1919 2936/415/456
f 400/356/389 70/210/208 395/206/204 1045/257/283
f 2000/888/1327 1730/888/2627 1990/225/2626 2614/889/1328
f 2300/263/2274 1879/753/2386 2349/754/2389 2422/755/2275
f 398/396/435 1023/398/437 278/54/56 62/1094/59
f 91/234/251 429/220/256 1278/220/491 1282/220/542
f 323/991/1499 23/97/101 446/100/104 1000/514/614
f 945/943/1493 951/946/1484 668/946/1454 895/943/1450
f 935/748/1019 604/266/995 88/372/998 607/266/1031
f 3391/802/1064 3409/908/1357 216/912/1361 800/803/1065
f 925/750/963 591/921/1404 156/222/1402 590/222/902
f 917/372/871 575/372/924 164/372/1427 574/372/872
f 138/532/744 501/532/743 976/533/801 508/534/1553
f 2654/1179/3354 2702/1193/3353 2701/1157/3380 2653/1254/3438
f 1226/1273/1813 1167/1310/1849 1163/1150/1683 1225/1234/1775
f 1440/1460/2023 1086/2227/1733 1441/416/2047
f 1603/1563/2325 1502/1637/2308 1496/1595/2307 1613/1594/2324
f 2880/224/2470 2791/224/2778 2787/178/3231 2868/875/3500
f 2905/2016/3336 1499/1334/1785 2907/2017/3337
f 2588/1440/2002 1999/439/2735 1741/439/2609 2036/1784/2666
f 3173/372/1599 1762/372/1601 2190/455/3019
f 2849/28/30 2009/27/29 2578/1762/2611 2860/304/2705
f 1837/2228/2772 2191/30/3279 1763/845/3097 2203/1411/1967
f 1908/717/2264 2371/737/3111 2458/742/3112 2346/747/3133
f 2732/116/2595 2728/892/3249 1779/515/2837 2102/117/1306
f 2156/1684/2434 2530/1870/2858 509/169/172 146/168/171
f 2192/27/2955 1837/2000/2772 2259/27/2932
f 2089/271/2107 1773/220/2106 2265/271/2410 2412/489/2409
f 2957/224/2822 2091/911/3164 1778/260/2464 2964/223/2814
f 3301/2229/3486 3297/2134/3495 2715/2074/3418 2751/1491/2055
f 19/1715/2509 310/1714/2508 1022/393/432 320/402/441
f 1634/1604/2232 1569/1517/2079 1563/1539/2116 1633/1495/2061
f 2517/857/2888 2248/1894/2889 1836/1994/3276 2068/782/2552
f 3117/2136/3499 3118/456/3498 3000/459/2717 2999/1813/2719
f 2712/1419/3460 1781/1856/2831 2100/513/2830 2714/891/3248
f 3077/1719/3568 2980/2183/3596 2986/2161/3521 3081/2072/3523
f 2026/2020/3339 1738/723/2885 1972/724/2605 2631/1760/2604
f 17/1103/109 1073/1105/1641 290/2230/469
f 1222/1279/1819 1224/1260/1801 1101/1243/1776 1123/1242/1781
f 2020/1548/2124 2596/990/2127 1928/1753/2591 1702/1751/2589
f 223/455/1100 700/372/1099 830/372/1269 699/372/1087
f 213/696/1006 686/697/1376 883/344/1374 794/695/1007
f 724/801/1152 861/448/1155 684/868/1287 273/491/572
f 175/372/976 553/372/1011 922/773/1004 603/266/1382
f 1196/1326/1868 1202/1356/1892 1189/1396/1945 1193/1395/1869
f 153/222/230 927/736/948 593/736/951 177/222/966
f 1549/1584/2192 1499/1579/2187 1606/956/1469 1542/956/2089
f 1759/222/1317 2165/221/2970 1837/260/2772
f 2866/223/3255 2789/223/2516 2795/204/3236 2876/204/3235
f 2735/1190/3313 2723/2004/3314 2646/2114/1490 2692/1458/2021
f 2757/1429/3489 2761/1204/3404 2682/1207/3441 2659/1227/3411
f 349/316/347 1026/383/423 65/1119/149
f 966/665/798 529/662/795 149/982/794 516/981/806
f 911/709/853 423/222/825 183/222/899 566/709/856
f 3485/897/1336 3473/844/1225 714/755/1136 866/755/1135
f 3479/1797/280 3396/2033/273 1303/1452/276 1298/1451/281
f 848/372/1209 772/372/1216 270/372/1217 750/372/1210
f 1280/215/549 94/215/218 431/177/217 1277/217/241
f 1336/179/181 39/178/180 335/224/233 1345/224/232
f 1412/1269/1811 1411/123/126 1655/122/125 1656/1270/1812
f 1655/122/125 1654/125/128 1508/1544/2121 1513/1560/2149
f 1712/1343/1879 1958/1007/2614 2564/1855/2829 2096/1344/1880
f 2858/1997/3292 2576/373/2765 2233/27/2753 2855/928/2623
f 3320/2231/2564 3359/2232/2570 1936/1104/2569 2639/1913/2985
f 2486/372/2390 2232/27/1839 1849/200/3002 2245/372/2391
f 1875/735/3135 2315/736/3134 2421/222/3212 2347/736/3210
f 2471/775/3009 2268/1897/3102 1864/1976/3233 2388/1918/3007
f 2505/735/2968 2212/735/2967 1759/222/1317 2210/815/2950
f 1499/2122/1785 3130/1490/2054 1082/2130/1860
f 1494/1629/2288 1495/1632/2301 1643/1626/2283 1645/1564/2157
f 1736/312/2125 2021/309/362 2621/1107/1643 1977/1770/2631
f 307/75/76 20/79/81 1951/58/60 2633/61/63
f 185/936/1436 190/784/1464 956/783/761 417/343/375
f 1035/318/349 387/1087/1618 65/2233/149 347/319/350
f 436/223/550 1005/224/567 428/472/536 95/438/477
f 1357/938/1459 945/943/1493 895/943/1450 628/938/1440
f 601/201/196 958/200/195 191/284/315 171/792/1035
f 3248/2234/678 3224/2235/1539 484/600/710 117/603/679
f 1254/223/554 1333/223/231 1343/204/561 1260/204/1350
f 1426/1472/2032 1423/1431/1987 1086/2143/1455
f 1380/1001/1512 1227/1000/1511 1412/1269/1811 1417/1268/1810
f 3219/1860/2838 2023/1085/2479 2634/1794/2682 3273/1811/2715
f 2806/1842/2787 1769/438/2160 2083/204/2292 2810/204/2295
f 1241/340/372 1249/339/371 382/643/773 150/371/406
f 2374/372/3099 2416/372/3215 2345/372/3161 1907/372/3214
f 3290/2236/2842 3278/2237/2848 2116/482/2255 2559/112/2860
f 1720/2038/3368 2870/204/3260 2877/204/3259 1987/888/2599
f 3140/1943/3055 3139/1921/3012 3184/1944/3056
f 2661/1736/2561 2671/1271/3362 2917/1428/3421 2922/346/379
f 353/397/436 47/218/285 344/220/226 1055/219/225
f 3071/2173/3589 3018/2173/3540 3022/1483/3580 3069/1563/3583
f 3425/204/261 3481/204/1334 1473/204/585 1276/204/262
f 3407/473/537 1283/476/540 1487/884/1323 3477/1449/2009
f 536/372/850 180/372/1448 563/372/1443 908/372/851
f 32/111/82 2702/1158/3353 2748/1412/3352
f 1818/27/1584 3150/27/3094 3170/372/3082
f 3172/372/3086 3171/372/3066 3170/372/3082 3149/1061/3084
f 2395/454/2132 2406/681/2131 2386/803/3109 1866/705/3108
f 3171/372/3066 3173/372/1599 3137/1061/3075
f 3107/1315/1854 2979/2184/3597 2984/1557/3575 3111/1511/3535
f 2749/1178/3351 2654/1179/3354 2673/964/2560 2896/2056/3388
f 97/225/556 433/204/263 1276/204/262 1281/223/584
f 90/789/1032 542/848/1381 904/745/953 605/744/952
f 42/231/246 337/118/121 1344/204/1298 1337/204/1347
f 3471/806/1069 883/344/1374 686/697/1376 3470/804/1067
f 949/705/843 207/704/842 188/681/813 192/454/506
f 3549/204/2015 2804/204/2294 1770/204/2293 3514/204/2658
f 2096/1344/1880 1782/1757/2597 32/2238/82 2562/1345/1881
f 1882/260/2475 2306/1411/3115 2450/845/3170 2302/30/2476
f 2643/1171/2542 2732/1128/2595 2727/1755/2594 2730/8/2543
f 429/220/256 91/234/251 814/215/250 1050/220/257
f 153/701/230 155/222/1373 595/222/823
f 924/769/996 642/266/1417 162/372/1419 580/372/997
f 1312/1091/1622 366/1005/1519 54/1004/1518 1308/1088/1619
f 1194/1026/1550 1196/1326/1868 1181/1109/1644 1154/1112/1647
f 1089/1199/1744 1128/1198/1743 1115/20/22 1119/19/21
f 2884/372/2944 2183/372/2536 2498/372/2928 2216/372/2931
f 2903/1001/3482 2769/2082/3431 1499/759/1785 2900/2128/3491
f 2103/537/2726 1784/572/2347 3278/2237/2848 3290/2236/2842
f 1734/1820/2731 3219/1860/2838 3273/1811/2715 1949/1873/2863
f 457/595/704 986/591/696 3224/2235/1539 3248/2234/678
f 1499/2239/1785 2717/2088/3448 3297/2134/3495 3301/2229/3486
f 3122/2160/3519 3305/2220/3608 3298/2154/3513 2925/2135/3496
f 12/1443/2004 298/673/805 3227/1126/1659 3253/649/781
f 817/32/34 3254/1420/1978 3245/509/609 453/174/176
f 3122/2160/3519 2993/914/2757 3209/2221/3530 3305/2220/3608
f 1948/1886/2878 1694/675/2733 3270/1879/2870 3283/2208/3594
f 3405/1057/1587 3552/2218/3607 3255/2219/1661 514/1058/467
f 3114/125/3569 3238/1352/1888 3266/2150/3509 2991/2190/3570
f 3111/1511/3535 2984/1557/3575 3315/2192/3574 3311/2202/3587
f 3059/2217/3606 3060/2172/3533 3314/2171/3532 3203/2216/3605
f 3058/2215/3604 3059/2217/3606 3203/2216/3605 3313/2214/3603
f 3057/2213/3602 3058/2215/3604 3313/2214/3603 3312/2212/3600
f 57/375/414 301/327/356 3242/326/355 3222/530/630
f 3101/2188/3566 3303/2191/3573 3309/2180/3552 2987/2194/3577
f 3056/2211/3599 3057/2213/3602 3312/2212/3600 3316/2210/3598
f 3055/1670/3562 3056/2211/3599 3316/2210/3598 3221/2207/3593
f 3020/2174/3541 3210/2199/3584 3226/2186/3563 3090/2174/3542
f 3024/2166/3550 3306/2196/3579 3220/1555/2141 3094/2179/3551
f 2773/1881/2871 1948/1886/2878 3283/2208/3594 3282/2014/3334
f 3054/1576/2183 3055/1670/3562 3221/2207/3593 3236/2205/3591
f 3054/1576/2183 3236/2205/3591 3307/2187/3564 3044/953/2184
f 3098/2158/3517 3014/2157/3516 3202/2152/3512 3311/2202/3587
f 3070/2174/3588 3308/2182/3555 3210/2199/3584 3020/2174/3541
f 3073/2166/3528 3267/2193/3576 3306/2196/3579 3024/2166/3550
f 2983/2167/3529 3315/2192/3574 3267/2193/3576 3073/2166/3528
f 3015/1701/2483 3106/1700/2482 3303/2191/3573 3304/2169/3531
f 3090/2174/3542 3226/2186/3563 3307/2187/3564 3043/954/3536
f 1781/1856/2831 3274/1708/2501 3288/2013/3333 1956/1850/2808
f 2987/2194/3577 3309/2180/3552 3308/2182/3555 3070/2174/3588
f 3053/2197/3581 3314/2171/3532 3310/1554/2140 3040/1557/2143
f 2993/914/2757 3015/1701/2483 3304/2169/3531 3209/2168/3530
f 2925/2135/3496 3298/2154/3513 3260/2015/3335 2771/2117/3483
f 1499/2022/1785 2652/525/624 3265/524/623 3292/2153/3464
f 2991/2190/3570 3266/2150/3509 3202/2152/3512 3014/2157/3516
f 2754/1397/3466 3280/2149/3485 3302/2092/3450 3124/2094/3452
f 1096/1135/1667 1097/1137/1669 3269/1331/1873 3259/1361/1904
f 2768/2081/3430 3231/2107/3470 3297/2134/3495 2717/2088/3448
f 2741/1326/1916 3201/2124/3488 3296/523/622 2739/526/625
f 2738/1327/3426 3295/2118/3484 3201/2124/3488 2741/1326/1916
f 2713/2035/3366 3294/2110/3473 3291/2104/3468 2711/1196/3396
f 2736/1396/3465 3295/2118/3484 3280/2120/3485 2754/2240/3466
f 2403/32/2499 3199/1706/2498 3294/2110/3473 2713/2035/3366
f 2926/1354/1890 3299/1353/1889 3231/2107/3470 2768/2081/3430
f 2711/1196/3396 3291/2104/3468 3239/2105/3444 2710/1296/3433
f 2910/1184/3457 3252/2099/3456 3292/2103/3464 2911/1183/3382
f 2907/2017/3337 2908/1333/3463 3252/2099/3456 3206/2018/3338
f 2691/2096/3455 2707/1292/3434 3293/2085/3445 3302/2092/3450
f 2756/1229/3399 2750/2093/3451 3293/2085/3445 3239/2084/3444
f 2636/1032/1557 3317/2043/3373 3271/2044/2584 1944/51/2533
f 2104/517/1559 3284/2024/3343 3317/2042/3373 2636/1032/1557
f 2629/131/2588 3275/2010/3327 3230/2012/3332 1959/90/92
f 1976/571/2346 1733/568/2286 3284/2024/3343 3276/2023/2847
f 2771/2117/3483 3260/2015/3335 3206/2018/3338 2698/1378/3458
f 2773/1881/2871 3282/2014/3334 3281/445/493 1695/1181/1725
f 1959/90/92 3230/2012/3332 3288/2013/3333 2561/87/89
f 1942/1733/2557 3300/1728/2548 3275/2010/3327 2629/131/2588
f 2138/561/2383 3215/1895/1579 3268/1896/1542 1799/560/2384
f 1694/675/2733 1946/673/2251 3272/1729/2549 3270/1879/2870
f 2539/534/3345 2137/533/3348 3286/1876/2442 3214/1875/2823
f 2550/534/1544 2130/590/3350 3287/1872/2444 3228/1871/1545
f 1976/569/2346 3276/1867/2847 3278/1868/2848 1784/1646/2347
f 2105/561/2440 3289/1865/2439 3277/1866/1580 1790/560/2843
f 2559/112/2860 2110/590/2862 3207/1863/2825 3290/1862/2842
f 2595/447/495 2023/1085/2479 3219/1860/2838 3200/444/492
f 2539/534/3345 3214/1852/2823 3207/1853/2825 2110/590/2862
f 1949/1873/2863 3273/1811/2715 3229/1266/1807 1697/328/3328
f 2637/1267/1809 1944/51/2533 3271/1748/2584 3208/1265/1806
f 1942/1733/2557 2640/1732/2556 3272/1729/2549 3300/1728/2548
f 2712/511/3460 3199/1706/2498 3274/1708/2501 1781/1856/2831
f 2545/1561/2154 3285/1690/681 3287/1692/2444 2130/590/3350
f 2558/534/2841 3289/1688/2439 3286/1689/2442 2137/533/3348
f 3039/2167/3534 3094/2179/3551 3220/1555/2141 3310/1554/2140
f 1136/1293/1832 1168/1308/1847 3234/1358/1895 3264/1290/1829
f 508/534/1553 3204/1474/830 3279/1475/727 991/533/1552
f 1682/1133/1665 1680/1335/1877 3256/1357/1894 3235/1134/1666
f 1684/1142/1674 1683/1132/1664 3263/1131/1663 3218/1362/1905
f 1161/31/33 3261/1405/1953 3254/1420/1978 817/32/34
f 1211/1228/1769 1210/1418/1977 3261/1405/1953 3205/1340/1878
f 1676/1422/1980 1684/1142/1674 3218/1362/1905 3259/1361/1904
f 1680/1335/1877 1212/1506/1946 3234/1358/1895 3256/1357/1894
f 3114/125/3569 2923/2062/3392 3299/1353/1889 3238/1352/1888
f 1214/1229/1770 1211/1228/1769 3205/1340/1878 3258/1339/1870
f 1086/1312/1668 3257/1314/1853 3269/1331/1873 1097/1137/1669
f 1158/1296/1835 1155/1292/1831 3262/1291/1830 3258/1328/1870
f 1669/1403/1951 1206/1329/1871 3262/1291/1830 3264/1290/1829
f 1945/1749/2586 1697/328/3328 3229/1266/1807 3208/1265/1806
f 1369/1442/2003 3263/1131/1663 3235/1134/1666 1368/1165/1707
f 13/328/357 297/1003/1513 3241/72/73 3216/325/354
f 14/1002/466 514/427/467 3255/1129/1661 3240/69/71
f 298/673/805 10/675/807 3232/945/1452 3227/1126/1659
f 2138/560/2383 1790/561/2843 3277/1053/1580 3215/1052/1579
f 1799/561/2384 3268/1021/1542 3228/1022/1545 2119/560/2859
f 484/505/710 3224/1016/1539 3225/1018/730 128/1691/729
f 1062/131/134 317/130/133 3237/974/1486 3251/648/780
f 1237/677/809 11/153/157 3233/973/1485 3213/952/1465
f 1001/87/597 3217/508/608 3237/974/1486 317/130/133
f 1033/1084/1615 293/495/578 3233/973/1485 3196/531/631
f 1075/11/13 3223/944/1451 3213/952/1465 1245/494/577
f 1075/11/13 292/14/16 3232/945/1452 3223/944/1451
f 508/534/1553 976/533/801 3211/699/800 3204/698/830
f 500/561/831 3211/667/800 3250/668/659 123/560/662
f 312/985/1494 12/1443/2004 3253/649/781 3251/648/780
f 499/534/720 980/533/723 3249/617/713 3246/616/731
f 998/533/634 499/534/720 3246/612/731 3197/611/660
f 991/533/1552 3279/608/727 3225/610/730 488/1017/695
f 980/533/723 463/113/116 3212/605/636 3249/604/713
f 457/595/704 3248/581/678 3285/583/681 2545/1561/2154
f 992/1034/1560 3198/570/666 3244/573/559 471/482/558
f 992/1034/1560 456/517/617 3247/567/667 3198/566/666
f 479/534/635 998/533/634 3197/559/660 3250/558/659
f 463/113/116 999/112/115 3243/536/557 3212/535/636
f 377/1085/1616 1033/1084/1615 3196/531/631 3222/530/630
f 2745/1216/2041 2650/1024/2040 3265/524/623 3296/523/622
f 1001/87/597 453/174/176 3245/509/609 3217/508/608
f 455/1819/637 3243/481/557 3244/483/559 111/1646/670
f 2017/152/1726 1695/1181/1725 3281/445/493 3200/444/492
f 295/1130/1662 1068/1127/1660 3242/326/355 3216/325/354
f 14/1002/466 3240/69/71 3241/72/73 297/1003/1513
f 1939/37/2532 1690/42/2684 3359/2232/2570 3320/2231/2564
f 1173/108/112 3341/2224/1929 3318/2225/1653 1174/109/113
f 2099/86/2596 2564/1855/2829 3336/1851/2812 3363/2040/3369
f 2664/962/2563 3383/2086/3446 3327/2113/3478 2897/1321/3449
f 1090/82/1923 2897/1321/3449 3327/2113/3478 3319/1379/1921
f 2700/1297/3432 2690/1319/3435 3337/2102/3384 3381/2101/3453
f 2701/1157/3380 3331/2053/3379 3381/2095/3453 2653/1254/3438
f 2686/1240/2019 3380/2087/3447 3385/2063/3394 2685/1239/3420
f 2695/1238/2022 3383/2086/3446 3380/2087/3447 2686/1240/2019
f 2687/1295/3454 2685/1239/3420 3385/2063/3394 3379/2055/3385
f 2690/1298/3435 2687/1295/3454 3379/2055/3385 3337/2054/3384
f 2642/34/3367 2720/1195/3397 3331/2053/3379 3382/2052/1631
f 2019/41/2683 1735/324/2478 3361/2046/2710 3360/2045/2567
f 1925/33/2629 3378/2039/1634 3363/2040/3369 1780/175/2630
f 2624/968/2622 3377/1015/1536 3376/1667/2397 1967/1415/1974
f 2111/1616/2254 1748/1033/1558 3372/1869/2857 3321/1864/2844
f 2139/1861/2868 3367/1643/2335 3370/1697/2466 1800/1861/3344
f 2132/2026/3346 3368/1435/1993 3330/1552/2138 1797/2026/3347
f 2053/362/395 3351/361/394 3372/1869/2857 1748/1033/1558
f 2123/2026/3349 3369/1698/2469 3373/1117/1652 1796/588/1651
f 2554/1036/2845 2114/1011/1524 3364/1074/1605 3321/1864/2844
f 1953/1072/1603 3344/1071/1602 3366/1436/1994 1787/588/2861
f 2109/1861/2839 3329/1553/2139 3365/1642/2332 1792/1861/2840
f 2564/1855/2829 1958/1007/2614 3374/191/190 3336/1851/2812
f 1937/1303/1311 3362/1807/1310 3361/1808/2710 1735/189/2478
f 2772/689/2886 3333/1767/1565 3324/1768/1313 1687/1302/1312
f 2019/190/2683 3360/1739/2567 3359/1741/2570 1690/198/2684
f 2639/1913/2985 1938/2230/2752 3358/363/397 3320/1737/2564
f 1800/1861/3344 3370/1697/2466 3369/1698/2469 2123/2026/3349
f 1967/1415/1974 3376/1667/2397 3375/192/191 2625/1416/1975
f 1792/1861/2840 3365/1642/2332 3367/1643/2335 2139/1861/2868
f 1797/2026/3347 3330/1552/2138 3329/1553/2139 2109/1861/2839
f 2132/2026/3346 1787/588/2861 3366/1436/1994 3368/1435/1993
f 2522/1038/1563 3322/1409/1562 3326/1013/1533 1966/969/3323
f 1149/1157/1697 3356/1311/1851 3341/1385/1929 1173/108/112
f 1171/986/1495 1138/1238/1778 3357/1244/1782 3384/1380/1922
f 1135/978/1488 1171/986/1495 3384/1380/1922 3319/1379/1921
f 1094/1286/1792 3354/1285/1825 3356/1311/1851 1149/1157/1697
f 1129/1239/1779 3355/1252/1790 3325/1245/1783 1130/1240/1780
f 1134/2083/1837 1148/1297/1836 3354/1285/1825 3335/1161/1703
f 1129/1239/1779 1131/1295/1834 3386/1164/1706 3355/1252/1790
f 1138/1238/1778 1130/1240/1780 3325/1245/1783 3357/1244/1782
f 1134/2083/1837 3335/1161/1703 3386/1164/1706 1131/1295/1834
f 451/86/88 1174/109/113 3318/1118/1653 3328/1045/1570
f 2546/579/2851 3371/1020/1541 3373/1117/1652 2127/1437/2849
f 2642/1194/3367 3382/1096/1631 3378/1098/1634 1925/176/2629
f 2555/1012/1527 3344/1071/1602 3364/1074/1605 2114/1011/1524
f 447/88/596 3353/1008/1521 3328/1045/1570 107/175/177
f 1929/12/1965 3322/1037/1562 3333/1040/1565 2772/159/2886
f 138/532/744 478/587/685 3334/586/684 3349/615/742
f 483/592/697 3332/577/674 3371/1020/1541 2546/579/2851
f 1966/969/3323 3326/1013/1533 3377/1015/1536 2624/968/2622
f 462/532/633 3345/539/639 3348/607/726 133/532/721
f 24/133/136 3342/1006/1520 3353/1008/1521 447/88/596
f 2596/990/2127 3362/879/1310 3324/880/1313 1928/1753/2591
f 507/365/1547 977/365/399 3323/364/398 3349/615/742
f 498/365/1531 981/365/641 3347/540/640 3348/607/726
f 485/580/677 990/1023/1546 3334/586/684 3340/578/675
f 131/588/686 487/575/672 3339/574/671 3340/578/675
f 987/579/676 3339/574/671 3332/577/674 483/592/697
f 994/1036/1561 3350/551/652 3338/548/649 469/547/648
f 308/115/118 3343/545/646 3338/548/649 118/553/654
f 460/541/642 995/546/647 3343/545/646 3346/542/643
f 492/532/722 3347/540/640 3346/542/643 116/114/117
f 476/365/400 997/365/1530 3345/539/639 3352/366/401
f 501/532/743 3323/364/398 3352/366/401 126/532/632
f 2580/1780/2660 3351/361/394 3358/363/397 1938/2230/2752
f 1958/1007/2614 2625/1416/1975 3375/192/191 3374/191/190
f 56/568/668 3247/567/667 3552/2218/3607 3405/1057/1587
f 2811/204/2016 3549/204/2015 3514/204/2658 2082/204/2791
f 801/807/1070 3471/806/1069 3470/804/1067 217/705/1066
f 1279/1843/3601 3407/473/537 3477/1449/2009 1486/885/1324
f 1269/204/200 1466/204/591 3481/204/1334 3425/204/261
f 1288/780/1014 1309/779/1013 3396/2033/273 3479/1797/280
f 718/266/1142 231/748/1145 3473/844/1225 3485/897/1336
f 884/706/1375 799/909/1358 3409/908/1357 3391/802/1064
f 1317/296/327 1287/49/51 3450/1092/1623 3489/294/325
f 665/221/229 197/200/228 3446/1903/994 3415/932/1425
f 815/227/568 3478/902/1354 3504/1450/2010 82/488/569
f 2368/1969/3208 2453/30/2477 3441/1959/3144 3526/827/3209
f 3247/567/667 456/517/617 3422/516/616 3552/2218/3607
f 2385/1659/2376 2470/706/3096 3455/802/3106 3439/1990/3265
f 1980/1324/1864 2617/219/2636 3417/627/3363 3546/2162/3524
f 350/314/345 3443/387/427 3507/229/244 1052/618/745
f 2967/1532/3223 2086/1529/2522 3438/480/2521 3532/2165/3222
f 2868/875/3500 3403/902/3256 3546/2162/3524 1714/1774/2640
f 437/1529/2099 3399/480/546 3429/474/538 1476/1530/2100
f 962/637/765 321/969/1481 3431/2059/3390 3461/2144/820
f 403/734/1001 3413/767/500 3469/1620/993 659/743/1000
f 1720/2038/3368 3511/1775/2641 3419/204/3234 2870/204/3260
f 4/672/804 362/671/421 3497/1809/1598 3503/2131/451
f 3/1302/163 289/1303/353 3460/2091/352 3404/2090/160
f 32/968/82 3521/2058/2038 3431/2059/3390 321/969/1481
f 2626/145/2026 3509/1115/2025 3457/1116/1650 363/144/148
f 2617/219/2636 2003/397/2635 3539/629/2722 3417/627/3363
f 1737/380/2280 3543/1070/2711 3545/2033/3360 2838/1452/2281
f 2838/249/2281 3545/246/3360 3515/254/2697 2833/255/3250
f 1989/354/2716 3517/1065/2723 3540/1746/2581 1686/353/2583
f 2818/1982/3243 3427/1844/2789 3520/1449/2795 2973/884/2728
f 2519/745/2952 3538/768/2951 3536/932/3306 1837/260/2772
f 1880/823/3151 2304/266/3147 3535/897/3275 3440/1622/2273
f 2452/263/3146 3535/897/3275 3428/897/2457 2329/263/2460
f 2439/771/3186 2271/1974/3227 3395/1991/3267 3534/1964/3182
f 2271/1974/3227 2407/1660/2377 3531/910/3264 3395/1991/3267
f 2407/1660/2377 2385/1659/2376 3439/1990/3265 3531/910/3264
f 2787/178/3231 3529/1156/3251 3403/902/3256 2868/875/3500
f 1777/27/535 2952/204/534 3528/204/2018 3513/1983/3244
f 2401/227/2817 3530/1156/1696 3529/1156/3251 2787/178/3231
f 2437/30/2459 3533/1695/2458 3513/1983/3244 2092/439/2815
f 2801/204/3203 3519/204/3237 3394/204/2657 1992/204/2659
f 2870/204/3260 3419/204/3234 3519/204/3237 2801/204/3203
f 2968/853/3211 2282/852/2258 3449/851/2257 3532/1972/3222
f 2387/807/3022 1866/705/3108 3523/804/3107 3448/806/3110
f 2301/266/2406 3527/897/2276 3526/827/3209 1910/769/2403
f 2439/771/3186 3534/1964/3182 3525/1695/3172 2327/30/3171
f 2305/757/3139 3412/827/3152 3525/1695/3172 1893/1061/2447
f 2302/30/2476 2450/845/3170 3412/827/3152 3524/1960/3145
f 2453/30/2477 2302/30/2476 3524/1960/3145 3441/1959/3144
f 2469/344/2993 2382/1915/2992 3420/1617/2260 3448/806/3110
f 2470/706/3096 2272/1971/3221 3523/804/3107 3455/802/3106
f 2010/200/2953 2484/260/2961 3522/1620/3610 3418/1904/2954
f 2252/200/3304 3538/1903/2951 3418/1904/2954 1848/221/3005
f 685/873/1293 853/771/1192 3389/840/1191 3392/1309/1848
f 2780/412/1936 3411/413/2488 3432/1892/2582 2635/1389/1937
f 2973/884/2728 3520/1449/2795 3512/1079/1693 1757/226/2729
f 2966/2027/3356 3537/1720/2524 3427/1844/2789 2818/1982/3243
f 2231/745/2811 3518/1833/2763 3402/1621/2270 1749/261/2691
f 2856/256/2810 3447/253/2696 3518/1831/2763 2231/203/2811
f 2587/1799/2699 2000/888/1327 3421/887/1326 3516/1798/2698
f 2012/381/771 1688/642/770 3542/1818/2489 3426/1817/2712
f 1729/628/2816 3539/629/2722 3517/1815/2723 1989/776/2716
f 1737/248/2280 2012/671/771 3426/1809/2712 3543/247/2711
f 1069/55/57 278/1068/56 3406/1067/1593 3423/1800/827
f 1931/1823/2738 1704/401/2746 3541/619/2024 3516/1798/2698
f 2856/1059/2810 2833/1451/3250 3515/1797/2697 3447/1401/2696
f 2610/204/2809 2082/204/2791 3514/204/2658 3394/204/2657
f 1720/2038/3368 1993/439/3294 3437/890/1329 3511/1775/2641
f 1926/54/2579 2635/1389/1937 3432/1747/2582 3540/1746/2581
f 851/285/1200 3398/895/1333 3400/896/1335 743/286/1196
f 1722/479/3361 3438/480/2521 3537/1720/2524 2966/2027/3356
f 2780/412/1936 1927/1816/2724 3542/1703/2489 3411/693/2488
f 1891/266/3148 2266/27/3185 3533/1695/2458 3428/897/2457
f 1880/823/3151 3440/1622/2273 3527/897/2276 2301/266/2406
f 1749/260/2691 3402/1620/2270 3522/1621/2272 2484/261/2742
f 2410/1970/3216 3449/851/2257 3420/1617/2260 2382/1915/2992
f 782/30/1363 3484/822/1251 3486/822/1131 867/30/1114
f 1704/401/2746 1963/402/2510 3509/1115/2025 3541/619/2024
f 2804/204/2294 3549/204/2015 3528/204/2018 2952/204/534
f 1486/885/1324 3477/1449/2009 3504/1450/2010 427/233/248
f 1324/1501/2065 3387/1401/279 3424/932/501 1014/221/1578
f 821/463/1294 685/873/1293 3392/1309/1848 3475/910/1359
f 1757/226/2729 3512/1079/1693 3530/1156/1696 2401/227/2817
f 320/402/441 3544/1115/1649 3457/1116/1650 19/1715/2509
f 28/401/440 3500/619/750 3544/1115/1649 320/402/441
f 1340/216/220 3442/902/1345 3505/1079/1610 330/217/221
f 1306/48/50 3491/996/1507 3450/1092/1623 1287/49/51
f 1055/219/225 330/217/221 3505/1079/1610 3502/627/756
f 1028/367/402 3497/1069/1598 3410/1070/274 378/368/403
f 339/776/387 2/353/386 3406/1067/1593 3464/1066/1592
f 51/355/388 339/354/387 3464/1065/1592 3501/1064/757
f 56/568/668 3405/1057/1587 3462/423/464 369/406/445
f 366/1005/1519 3430/997/1508 3498/994/1506 970/651/784
f 1312/1091/1622 3491/996/1507 3430/997/1508 366/1005/1519
f 970/651/784 3498/994/1506 3463/422/463 532/424/459
f 244/773/1364 3408/841/1194 3474/827/1146 719/913/1365
f 159/743/1411 3493/933/1426 3452/741/947 587/742/949
f 1012/861/1449 3496/970/860 3401/972/1463 190/860/1464
f 674/798/526 195/464/525 3393/965/1473 3468/926/1413
f 195/870/525 957/871/528 3414/961/527 3393/960/1473
f 153/971/230 418/782/2059 3445/951/758 3401/950/1463
f 179/734/1434 615/743/1445 3499/740/946 3433/935/1435
f 404/270/301 3488/930/1420 3490/295/326 1041/267/298
f 592/799/1055 3487/925/1412 3397/752/968 926/261/1439
f 907/717/920 3494/738/940 3433/935/1435 614/717/909
f 665/221/229 3415/932/1425 3493/933/1426 159/743/1411
f 938/726/958 3453/746/957 3466/738/941 562/717/919
f 652/270/1406 3495/922/1405 3488/930/1420 404/270/301
f 592/799/1055 674/798/526 3468/926/1413 3487/925/1412
f 358/200/987 899/763/986 3495/922/1405 3451/713/858
f 216/912/1361 3409/908/1357 3475/910/1359 808/874/1302
f 1051/217/249 3478/902/1354 3476/903/1346 1263/216/1273
f 1343/204/561 3434/204/1348 3480/204/1314 1260/204/1350
f 336/204/562 3508/232/247 3434/204/1348 1343/204/561
f 1340/216/220 1263/216/1273 3476/903/1346 3442/902/1345
f 743/286/1196 3400/896/1335 3485/897/1336 866/755/1135
f 1466/204/591 103/27/1029 3416/894/1332 3481/204/1334
f 443/758/1299 3416/894/1332 3398/895/1333 851/285/1200
f 1723/1822/2737 3421/887/1326 3437/890/1329 1993/439/3294
f 1260/204/1350 3480/204/1314 3458/204/266 1048/204/1349
f 1482/478/544 3483/477/543 3482/851/1253 696/852/1254
f 824/862/1281 796/343/1280 3472/805/1068 3482/851/1253
f 782/30/1363 836/845/1227 3390/827/1226 3484/822/1251
f 231/748/1145 715/266/1144 3390/827/1226 3473/844/1225
f 738/820/1127 3389/840/1191 3408/841/1194 244/773/1364
f 719/913/1365 3474/827/1146 3444/821/1130 232/823/1133
f 716/749/1115 867/30/1114 3486/822/1131 3444/821/1130
f 796/343/1280 883/344/1374 3471/806/1069 3472/805/1068
f 884/706/1375 3391/802/1064 3470/804/1067 686/697/1376
f 659/743/1000 3469/767/993 3446/768/994 197/200/228
f 610/747/959 926/261/1439 3397/752/968 3467/738/956
f 84/742/965 613/734/936 3453/746/957 3467/738/956
f 587/742/949 3452/741/947 3388/738/945 74/743/950
f 74/743/950 3388/738/945 3499/740/946 615/743/1445
f 537/737/944 3494/738/940 3466/738/941 1348/737/939
f 358/200/987 3451/713/858 3496/715/860 1012/893/1449
f 153/2241/230 3454/702/470 3465/703/759 1361/775/2060
f 1242/983/1491 3435/693/454 3423/694/827 533/984/385
f 1251/638/766 962/637/765 3461/687/820 3506/686/161
f 418/782/2059 1361/775/2060 3465/631/759 3445/630/758
f 1055/219/225 3502/627/756 3501/629/757 353/397/436
f 1025/313/344 388/1114/1648 3500/619/750 3436/384/424
f 1070/52/54 3422/516/616 3548/519/468 402/53/55
f 1481/863/1282 3483/477/543 3399/480/546 437/1529/2099
f 1279/1843/3601 1476/1530/2100 3429/474/538 3407/473/537
f 153/433/230 416/959/1472 3414/467/527 3492/466/471
f 403/734/1001 1014/221/1578 3424/452/501 3413/451/500
f 953/712/828 3454/432/470 3492/434/471 639/711/529
f 8/1722/40 402/53/55 3548/429/468 3547/428/37
f 142/995/446 369/406/445 3462/423/464 3463/422/463
f 4/642/804 3503/410/451 3435/413/454 1242/732/1491
f 1025/313/344 3436/384/424 3443/387/427 350/314/345
f 376/1086/1617 1034/990/1498 3460/322/352 3510/321/188
f 1331/931/1422 1041/267/298 3490/295/326 3489/294/325
f 1324/1501/2065 1288/780/1014 3479/254/280 3387/253/279
f 1309/779/1013 378/368/403 3410/247/274 3396/246/273
f 433/204/263 1048/204/1349 3458/204/266 3459/204/264
f 1269/204/200 3425/204/261 3459/204/264 96/204/201
f 1052/618/745 3507/229/244 3508/232/247 336/204/562
f 1073/1105/1641 288/1104/1640 3456/197/41 3550/196/38
f 1072/1106/1642 376/1086/1617 3510/188/188 3551/187/42
f 280/989/1497 1251/638/766 3506/158/161 3404/157/160
f 288/1104/1640 1072/1106/1642 3551/40/42 3456/39/41
f 290/431/469 1073/1105/1641 3550/36/38 3547/35/37
f 3577/1723/3611 3554/1723/3342 3595/1723/3612 3618/1723/3613
f 3557/27/3614 3564/372/2906 3605/372/3615 3598/27/3616
f 3558/455/3274 3573/372/2653 3614/372/3617 3599/455/3618
f 3576/266/3619 3569/372/3177 3610/372/3620 3617/266/3621
f 3578/260/3622 3567/755/3623 3608/755/3624 3619/260/3625
f 3589/204/2750 3587/1826/2749 3628/1826/3626 3630/204/3627
f 3574/372/2652 3571/372/3628 3612/372/3629 3615/372/3630
f 3560/27/2677 3582/30/2676 3623/30/3631 3601/27/3632
f 3591/460/3633 3584/1842/3634 3625/1842/3635 3632/460/3636
f 3575/372/3637 3571/372/3638 3612/372/3639 3616/372/3639
f 3565/374/3640 3556/372/3641 3597/372/3642 3606/374/3643
f 3554/1723/3342 3562/280/3341 3603/280/3644 3595/1723/3612
f 3568/1558/3645 3577/1723/3611 3618/1723/3613 3609/1558/3646
f 3580/372/2393 3570/372/2392 3611/372/3647 3621/372/3648
f 3585/1981/3649 3591/460/3633 3632/460/3636 3626/1981/3650
f 2481/266/2994 2243/372/2997 3569/372/3177 3576/266/3619
f 2484/260/3651 3522/1620/3651 3593/1620/3652 3578/260/3653
f 2064/374/2756 1755/372/2755 3556/372/3641 3565/374/3640
f 1755/372/2755 2060/372/2610 3563/372/3654 3556/372/3641
f 2358/372/3196 1899/455/3051 3558/455/3274 3572/372/3655
f 2461/372/2739 2336/372/2739 3571/372/3638 3575/372/3637
f 2954/1826/2748 2970/1711/2504 3590/1711/3296 3587/1826/2749
f 2485/450/2146 2242/1558/2145 3568/1558/3645 3579/450/3297
f 2807/1981/3242 2974/460/2730 3591/460/3633 3585/1981/3649
f 2576/373/2765 2064/374/2756 3565/374/3640 3581/373/2905
f 2087/1709/2739 2955/1710/2739 3588/1710/3656 3566/1709/3657
f 2600/30/32 2058/263/2690 3561/263/2693 3582/30/2676
f 2434/372/2651 2336/372/3193 3571/372/3628 3574/372/2652
f 2242/1558/2145 2483/1723/2996 3577/1723/3611 3568/1558/3645
f 3418/1904/3658 3522/1620/3658 3593/1620/3659 3592/1904/3660
f 2484/260/2961 2241/755/2960 3567/755/3623 3578/260/3622
f 2955/1710/3355 2807/1981/3242 3585/1981/3649 3588/1710/3661
f 2974/460/2730 2806/1842/2787 3584/1842/3634 3591/460/3633
f 1919/372/1685 2358/372/3196 3572/372/3655 3559/372/1686
f 2806/1842/2787 2810/204/2295 3586/204/3662 3584/1842/3634
f 1756/27/2754 2061/372/2764 3564/372/2906 3557/27/3614
f 2241/755/2960 2481/266/2994 3576/266/3619 3567/755/3623
f 2060/372/2610 1754/913/2612 3555/913/3301 3563/372/3654
f 2810/204/2820 2958/204/533 3589/204/2750 3586/204/3663
f 2483/1723/2996 1750/1723/2539 3554/1723/3342 3577/1723/3611
f 2059/280/2695 1756/27/2754 3557/27/3614 3562/280/3341
f 3611/372/3647 3620/27/3664 3598/450/3616 3605/372/3615
f 3625/1842/3635 3627/204/3665 3630/204/3627 3628/1826/3626
f 3608/755/3624 3617/266/3621 3596/913/3666 3602/263/3667
f 3618/1723/3613 3595/1723/3612 3603/280/3644 3609/1558/3646
f 3601/27/3632 3623/30/3631 3602/263/3667 3596/913/3666
f 3610/372/3620 3621/372/3648 3597/372/3642 3604/372/3668
f 3605/372/3615 3622/373/3669 3606/374/3643 3597/372/3642
f 3629/1710/3670 3626/1981/3650 3632/460/3636 3631/1711/3671
f 3612/372/3629 3600/372/3672 3613/372/3673 3615/372/3630
f 3614/372/3617 3615/372/3630 3613/372/3673 3599/455/3618
f 3608/755/3624 3602/263/3667 3594/260/3674 3619/261/3625
f 3609/1558/3646 3603/280/3644 3598/450/3616 3620/27/3664
f 3610/372/3620 3604/372/3668 3596/913/3666 3617/266/3621
f 3611/372/3647 3605/372/3615 3597/372/3642 3621/372/3648
f 3628/1826/3626 3631/1711/3671 3632/460/3636 3625/1842/3635
f 3571/372/1687 3559/372/1686 3600/372/3672 3612/372/3629
f 3559/372/1686 3572/372/3655 3613/372/3673 3600/372/3672
f 3586/204/3663 3589/204/2750 3630/204/3627 3627/204/3665
f 3556/372/3641 3563/372/3654 3604/372/3668 3597/372/3642
f 3566/1709/3657 3588/1710/3656 3629/1710/3675 3607/1709/3675
f 3555/913/3301 3560/27/2677 3601/27/3632 3596/913/3666
f 3588/1710/3661 3585/1981/3649 3626/1981/3650 3629/1710/3670
f 3563/372/3654 3555/913/3301 3596/913/3666 3604/372/3668
f 3553/260/2692 3578/261/2743 3619/261/3625 3594/260/3674
f 3583/204/3300 3586/204/3299 3627/204/3676 3624/204/3676
f 3587/1826/2749 3590/1711/3296 3631/1711/3671 3628/1826/3626
f 3564/372/2906 3581/373/2905 3622/373/3669 3605/372/3615
f 3572/372/3655 3558/455/3274 3599/455/3618 3613/372/3673
f 3567/755/3623 3576/266/3619 3617/266/3621 3608/755/3624
f 3584/1842/3634 3586/204/3662 3627/204/3665 3625/1842/3635
f 3582/30/2676 3561/263/2693 3602/263/3667 3623/30/3631
f 3573/372/2653 3574/372/2652 3615/372/3630 3614/372/3617
f 3578/260/3653 3593/1620/3652 3634/1620/3677 3619/260/3677
f 3561/263/2693 3553/261/2692 3594/261/3674 3602/263/3667
f 3570/372/2392 3579/450/3297 3620/450/3664 3611/372/3647
f 3579/450/3297 3568/1558/3645 3609/1558/3646 3620/450/3664
f 3562/280/3341 3557/27/3614 3598/27/3616 3603/280/3644
f 3569/372/3177 3580/372/2393 3621/372/3648 3610/372/3620
f 3590/1711/3296 3588/1710/3295 3629/1710/3670 3631/1711/3671
f 3581/373/2905 3565/374/3640 3606/374/3643 3622/373/3669
f 3592/1904/3660 3593/1620/3659 3634/1620/3678 3633/1904/3678
f 948/408/450 929/409/449 392/409/1408 673/408/1453
f 1010/394/1396 1357/938/1459 628/938/1440 660/394/1397
f 951/946/1484 948/408/450 673/408/1453 668/946/1454
f 1009/1046/2741 1355/919/2740 634/919/3679 661/1046/3679
l 932 910
l 2044 932
